0.000000,0.000000
0.000000,0.000000
-1.500000,-2.598076
82.000000,-0.000000
-46.500000,80.540363
72.000000,124.707658
-1143.000000,0.000000
-1531.500000,2652.635812
12215.000000,21157.000614
16636.000000,-0.000000
-3060.000000,5300.075471
11292.500000,19559.183744
16875.000000,-0.000000
-2300.000000,3983.716857
6691.000000,11589.151953
-304.000000,-0.000000
-94.000000,162.812776
-9182.500000,-15904.556540
2495.000000,-0.000000
-13167.500000,22806.779009
3491.000000,6046.589369
3143.000000,-0.000000
8962.000000,-15522.639337
-13676.000000,-23687.526844
-475.000000,0.000000
-4637.000000,8031.519595
3094.000000,5358.965199
18556.000000,-0.000000
-8982.000000,15557.280354
7896.500000,13677.139202
21525.000000,0.000000
9362.500000,-16216.325686
-3804.000000,-6588.721272
-17001.000000,0.000000
-4660.500000,8072.222789
1544.500000,2675.152472
2450.000000,-0.000000
2710.000000,-4693.857689
-12476.500000,-21609.931901
-18378.000000,0.000000
-396.000000,685.892120
-8181.500000,-14170.773682
-2498.000000,0.000000
12862.500000,-22278.503512
5240.500000,9076.812257
15883.000000,-0.000000
12346.000000,-21383.899270
-2428.500000,-4206.285386
346.000000,-0.000000
3424.000000,-5930.541965
-3725.500000,-6452.755284
3143.000000,-0.000000
8718.500000,-15100.884966
-12903.500000,-22349.517595
2326.000000,-0.000000
-588.500000,1019.311900
-4446.500000,-7701.563916
1681.000000,-0.000000
-899.500000,1557.979701
1278.000000,2213.560932
1983.000000,0.000000
3514.500000,-6087.292563
-2986.000000,-5171.903711
-16226.000000,0.000000
-2825.500000,4893.909557
4021.000000,6964.576297
-18722.000000,0.000000
1943.500000,-3366.240745
-1284.500000,-2224.819262
-2537.000000,0.000000
5059.000000,-8762.445035
-8488.000000,-14701.647255
-21868.000000,0.000000
-531.000000,919.718979
915.000000,1584.826489
-19201.000000,0.000000
-4756.500000,8238.499666
820.000000,1420.281662
-341.000000,0.000000
404.500000,-700.614552
13565.000000,23495.269205
135.000000,-0.000000
-3629.000000,6285.612381
-5387.500000,-9331.423726
-16055.000000,0.000000
-12400.500000,21478.296039
-5464.000000,-9463.925613
-19542.000000,0.000000
-9391.500000,16266.555159
4320.500000,7483.325514
-213.000000,0.000000
-14150.000000,24508.518927
-5139.000000,-8901.009100
-15877.000000,0.000000
-13365.000000,23148.859043
-5526.000000,-9571.312763
1977.000000,-0.000000
-8.500000,14.722432
429.000000,743.049796
2199.000000,-0.000000
3876.500000,-6714.294956
-204.000000,-353.338365
19029.000000,-0.000000
-2928.000000,5071.444765
12640.500000,21893.988233
-2669.000000,0.000000
8262.000000,-14310.203772
-7657.500000,-13263.179059
-19032.000000,0.000000
-14252.500000,24686.054135
560.000000,969.948452
2669.000000,-0.000000
-6507.000000,11270.454605
1277.500000,2212.694907
19505.000000,-0.000000
13263.500000,-22973.055886
-653.500000,-1131.895203
346.000000,-0.000000
729.000000,-1262.665039
-13802.000000,-23905.765246
169.000000,0.000000
12344.000000,-21380.435169
-7856.500000,-13607.857170
-3315.000000,0.000000
3706.000000,-6418.980293
4608.500000,7982.156147
-177.000000,0.000000
-13918.500000,24107.549165
-4150.500000,-7188.876877
-18508.000000,0.000000
-1158.000000,2005.714835
5751.500000,9961.890220
16660.000000,-0.000000
3544.500000,-6139.254087
339.500000,588.031249
174.000000,-0.000000
-177.500000,307.439018
-3308.000000,-5729.624071
-19503.000000,0.000000
8638.000000,-14961.454876
5576.000000,9657.915303
-2714.000000,0.000000
1219.000000,-2111.369934
-562.000000,-973.412554
-18854.000000,0.000000
-4713.500000,8164.021481
-8685.500000,-15043.727289
-2.000000,0.000000
-1944.000000,3367.106770
-4712.500000,-8162.289431
19204.000000,-0.000000
-10119.000000,17526.622122
-523.000000,-905.862572
21223.000000,-0.000000
6812.000000,-11798.730101
-8152.500000,-14120.544209
2842.000000,-0.000000
-5880.000000,10184.458749
-13115.500000,-22716.712367
471.000000,-0.000000
5186.000000,-8982.415488
7689.500000,13318.604685
-472.000000,0.000000
-7231.500000,12525.325415
7798.000000,13506.532197
21048.000000,-0.000000
749.000000,-1297.306055
8160.000000,14133.534590
-304.000000,0.000000
-493.500000,854.767074
-2945.000000,-5100.889628
-2325.000000,0.000000
-990.000000,1714.730299
14280.500000,24734.551557
19671.000000,-0.000000
9405.500000,-16290.803871
-5500.500000,-9527.145467
2711.000000,-0.000000
-8313.500000,14399.404389
-714.500000,-1237.550302
18719.000000,-0.000000
4198.500000,-7272.015316
12411.500000,21497.348598
16570.000000,-0.000000
-3921.000000,6791.371216
3048.000000,5279.290861
16745.000000,-0.000000
-4318.500000,7479.861413
12516.500000,21679.213933
16522.000000,-0.000000
5861.500000,-10152.415809
8460.500000,14654.015857
-18812.000000,0.000000
-11652.500000,20182.722035
7317.500000,12674.281784
18848.000000,-0.000000
5094.500000,-8823.932839
4461.000000,7726.678653
-2149.000000,0.000000
-298.500000,517.017166
961.000000,1664.500826
-2329.000000,0.000000
4755.000000,-8235.901590
14075.500000,24379.481142
-2326.000000,0.000000
293.500000,-508.356912
161.000000,278.860180
-2500.000000,0.000000
4842.500000,-8387.456036
3835.500000,6643.280872
-299.000000,0.000000
-13738.000000,23794.913994
-1006.000000,-1742.443112
21997.000000,-0.000000
205.000000,-355.070416
-5871.000000,-10168.870291
-18849.000000,0.000000
347.000000,-601.021630
-8307.000000,-14388.146058
-45.000000,0.000000
356.000000,-616.610087
3441.000000,5959.986829
-19196.000000,0.000000
-6187.500000,10717.064372
8703.000000,15074.038178
-21741.000000,0.000000
8508.000000,-14736.288271
-6436.000000,-11147.478998
-18722.000000,0.000000
-4316.000000,7475.531285
4619.000000,8000.342680
2802.000000,-0.000000
9014.500000,-15613.572005
-13481.000000,-23349.776937
2326.000000,-0.000000
551.000000,-954.359995
-6345.500000,-10990.728399
2197.000000,-0.000000
-7147.000000,12378.967122
6252.000000,10828.781649
18381.000000,0.000000
-4211.000000,7293.665951
4690.000000,8123.318287
-2672.000000,0.000000
174.000000,-301.376841
9120.000000,15796.303365
-18510.000000,0.000000
-4786.500000,8290.461190
-8176.500000,-14162.113428
18679.000000,-0.000000
3852.500000,-6672.725736
12907.500000,22356.445799
352.000000,-0.000000
-11826.500000,20484.098876
3279.000000,5679.394598
298.000000,-0.000000
5498.500000,-9523.681365
61.500000,106.521125
-19026.000000,0.000000
-4920.500000,8522.555999
-13933.000000,-24132.663902
-346.000000,0.000000
3564.500000,-6173.895104
-3438.000000,-5954.790676
-168.000000,0.000000
2206.500000,-3821.770107
-13025.000000,-22559.961769
3144.000000,-0.000000
-8516.000000,14750.144677
-6480.000000,-11223.689233
2027.000000,-0.000000
-1199.500000,2077.594944
-8800.000000,-15242.047107
21175.000000,-0.000000
-1069.000000,1851.562313
-4788.500000,-8293.925292
-18981.000000,0.000000
-8077.500000,13990.640398
12878.500000,22306.216325
16653.000000,-0.000000
4518.500000,-7826.271574
412.500000,714.470958
45.000000,-0.000000
-1187.000000,2055.944309
736.500000,1275.655420
21223.000000,-0.000000
-594.000000,1028.838180
8536.500000,14785.651719
21353.000000,-0.000000
300.500000,-520.481268
-3717.500000,-6438.898877
-16356.000000,0.000000
3154.500000,-5463.754272
-13040.000000,-22585.942531
2797.000000,-0.000000
-8869.000000,15361.558612
-5467.000000,-9469.121765
-168.000000,0.000000
5511.000000,-9545.332001
8046.000000,13936.080798
-647.000000,0.000000
1408.500000,-2439.593562
-887.500000,-1537.195092
3.000000,-0.000000
889.500000,-1540.659193
-1375.500000,-2382.435886
127.000000,-0.000000
-7809.000000,13525.584756
-5956.000000,-10316.094610
-16827.000000,0.000000
-14193.000000,24582.997112
342.500000,593.227402
21476.000000,-0.000000
8369.000000,-14495.533209
-4757.500000,-8240.231717
-18981.000000,0.000000
-7957.000000,13781.928276
3642.000000,6308.129041
16354.000000,-0.000000
3745.000000,-6486.530274
4327.000000,7494.583844
18730.000000,0.000000
252.000000,-436.476804
9112.500000,15783.312984
2667.000000,-0.000000
-4345.000000,7525.760759
-4132.000000,-7156.833937
-19200.000000,0.000000
33.000000,-57.157677
5412.000000,9373.858971
-515.000000,0.000000
-5660.000000,9803.407571
527.000000,912.790776
2976.000000,0.000000
-12637.500000,21888.792081
2948.500000,5106.951806
-18899.000000,0.000000
637.000000,-1103.316364
-8526.500000,-14768.331211
-19200.000000,0.000000
-13231.500000,22917.630260
7450.000000,12903.778516
21699.000000,-0.000000
489.000000,-846.972845
-713.000000,-1234.952226
19375.000000,-0.000000
12902.000000,-22346.919519
-8996.000000,-15581.529065
-2799.000000,0.000000
-3317.500000,5746.078554
12044.500000,20861.685952
-2847.000000,0.000000
1091.500000,-1890.533456
-542.500000,-939.637563
-18378.000000,0.000000
-12814.000000,22194.499048
-4963.000000,-8596.168158
2799.000000,-0.000000
-662.000000,1146.617635
-4029.000000,-6978.432704
2326.000000,-0.000000
9089.500000,-15743.475815
-4049.000000,-7013.073720
2025.000000,-0.000000
8344.500000,-14453.097964
-8904.000000,-15422.180391
21351.000000,-0.000000
19.500000,-33.774991
-5356.500000,-9277.730151
2371.000000,-0.000000
8162.000000,-14136.998691
-9038.500000,-15655.141224
21522.000000,-0.000000
-9307.500000,16121.062891
-6611.000000,-11450.587889
-472.000000,0.000000
-3483.000000,6032.732963
13100.500000,22690.731604
-2.000000,0.000000
-4763.500000,8250.624022
-4726.000000,-8185.672117
174.000000,-0.000000
-3479.500000,6026.670785
12940.500000,22413.603475
-3016.000000,0.000000
962.500000,-1667.098902
9860.000000,17078.020963
-18378.000000,0.000000
-4144.500000,7178.484572
-3673.500000,-6362.688642
2802.000000,-0.000000
7802.000000,-13513.460401
-12539.000000,-21718.185076
2151.000000,-0.000000
7813.500000,-13533.378985
-11870.000000,-20559.443086
-19499.000000,0.000000
148.500000,-257.209545
13203.500000,22869.132838
18677.000000,-0.000000
810.000000,-1402.961154
-1143.000000,-1979.734073
216.000000,-0.000000
-777.500000,1346.669503
-3795.500000,-6573.998840
16874.000000,0.000000
2844.000000,-4925.952497
5149.500000,8919.195634
16700.000000,-0.000000
12325.500000,-21348.392229
-7945.500000,-13762.009692
-21829.000000,0.000000
72.000000,-124.707658
4192.500000,7261.623011
298.000000,-0.000000
-13290.000000,23018.955233
-4636.500000,-8030.653569
2672.000000,-0.000000
8488.500000,-14702.513280
161.000000,278.860180
-645.000000,0.000000
-428.000000,741.317746
-4456.000000,-7718.018399
-2368.000000,0.000000
-9763.500000,16910.878060
622.500000,1078.201628
-18207.000000,0.000000
-4313.000000,7470.335133
4830.500000,8366.671426
-177.000000,0.000000
6045.000000,-10470.247132
13015.500000,22543.507286
-2971.000000,0.000000
-7574.500000,13119.418842
12043.000000,20859.087876
19373.000000,-0.000000
-806.000000,1396.032951
-10004.000000,-17327.436279
22045.000000,-0.000000
-9456.000000,16378.272436
-6626.000000,-11476.568651
-171.000000,0.000000
-2857.000000,4948.469157
8228.500000,14252.180070
-19547.000000,0.000000
-4205.000000,7283.273646
-2943.000000,-5097.425527
-16874.000000,0.000000
-5761.000000,9978.344702
537.000000,930.111284
2633.000000,-0.000000
-14205.000000,24603.781722
-4810.500000,-8332.030410
2628.000000,-0.000000
507.500000,-879.015785
4862.500000,8422.097052
-17001.000000,0.000000
-3542.500000,6135.789986
8259.000000,14305.007620
21178.000000,-0.000000
-7704.500000,13344.585447
7989.500000,13838.219927
-470.000000,0.000000
-524.000000,907.594623
5323.500000,9220.572474
0.000000,-0.000000
-14569.000000,25234.248216
-576.500000,-998.527291
298.000000,-0.000000
-9157.000000,15860.389245
-102.000000,-176.669182
-18848.000000,-0.000000
-4862.500000,8422.097052
-1047.500000,-1814.323221
21479.000000,-0.000000
-8348.000000,14459.160142
-4918.000000,-8518.225872
-16353.000000,0.000000
3198.000000,-5539.098483
-12746.500000,-22077.585619
2498.000000,0.000000
-1177.500000,2039.489826
-9143.500000,-15837.006559
18508.000000,-0.000000
3598.500000,-6232.784831
120.000000,207.846097
-18981.000000,0.000000
-12630.000000,21875.801700
7332.500000,12700.262547
19499.000000,-0.000000
4918.500000,-8519.091897
-10151.000000,-17582.047748
-2669.000000,0.000000
3987.000000,-6905.686570
-8034.500000,-13916.162213
-19159.000000,0.000000
-4800.500000,8314.709902
9463.000000,16390.396792
18680.000000,-0.000000
12564.000000,-21761.486346
-3728.500000,-6457.951436
-470.000000,0.000000
-14788.000000,25613.567342
485.000000,840.044642
2495.000000,-0.000000
-6628.000000,11480.032753
1769.500000,3064.863904
3146.000000,-0.000000
-4560.500000,7899.017708
4725.500000,8184.806091
0.000000,-0.000000
14402.500000,-24945.861756
4583.000000,7937.988851
-3317.000000,0.000000
-8861.500000,15348.568231
4103.500000,7107.470489
174.000000,-0.000000
-14797.000000,25629.155800
-427.500000,-740.451720
472.000000,-0.000000
-8269.000000,14322.328128
8968.500000,15533.897668
-21525.000000,0.000000
1213.000000,-2100.977630
13845.000000,23980.243431
-2022.000000,0.000000
1247.000000,-2159.867357
-1201.000000,-2080.193020
-2196.000000,0.000000
5186.000000,-8982.415488
-9440.000000,-16350.559623
-19328.000000,0.000000
-14400.000000,24941.531629
248.500000,430.414626
21826.000000,-0.000000
8077.500000,-13990.640398
-4267.000000,-7390.660796
2030.000000,-0.000000
77.000000,-133.367912
-218.000000,-377.587076
2146.000000,-0.000000
-12908.500000,22358.177850
4226.500000,7320.512738
-18851.000000,0.000000
1199.000000,-2076.728918
12982.500000,22486.349609
19330.000000,-0.000000
-190.000000,329.089653
-13718.000000,-23760.272978
0.000000,-0.000000
5500.000000,-9526.279442
8408.000000,14563.083190
-19330.000000,0.000000
-4613.500000,7990.816401
-9213.000000,-15957.384090
18851.000000,-0.000000
-4182.000000,7243.436477
11642.000000,20164.535502
-2799.000000,0.000000
-8882.500000,15384.941298
5455.500000,9449.203181
-2154.000000,-0.000000
-1009.000000,1747.639265
14298.000000,24764.862447
19671.000000,-0.000000
1093.000000,-1893.131533
2889.000000,5003.894783
2543.000000,-0.000000
-7081.000000,12264.651768
7719.500000,13370.566209
21348.000000,-0.000000
9169.000000,-15881.173855
-4385.500000,-7595.908817
2374.000000,-0.000000
21.500000,-37.239092
219.000000,379.319127
21004.000000,-0.000000
7157.000000,-12396.287630
-11761.500000,-20371.515573
-17003.000000,0.000000
-4415.000000,7647.004315
8887.500000,15393.601552
2324.000000,-0.000000
-5320.000000,9214.510296
-8203.500000,-14208.878800
21530.000000,-0.000000
7486.000000,-12966.132346
1080.000000,1870.614872
-2.000000,0.000000
9598.500000,-16625.089676
237.500000,411.362067
-21183.000000,0.000000
-8327.000000,14422.787075
4844.000000,8390.054112
16525.000000,-0.000000
12339.000000,-21371.774915
4423.500000,7661.726747
19074.000000,-0.000000
-581.500000,1007.187545
-10214.500000,-17692.032974
21392.000000,-0.000000
-10022.000000,17358.613194
-151.500000,-262.405697
-478.000000,0.000000
-1458.000000,2525.330077
5779.000000,10009.521617
341.000000,-0.000000
-5131.500000,8888.018719
-789.000000,-1366.588087
19376.000000,-0.000000
5126.500000,-8879.358465
2921.000000,5059.320409
18852.000000,-0.000000
995.500000,-1724.256579
-4702.000000,-8144.102897
-16483.000000,0.000000
3331.000000,-5769.461240
-8457.500000,-14648.819705
21474.000000,-0.000000
-9169.000000,15881.173855
-5858.000000,-10146.353631
-19152.000000,0.000000
-106.000000,183.597386
5101.000000,8835.191169
18855.000000,-0.000000
178.500000,-309.171069
7364.500000,12755.688172
21696.000000,-0.000000
-7903.000000,13688.397532
-6002.000000,-10395.768947
-19158.000000,0.000000
-9222.000000,15972.972547
4148.000000,7184.546750
19026.000000,-0.000000
-536.500000,929.245258
-1693.000000,-2932.362017
19203.000000,-0.000000
4713.000000,-8163.155456
-8682.000000,-15037.665111
-21699.000000,0.000000
-618.000000,1070.407399
2073.500000,3591.407349
-19375.000000,-0.000000
3631.000000,-6289.076482
907.000000,1570.970082
2802.000000,-0.000000
-3741.500000,6480.468097
-4874.500000,-8442.881661
2500.000000,-0.000000
9039.500000,-15656.873275
938.000000,1624.663657
0.000000,-0.000000
1245.000000,-2156.403255
8090.000000,14012.291033
-2495.000000,0.000000
5837.000000,-10109.980564
4507.500000,7807.219015
-2673.000000,0.000000
-312.000000,540.399852
1542.500000,2671.688371
-20874.000000,0.000000
537.500000,-930.977309
9558.000000,16554.941619
123.000000,-0.000000
10019.000000,-17353.417041
-3716.500000,-6437.166826
-19325.000000,-0.000000
106.500000,-184.463411
4636.500000,8030.653569
19330.000000,-0.000000
-994.500000,1722.524528
-14537.000000,-25178.822590
177.000000,-0.000000
5618.000000,-9730.661437
-1189.000000,-2059.408410
-22046.000000,0.000000
299.000000,-517.883191
-7625.000000,-13206.887408
-18556.000000,0.000000
-4414.000000,7645.272265
4780.500000,8280.068886
2.000000,-0.000000
14142.500000,-24495.528546
5397.000000,9347.878208
18209.000000,-0.000000
8580.000000,-14860.995929
-89.500000,-155.018547
3013.000000,-0.000000
-11860.500000,20542.988603
2161.500000,3743.827821
343.000000,-0.000000
-2510.000000,4347.447527
12198.000000,21127.555751
15880.000000,-0.000000
4221.500000,-7311.852484
5923.500000,10259.802959
-2625.000000,0.000000
6750.500000,-11692.208977
-3010.000000,-5213.472931
-2202.000000,0.000000
-9495.500000,16446.688443
712.000000,1233.220175
-18677.000000,0.000000
-4715.000000,8166.619558
8475.500000,14679.996620
21651.000000,-0.000000
358.000000,-620.074189
-14045.000000,-24326.653592
-19325.000000,0.000000
11.000000,-19.052559
4106.000000,7111.800616
-2368.000000,0.000000
-8498.500000,14719.833788
-118.000000,-204.381995
475.000000,-0.000000
7687.000000,-13314.274558
-12846.500000,-22250.790699
-18858.000000,0.000000
-7582.500000,13133.275248
8056.000000,13953.401306
-2669.000000,0.000000
4442.000000,-7693.769687
5353.500000,9272.533998
18550.000000,-0.000000
-462.000000,800.207473
9581.500000,16595.644813
47.000000,-0.000000
8921.000000,-15451.625254
5751.000000,9961.024194
19153.000000,-0.000000
8193.500000,-14191.558292
-13308.000000,-23050.132147
-16658.000000,0.000000
-13928.000000,24124.003648
680.000000,1177.794549
-346.000000,0.000000
7570.500000,-13112.490639
6332.000000,10967.345713
-2193.000000,0.000000
46.500000,-80.540363
461.000000,798.475422
-21527.000000,0.000000
-8226.500000,14248.715969
12848.500000,22254.254801
173.000000,-0.000000
-12675.500000,21954.610011
7056.000000,12221.350498
19502.000000,0.000000
-2505.000000,4338.787273
8212.000000,14223.601232
-21826.000000,0.000000
1225.500000,-2122.628265
13886.500000,24052.123539
-2027.000000,0.000000
1288.500000,-2231.747466
-1116.500000,-1933.834727
-2326.000000,0.000000
4575.000000,-7924.132445
-4535.000000,-7854.850412
-2802.000000,0.000000
-9011.500000,15608.375852
12247.000000,21212.426240
19373.000000,-0.000000
275.000000,-476.313972
-1612.000000,-2792.065902
21871.000000,-0.000000
-7187.500000,12449.115179
1774.000000,3072.658133
2022.000000,-0.000000
1082.000000,-1874.078974
256.000000,443.405007
2495.000000,-0.000000
4651.000000,-8055.768306
-4982.500000,-8629.943149
-174.000000,0.000000
4732.500000,-8196.930447
-3405.000000,-5897.633000
-298.000000,0.000000
2826.000000,-4894.775582
-94.500000,-163.678801
19330.000000,-0.000000
4615.000000,-7993.414477
-8499.000000,-14720.699813
-19026.000000,0.000000
-4152.500000,7192.340978
4119.500000,7135.183302
-19376.000000,0.000000
-7939.000000,13750.751361
4213.000000,7297.130052
301.000000,-0.000000
-6137.000000,10629.595806
-12760.000000,-22100.968304
523.000000,-0.000000
4682.000000,-8109.461881
12089.000000,20938.762213
16181.000000,-0.000000
-3438.000000,5954.790676
-87.000000,-150.688420
-21009.000000,0.000000
452.500000,-783.752990
9598.000000,16624.223651
-2329.000000,0.000000
5794.000000,-10035.502379
13247.500000,22945.343073
16705.000000,-0.000000
4723.500000,-8181.341990
177.000000,306.572993
-2327.000000,0.000000
4534.500000,-7853.984387
1254.500000,2172.857738
-21353.000000,-0.000000
8104.000000,-14036.539745
-8182.000000,-14171.639707
-2369.000000,0.000000
4200.000000,-7274.613392
-8429.500000,-14600.322282
-21866.000000,0.000000
-427.000000,739.585695
681.500000,1180.392625
-18900.000000,0.000000
-5183.500000,8978.085361
-12368.500000,-21422.870413
-18548.000000,0.000000
-426.000000,737.853644
-147.500000,-255.477494
-2715.000000,0.000000
4437.000000,-7685.109433
-8019.000000,-13889.315426
-19156.000000,0.000000
2204.500000,-3818.306005
-7103.000000,-12302.756886
19200.000000,-0.000000
3156.500000,-5467.218374
3982.500000,6897.892341
16528.000000,-0.000000
4886.000000,-8462.800246
203.500000,352.472339
-21313.000000,0.000000
983.000000,-1702.605944
12993.000000,22504.536143
16697.000000,-0.000000
-3025.000000,5239.453693
12413.500000,21500.812700
16403.000000,-0.000000
13316.000000,-23063.988554
5854.000000,10139.425428
-2332.000000,0.000000
1211.000000,-2097.513528
8559.500000,14825.488887
-21012.000000,0.000000
-8272.500000,14328.390306
4710.500000,8158.825329
16699.000000,-0.000000
2837.500000,-4914.694166
4279.000000,7411.445406
17049.000000,-0.000000
-3144.500000,5446.433764
6821.500000,11815.184584
-2633.000000,0.000000
5948.000000,-10302.238203
3896.000000,6748.069946
-2631.000000,-0.000000
-8035.500000,13917.894264
11824.000000,20479.768749
17176.000000,-0.000000
-2582.000000,4472.155185
6476.000000,11216.761030
346.000000,-0.000000
-7632.500000,13219.877789
-6198.000000,-10735.250905
2664.000000,-0.000000
487.000000,-843.508743
-5189.500000,-8988.477666
-475.000000,0.000000
5633.500000,-9757.508224
13363.000000,23145.394941
18725.000000,-0.000000
-557.500000,965.618325
-666.000000,-1153.545838
18725.000000,0.000000
-3838.000000,6647.611000
13125.500000,22734.032875
-475.000000,0.000000
3061.500000,-5302.673547
-7497.500000,-12986.050930
3315.000000,-0.000000
-5719.500000,9906.464594
-14140.000000,-24491.198419
-168.000000,0.000000
4615.000000,-7993.414477
4833.000000,8371.001553
-518.000000,-0.000000
4284.500000,-7420.971685
-3018.500000,-5228.195363
-16356.000000,0.000000
-3558.000000,6162.636773
8464.000000,14660.078035
-346.000000,0.000000
-8711.500000,15088.760610
5340.000000,9249.151312
-2664.000000,0.000000
7380.000000,-12782.534960
6492.500000,11245.339868
301.000000,-0.000000
-4842.500000,8387.456036
-4264.000000,-7385.464643
-15708.000000,0.000000
-12122.000000,20995.919889
2562.500000,4438.380194
-518.000000,0.000000
5632.500000,-9755.776174
4766.000000,8254.954149
3.000000,-0.000000
-3790.000000,6564.472561
4499.500000,7793.362609
2.000000,-0.000000
13114.000000,-22714.114291
-3666.000000,-6349.698261
-344.000000,0.000000
-13880.500000,24041.731235
-5308.000000,-9193.725687
-18722.000000,0.000000
-416.000000,720.533136
-8749.500000,-15154.578541
-19246.000000,0.000000
-13668.500000,23674.536463
-3763.000000,-6517.707189
-16351.000000,0.000000
3646.000000,-6315.057244
75.500000,130.769836
18815.000000,-0.000000
4704.500000,-8148.433024
-9580.000000,-16593.046736
-19195.000000,0.000000
-12403.000000,21482.626166
3318.500000,5747.810605
-16877.000000,0.000000
-3611.500000,6255.301492
658.500000,1140.555457
1985.000000,-0.000000
2525.000000,-4373.428289
-6943.500000,-12026.494782
2633.000000,0.000000
-6053.500000,10484.969564
-3253.500000,-5635.227302
-16226.000000,0.000000
-3982.500000,6897.892341
5027.500000,8707.885435
-18899.000000,0.000000
537.000000,-930.111284
1103.000000,1910.452041
-171.000000,0.000000
-84.000000,145.492268
9138.500000,15828.346305
21226.000000,-0.000000
8857.500000,-15341.640028
-797.500000,-1381.310519
21700.000000,-0.000000
-8045.500000,13935.214772
-6614.000000,-11455.784041
2193.000000,0.000000
-866.000000,1499.955999
-9083.500000,-15733.083510
0.000000,-0.000000
-86.000000,148.956369
-29.500000,-51.095499
-2368.000000,0.000000
14602.500000,-25292.271918
1125.000000,1948.557159
-19503.000000,0.000000
3452.500000,-5979.905413
-7701.500000,-13339.389294
298.000000,-0.000000
-8326.500000,14421.921049
7006.500000,12135.613983
349.000000,-0.000000
-8258.500000,14304.141594
-1761.000000,-3050.141472
19026.000000,-0.000000
-4581.500000,7935.390775
-1706.500000,-2955.744703
-473.000000,0.000000
-9395.500000,16273.483363
192.500000,333.419780
2664.000000,-0.000000
-5546.000000,9605.953779
-4584.000000,-7939.720902
349.000000,-0.000000
3881.000000,-6722.089184
-5317.000000,-9209.314144
16007.000000,-0.000000
-4488.500000,7774.310050
-898.500000,-1556.247651
-18809.000000,0.000000
-5805.000000,10054.554938
-9082.000000,-15730.485434
18674.000000,-0.000000
-4173.500000,7228.714045
13050.500000,22604.129064
-123.000000,0.000000
2912.500000,-5044.597977
-7971.000000,-13806.176987
22342.000000,-0.000000
120.500000,-208.712122
-6451.500000,-11174.325785
-470.000000,0.000000
5839.000000,-10113.444665
3458.000000,5989.431693
-523.000000,0.000000
-13144.000000,22766.075815
-5290.000000,-9162.548772
-16181.000000,0.000000
-14141.000000,24492.930470
-976.500000,-1691.347614
21175.000000,-0.000000
-9737.000000,16864.978713
-801.000000,-1387.372697
-123.000000,0.000000
-492.500000,853.035023
3985.500000,6903.088494
19671.000000,-0.000000
1008.000000,-1745.907214
-6465.000000,-11197.708471
517.000000,-0.000000
6325.500000,-10956.087383
-1809.000000,-3133.279911
-2503.000000,0.000000
-1988.000000,3443.317005
6604.000000,11438.463533
-2630.000000,0.000000
-2482.500000,4299.816130
11510.000000,19935.904795
16398.000000,-0.000000
-3105.500000,5378.883783
11392.500000,19732.388825
16398.000000,-0.000000
-2957.000000,5121.674238
11748.000000,20348.132887
-2151.000000,0.000000
-8538.000000,14788.249795
93.000000,161.080725
472.000000,0.000000
755.500000,-1308.564385
3566.000000,6176.493180
-19204.000000,0.000000
787.000000,-1363.123986
-7627.000000,-13210.351509
-21525.000000,0.000000
-473.500000,820.126057
14152.000000,24511.983029
17006.000000,-0.000000
6075.500000,-10523.074681
7497.500000,12986.050930
-2495.000000,0.000000
5586.000000,-9675.235811
-9126.000000,-15806.695670
-19026.000000,0.000000
-4380.500000,7587.248563
-4701.500000,-8143.236872
2453.000000,-0.000000
8643.500000,-14970.981155
-12160.000000,-21061.737820
-17176.000000,0.000000
-5656.500000,9797.345393
1730.500000,2997.313922
-2.000000,0.000000
6885.000000,-11925.169810
-3497.000000,-6056.981674
16708.000000,-0.000000
2982.500000,-5165.841534
-4167.500000,-7218.321740
19200.000000,-0.000000
7315.500000,-12670.817683
-13089.500000,-22671.679046
-18855.000000,0.000000
-277.000000,479.778074
-7644.000000,-13239.796373
-21572.000000,0.000000
8687.000000,-15046.325366
1840.500000,3187.839511
-21217.000000,0.000000
9834.500000,-17033.853667
965.500000,1672.295055
-39.000000,0.000000
8810.000000,-15259.367615
-12962.500000,-22451.708593
-16872.000000,0.000000
-4056.500000,7026.064101
-5289.000000,-9160.816721
-16874.000000,0.000000
-12997.500000,22512.330372
-778.500000,-1348.401554
-515.000000,0.000000
-10029.000000,17370.737549
5620.000000,9734.125538
-168.000000,0.000000
2696.500000,-4670.475003
1780.000000,3083.050437
3143.000000,-0.000000
-4648.000000,8050.572154
-4756.500000,-8238.499666
2676.000000,-0.000000
45.000000,-77.942286
-1760.500000,-3049.275447
21009.000000,-0.000000
-8354.500000,14470.418472
-6056.000000,-10489.299691
-16702.000000,0.000000
-12476.500000,21609.931901
4374.500000,7576.856258
-16699.000000,0.000000
-3952.500000,6845.930817
9286.000000,16083.823799
21313.000000,-0.000000
955.000000,-1654.108521
4379.000000,7584.650486
-16525.000000,0.000000
-2887.500000,5001.296707
5014.500000,8685.368775
-18899.000000,0.000000
776.000000,-1344.071427
-13.500000,-23.382686
301.000000,0.000000
-475.500000,823.590159
-14464.000000,-25052.382880
-298.000000,0.000000
-3407.000000,5901.097101
11344.000000,19648.384361
18207.000000,-0.000000
-818.500000,1417.683586
-8173.500000,-14156.917276
2844.000000,-0.000000
-4962.500000,8595.302133
4649.000000,8052.304204
3143.000000,-0.000000
10213.500000,-17690.300923
-4341.000000,-7518.832556
-645.000000,0.000000
13113.500000,-22713.248265
-3923.500000,-6795.701343
-2844.000000,0.000000
-9216.500000,15963.446268
542.000000,938.771538
-21355.000000,0.000000
7198.000000,-12467.301713
-1408.000000,-2438.727537
-2495.000000,0.000000
7279.000000,-12607.597828
5721.000000,9909.062670
19327.000000,-0.000000
1054.500000,-1826.447577
4576.000000,7925.864495
-16312.000000,0.000000
4766.500000,-8255.820174
1157.000000,2003.982784
18680.000000,-0.000000
13429.500000,-23260.576320
5559.500000,9629.336465
-2669.000000,0.000000
9383.500000,-16252.698753
1685.500000,2919.371636
-18682.000000,0.000000
3362.500000,-5824.020840
-8400.000000,-14549.226783
21178.000000,-0.000000
-10000.000000,17320.508076
-1392.500000,-2411.880750
2673.000000,-0.000000
-14111.000000,24440.968946
-4713.500000,-8164.021481
2842.000000,-0.000000
-1232.500000,2134.752620
521.500000,903.264496
19026.000000,-0.000000
5026.500000,-8706.153384
8634.500000,14955.392698
-2320.000000,0.000000
13617.500000,-23586.201872
-7911.500000,-13703.119964
-177.000000,0.000000
-424.500000,735.255568
-3460.000000,-5992.895794
-19503.000000,0.000000
8486.000000,-14698.183153
5488.500000,9506.360857
-2196.000000,0.000000
-7124.000000,12339.129953
7082.000000,12266.383819
-1849.000000,0.000000
6322.000000,-10950.025206
-1675.500000,-2902.051128
-304.000000,0.000000
-8518.000000,14753.608779
-345.000000,-597.557529
21397.000000,-0.000000
7789.000000,-13490.943740
-582.500000,-1008.919595
19026.000000,-0.000000
4918.000000,-8518.225872
-9645.000000,-16705.630039
-21183.000000,0.000000
-7765.500000,13450.240546
8571.000000,14845.407472
-2332.000000,0.000000
13981.000000,-24215.802341
4237.000000,7338.699272
16398.000000,-0.000000
-3217.500000,5572.873473
12292.500000,21291.234552
16745.000000,-0.000000
5324.000000,-9221.438500
12605.000000,21832.500429
16223.000000,-0.000000
5271.000000,-9129.639807
3734.500000,6468.343741
512.000000,-0.000000
-12010.000000,20801.930199
2246.000000,3890.186114
343.000000,-0.000000
-3471.000000,6011.948353
3231.000000,5596.256159
18375.000000,0.000000
-610.000000,1056.550993
408.500000,707.542755
45.000000,-0.000000
8739.000000,-15136.392008
4755.000000,8235.901590
19021.000000,-0.000000
370.500000,-641.724824
-269.500000,-466.787693
44.000000,-0.000000
-850.500000,1473.109212
4581.500000,7935.390775
19674.000000,0.000000
-8312.000000,14396.806313
2739.000000,4744.087162
0.000000,-0.000000
5553.000000,-9618.078135
-55.500000,-96.128820
-19674.000000,0.000000
-13954.500000,24169.902994
903.000000,1564.041879
-44.000000,0.000000
8207.500000,-14215.807003
807.000000,1397.765002
-19195.000000,0.000000
-11731.500000,20319.554049
7676.500000,13296.088024
2154.000000,-0.000000
-5510.500000,9544.465975
-7518.000000,-13021.557971
2804.000000,-0.000000
3559.000000,-6164.368824
-4357.500000,-7547.411394
-18722.000000,0.000000
645.500000,-1118.038796
-8024.000000,-13897.975680
-21570.000000,0.000000
-724.000000,1254.004785
697.500000,1208.105438
-21051.000000,0.000000
-7560.000000,13094.304105
7320.500000,12679.477937
-2495.000000,0.000000
-2560.500000,4434.916093
12715.000000,22023.026018
18380.000000,-0.000000
8632.500000,-14951.928596
-89.500000,-155.018547
3013.000000,0.000000
-12918.500000,22375.498358
-4791.500000,-8299.121444
174.000000,-0.000000
12813.500000,-22193.633023
4301.500000,7450.416549
18680.000000,-0.000000
-6917.500000,11981.461461
2338.500000,4050.400813
-19325.000000,0.000000
1005.000000,-1740.711062
5238.000000,9072.482130
-50.000000,0.000000
-5037.000000,8724.339918
-3318.000000,-5746.944579
-18674.000000,-0.000000
-1018.000000,1763.227722
5838.500000,10112.578640
18983.000000,-0.000000
7114.500000,-12322.675471
-11955.000000,-20706.667404
-18852.000000,0.000000
728.000000,-1260.932988
9676.000000,16759.323614
-21223.000000,0.000000
655.500000,-1135.359304
1115.000000,1931.236650
-2543.000000,0.000000
13458.000000,-23309.939768
1392.000000,2411.014724
-19154.000000,0.000000
-3514.500000,6087.292563
8251.000000,14291.151213
18851.000000,-0.000000
5318.500000,-9211.912220
4670.000000,8088.677271
-2149.000000,0.000000
9127.000000,-15808.427721
1122.500000,1944.227031
-1678.000000,0.000000
14701.000000,-25462.878922
-740.000000,-1281.717598
-2842.000000,0.000000
6438.500000,-11151.809125
-149.500000,-258.941596
-19199.000000,0.000000
3792.500000,-6568.802688
-11420.000000,-19780.020222
-18900.000000,0.000000
645.500000,-1118.038796
10032.500000,17376.799727
-21868.000000,0.000000
9483.000000,-16425.037808
5252.500000,9097.596867
-2193.000000,0.000000
-8399.500000,14548.360758
-1320.500000,-2287.173091
176.000000,-0.000000
-9414.500000,16306.392328
-975.500000,-1689.615563
-347.000000,0.000000
-8357.000000,14474.748599
8970.500000,15537.361769
-18375.000000,-0.000000
-3048.000000,5279.290862
4594.000000,7957.041410
-47.000000,-0.000000
13665.000000,-23668.474286
-8220.000000,-14237.457638
-19328.000000,0.000000
-13114.500000,22714.980316
8217.500000,14233.127511
19198.000000,-0.000000
4218.000000,-7305.790306
4196.000000,7267.685189
16708.000000,-0.000000
4890.000000,-8469.728449
-1501.000000,-2599.808262
-5.000000,0.000000
1542.000000,-2670.822345
-4758.000000,-8241.097742
-16832.000000,0.000000
-4874.000000,8442.015636
31.000000,53.693575
21657.000000,-0.000000
-201.500000,349.008238
-5359.500000,-9282.926303
2329.000000,-0.000000
1750.000000,-3031.088913
3276.000000,5674.198446
-17350.000000,0.000000
-13036.500000,22579.880353
676.000000,1170.866346
2799.000000,-0.000000
-4819.500000,8347.618867
3394.000000,5878.580441
650.000000,-0.000000
-2457.500000,4256.514860
-1825.000000,-3160.992724
-3148.000000,0.000000
3538.500000,-6128.861783
-3128.500000,-5418.720951
-2799.000000,0.000000
-773.000000,1338.875274
13005.500000,22526.186778
19029.000000,-0.000000
-8821.000000,15278.420174
-1178.500000,-2041.221877
2672.000000,-0.000000
-12908.500000,22358.177850
4224.500000,7317.048637
-18725.000000,0.000000
10095.500000,-17485.918928
1652.000000,2861.347934
-21570.000000,-0.000000
8971.500000,-15539.093820
-7839.000000,-13577.546280
-21046.000000,0.000000
-707.000000,1224.559921
-8430.000000,-14601.188308
-2369.000000,0.000000
4329.000000,-7498.047946
-19.000000,-32.908965
-21348.000000,0.000000
-488.500000,846.106820
-8163.500000,-14139.596768
-2374.000000,0.000000
5099.500000,-8832.593093
9482.000000,16423.305757
-21821.000000,0.000000
1244.000000,-2154.671205
13145.500000,22768.673891
19150.000000,-0.000000
1006.500000,-1743.309138
-4727.000000,-8187.404167
-18978.000000,0.000000
1051.000000,-1820.385399
13144.000000,22766.075814
18508.000000,-0.000000
532.500000,-922.317055
-1046.500000,-1812.591170
2675.000000,-0.000000
-3644.500000,6312.459168
-4444.500000,-7698.099814
-18725.000000,0.000000
8807.500000,-15255.037488
-6812.000000,-11798.730101
-21744.000000,0.000000
7641.000000,-13234.600221
-6239.000000,-10806.264988
-18852.000000,0.000000
3438.000000,-5954.790676
-148.500000,-257.209545
19327.000000,-0.000000
-3497.500000,6057.847700
-2060.500000,-3568.890689
44.000000,-0.000000
-9343.000000,16182.550695
-213.500000,-369.792847
18894.000000,-0.000000
12532.500000,-21706.926746
5268.500000,9125.309680
16052.000000,-0.000000
12359.500000,-21407.281956
-2551.500000,-4419.327635
45.000000,-0.000000
-6615.500000,11458.382118
-73.500000,-127.305734
21995.000000,-0.000000
-7939.500000,13751.617387
3451.000000,5977.307337
-18854.000000,0.000000
8961.500000,-15521.773312
-8252.000000,-14292.883264
-173.000000,0.000000
-9686.500000,16777.510148
-579.500000,-1003.723443
20882.000000,-0.000000
-593.000000,1027.106129
9589.000000,16608.635194
2495.000000,-0.000000
5051.500000,-8749.454655
-4015.500000,-6955.050018
-18856.000000,0.000000
964.000000,-1669.696978
3618.500000,6267.425847
19026.000000,-0.000000
-8050.500000,13943.875026
6176.000000,10697.145787
19550.000000,-0.000000
-3619.500000,6269.157898
-769.500000,-1332.813096
-2500.000000,0.000000
5288.000000,-9159.084671
9631.000000,16681.381328
-22172.000000,0.000000
1319.500000,-2285.441041
13771.500000,23852.937696
-45.000000,0.000000
-3729.000000,6458.817461
-4057.500000,-7027.796152
-15875.000000,0.000000
4745.500000,-8219.447107
-3861.000000,-6687.448168
2455.000000,-0.000000
1685.500000,-2919.371636
4435.500000,7682.511357
-19542.000000,0.000000
10184.000000,-17639.205425
805.500000,1395.166925
-18724.000000,0.000001
-3242.500000,5616.174744
-5969.500000,-10339.477296
301.000000,-0.000000
-1937.500000,3355.848440
6607.000000,11443.659685
-470.000000,0.000000
740.000000,-1281.717598
-487.000000,-843.508743
21525.000000,-0.000000
728.000000,-1260.932988
3808.000000,6595.649475
2025.000000,-0.000000
1157.500000,-2004.848810
9220.500000,15970.374471
2498.000000,0.000000
-4657.000000,8066.160611
-4971.500000,-8610.890590
132.000000,-0.000000
-2718.500000,4708.580120
8239.500000,14271.232629
-19373.000000,0.000000
4073.000000,-7054.642939
-11376.500000,-19704.676012
-18553.000000,0.000000
-510.500000,884.211937
1093.000000,1893.131533
-3013.000000,0.000000
12865.500000,-22283.699665
6065.000000,10504.888148
174.000000,-0.000000
-3589.000000,6216.330348
3137.500000,5434.309409
171.000000,-0.000000
-3366.000000,5830.083018
4508.500000,7808.951066
-3318.000000,0.000000
-1823.500000,3158.394648
6860.500000,11882.734565
817.000000,-0.000000
3805.000000,-6590.453323
-4690.000000,-8123.318287
346.000000,-0.000000
4538.000000,-7860.046565
-4322.500000,-7486.789616
18854.000000,-0.000000
-324.500000,562.050487
4114.000000,7125.657022
2847.000000,-0.000000
10094.500000,-17484.186877
-4159.500000,-7204.465334
2146.000000,-0.000000
10258.000000,-17767.377184
-4865.500000,-8427.293204
-19501.000000,0.000000
-75.000000,129.903811
-4650.000000,-8054.036255
18855.000000,-0.000000
-9424.000000,16322.846811
7613.500000,13186.968823
21874.000000,-0.000000
975.000000,-1688.749537
4033.000000,6985.360907
2019.000000,-0.000000
1408.500000,-2439.593562
8505.500000,14731.958144
2022.000000,0.000000
-4167.500000,7218.321741
-1213.000000,-2100.977630
21525.000000,-0.000000
-8894.000000,15404.859883
-1482.000000,-2566.899297
-473.000000,0.000000
-10095.000000,17485.052903
5488.500000,9506.360857
648.000000,-0.000000
-4756.500000,8238.499666
4650.000000,8054.036255
472.000000,-0.000000
13977.000000,-24208.874138
-8250.500000,-14290.285188
-21693.000000,0.000000
302.500000,-523.945369
74.500000,129.037785
-47.000000,0.000000
1618.000000,-2802.458207
3719.500000,6442.362979
-16653.000000,0.000001
-3501.500000,6064.775903
-1373.500000,-2378.971784
18981.000000,-0.000000
-3609.500000,6251.837390
-43.500000,-75.344210
-21995.000000,0.000000
8219.000000,-14235.725587
5497.500000,9521.949315
467.000000,-0.000000
-13199.500000,22862.204635
-4877.000000,-8447.211788
346.000000,-0.000000
4616.500000,-7996.012553
12595.500000,21816.045947
18550.000000,-0.000000
-7705.500000,13346.317498
7894.000000,13672.809075
21744.000000,-0.000000
8839.000000,-15309.597088
-565.000000,-978.608706
19023.000000,-0.000000
5926.500000,-10264.999111
-1331.500000,-2306.225650
-21178.000000,0.000001
-6522.000000,11296.435367
7081.000000,12264.651768
-2374.000000,0.000000
5392.000000,-9339.217954
-9169.000000,-15881.173854
-21348.000000,0.000000
463.000000,-801.939524
-20.000000,-34.641016
-2543.000000,0.000000
13360.499999,-23141.064815
-7005.500000,-12133.881932
-19024.000000,0.000000
3986.500000,-6904.820544
-4861.500000,-8420.365001
2971.000000,-0.000000
-7565.000000,13102.964359
-5615.500000,-9726.331310
-168.000000,0.000000
12670.000000,-21945.083732
-8583.500000,-14867.058107
-822.000000,0.000000
-1082.000000,1874.078974
-9188.500000,-15914.948845
2365.000000,-0.000000
-13591.000000,23540.302526
8262.000000,14310.203772
19373.000000,-0.000000
12425.000000,-21520.731284
-4399.000000,-7619.291502
16875.000000,0.000000
-4756.500000,8238.499666
-732.500000,-1268.727217
-2156.000000,0.000000
5346.500000,-9260.409643
9182.500000,15904.556541
-304.000000,0.000000
9277.000000,-16068.235342
444.000000,769.030559
21693.000000,-0.000001
86.000000,-148.956369
-5695.500000,-9864.895374
47.000000,-0.000000
-4347.000000,7529.224861
2965.500000,5136.396670
16007.000000,-0.000000
-4402.500000,7625.353680
-908.500000,-1573.568159
-18505.000000,0.000000
-5351.500000,9269.069897
-12846.000000,-22249.924674
-50.000000,0.000000
5163.000000,-8942.578320
9319.500000,16141.847501
-19325.000000,0.000000
-4506.000000,7804.620939
193.500000,335.151831
19502.000000,-0.000000
4770.000000,-8261.882352
-1837.500000,-3182.643359
-2669.000000,0.000000
-2013.000000,3486.618276
8313.000000,14398.538363
-19159.000000,0.000000
-3856.500000,6679.653939
9306.500000,16119.330840
19499.000000,-0.000000
4887.000000,-8464.532297
-948.500000,-1642.850191
-2968.000000,-0.000000
-4445.000000,7698.965840
5125.500000,8877.626414
-650.000000,0.000000
2889.000000,-5003.894783
1954.500000,3385.293303
3148.000000,-0.000000
3470.000000,-6010.216302
-13405.000000,-23218.141075
2799.000000,-0.000000
-8471.000000,14672.202391
-5944.500000,-10296.176026
-19198.000000,0.000000
-326.000000,564.648563
-8889.000000,-15396.199628
-348.000000,0.000000
-74.500000,129.037785
-1070.000000,-1853.294364
-298.000000,0.000000
-8863.500000,15352.032333
3675.500000,6366.152743
18855.000000,-0.000000
-742.500000,1286.047725
399.500000,691.954298
2371.000000,-0.000000
4177.000000,-7234.776223
385.500000,667.705586
124.000000,-0.000000
106.500000,-184.463411
-8770.000000,-15190.085582
-18677.000000,0.000000
-5113.000000,8855.975779
-193.000000,-334.285806
19153.000000,-0.000001
4627.500000,-8015.065112
758.000000,1312.894512
-21995.000000,0.000000
-908.000000,1572.702133
5469.500000,9473.451892
-346.000000,0.000000
-14681.999999,25429.969957
862.500000,1493.893822
2971.000000,-0.000000
3804.000000,-6588.721272
-4002.000000,-6931.667332
-18680.000000,0.000000
227.000000,-393.175533
-4801.000000,-8315.575927
16660.000000,-0.000000
3246.000000,-5622.236921
-9914.500000,-17172.417732
171.000000,-0.000000
-7635.000000,13224.207916
2603.500000,4509.394277
-19162.000000,0.000000
-6941.500000,12023.030681
12108.500000,20972.537203
16354.000000,-0.000000
5053.000000,-8752.052731
4217.000000,7304.058255
19074.000000,0.000000
7227.500000,-12518.397212
-7826.500000,-13555.895645
21220.000000,0.000000
-604.000000,1046.158688
9406.500000,16292.535921
2844.000000,-0.000000
4854.500000,-8408.240645
-5122.000000,-8871.564236
124.000000,-0.000000
-2955.000000,5118.210136
-207.500000,-359.400543
-19499.000000,0.000001
-6009.000000,10407.893303
314.000000,543.863954
21352.000000,-0.000000
-8605.000000,14904.297199
8088.500000,14009.692957
-168.000000,0.000000
8207.000000,-14214.940978
-6439.000000,-11152.675150
-19032.000000,0.000000
-4638.500000,8034.117671
9004.500000,15596.251497
171.000000,-0.000000
563.000000,-975.144605
4747.000000,8222.045183
17004.000000,-0.000000
13957.500000,-24175.099147
-613.500000,-1062.613170
219.000000,-0.000000
162.000000,-280.592231
-10170.500000,-17615.822738
18677.000000,-0.000000
3349.000000,-5800.638155
-8281.000000,-14343.112737
-18854.000000,0.000000
-4220.500000,7310.120433
4824.500000,8356.279121
2495.000000,0.000000
8432.500000,-14605.518435
-8755.000000,-15164.104820
20705.000000,-0.000000
-752.000000,1302.502207
41.500000,71.880109
2371.000000,-0.000000
-4450.000000,7707.626094
8138.000000,14095.429472
22170.000000,-0.000001
-7057.000000,12223.082549
1676.500000,2903.783179
-475.000000,0.000000
-2224.000000,3852.080996
12255.000000,21226.282647
-475.000000,0.000000
-4392.000000,7607.167147
-1052.500000,-1822.983475
21694.000000,-0.000000
-8894.500000,15405.725908
-1440.500000,-2495.019188
-129.000000,0.000000
-10125.000000,17537.014427
5023.500000,8700.957232
19370.000000,0.000000
-643.000000,1113.708669
7611.500000,13183.504722
19547.000000,-0.000000
-3262.500000,5650.815760
-1849.500000,-3203.427969
-2501.000000,0.000000
-2790.500000,4833.287779
7274.500000,12599.803600
-21524.000000,0.000001
-7526.000000,13035.414378
-932.500000,-1615.137378
123.000000,-0.000000
-477.000000,826.188235
-13990.000001,-24231.390797
-19325.000000,0.000000
-9418.000000,16312.454506
4842.000000,8386.590010
19328.000000,-0.000000
7135.500000,-12359.048538
-13649.000000,-23640.761472
-295.000000,0.000000
-4465.500000,7734.472881
4874.000000,8442.015636
-523.000000,0.000000
3461.000000,-5994.627845
-3849.500000,-6667.529584
-16178.000000,0.000000
-12057.000000,20883.336587
7828.000000,13558.493722
21476.000000,-0.000000
1.000000,-1.732051
-3526.500000,-6108.077173
-18978.000000,0.000000
8426.000000,-14594.260105
4831.000000,8367.537451
16007.000000,-0.000000
-3092.000000,5355.501097
13039.000001,22584.210480
-130.000000,-0.000000
4123.000000,-7141.245480
901.500000,1561.443803
515.000000,-0.000000
575.000000,-995.929214
3479.500000,6026.670785
16528.000000,-0.000001
5050.500000,-8747.722604
4726.000000,8185.672117
-2799.000000,0.000000
8608.000000,-14909.493352
6398.000000,11081.661067
168.000000,-0.000000
2768.500000,-4795.182661
-6919.500000,-11984.925563
0.000000,-0.000000
-1729.500000,2995.581872
6476.500000,11217.627055
-168.000000,0.000000
2844.000000,-4925.952497
1590.500000,2754.826809
2799.000000,-0.000000
-4705.500000,8150.165075
-3168.500000,-5488.002984
-16528.000000,0.000000
3599.000000,-6233.650857
1591.000000,2755.692835
-518.000000,0.000000
-586.000000,1014.981773
6152.000000,10655.576568
648.000000,-0.000000
2442.000000,-4229.668072
-11696.000001,-20258.066245
518.000000,-0.000000
12982.500000,-22486.349609
5020.000000,8694.895054
15705.000000,-0.000000
4282.000000,-7416.641558
4886.000000,8462.800246
214.000000,-0.000000
-5273.000000,9133.103908
-877.500000,-1519.874584
19539.000000,-0.000000
-2908.000000,5036.803749
11137.000000,19289.849844
16402.000000,-0.000000
4158.000000,-7201.867258
-4878.500000,-8449.809865
18719.000000,-0.000000
-807.000000,1397.765002
-954.500000,-1653.242496
2709.000000,-0.000000
-12540.000000,21719.917127
8204.500000,14210.610851
19370.000000,-0.000000
13272.000000,-22987.778318
5188.500000,8986.745615
16224.000000,-0.000000
5346.000000,-9259.543617
12766.500000,22112.226635
-2458.000000,0.000000
-8840.500000,15312.195165
3821.000000,6618.166136
19541.000000,0.000000
-8989.000000,15569.404709
6722.000000,11642.845528
18899.000000,-0.000001
-2881.000000,4990.038377
11770.000000,20386.238005
-2498.000000,0.000000
-7219.000000,12503.674780
8729.500000,15119.937525
-21057.000000,0.000001
723.500000,-1253.138759
933.500000,1616.869429
-21353.000000,0.000000
88.500000,-153.286496
3878.000000,6716.893032
17001.000000,-0.000000
5482.000000,-9495.102527
-667.500000,-1156.143914
-2450.000000,0.000000
5763.000000,-9981.808804
12339.000000,21371.774914
19026.000000,-0.000000
-118.500000,205.248021
-13825.500000,-23946.468440
2667.000000,-0.000000
-533.500000,924.049106
-3707.500000,-6421.578369
-19499.000000,0.000000
-769.000000,1331.947071
4878.000000,8448.943839
18810.000000,-0.000000
-929.500000,1609.941226
-13797.000001,-23897.104992
-16181.000000,0.000000
-4240.500000,7344.761449
-5719.500000,-9906.464594
2321.000000,0.000000
-7299.500000,12643.104870
7616.000000,13191.298950
21057.000000,-0.000000
7629.000000,-13213.815611
-8799.500000,-15241.181081
21356.000000,-0.000000
-127.000000,219.970453
-4845.000000,-8391.786163
-16533.000000,0.000001
-2922.000000,5061.052460
3945.000000,6832.940436
-19198.000000,0.000000
-8162.000000,14136.998691
3771.500000,6532.429621
18981.000000,-0.000000
131.000000,-226.898656
-5697.000000,-9867.493451
-18975.000000,0.000000
-278.500000,482.376150
-3624.500000,-6277.818152
18807.000000,-0.000000
-366.500000,634.796621
4457.500000,7720.616475
-16824.000000,0.000000
-4681.500000,8108.595856
1642.500000,2844.893451
2278.000000,-0.000000
-4660.000000,8071.356763
5231.000000,9060.357774
-15877.000000,0.000000
4355.500000,-7543.947292
-13243.500000,-22938.414870
-515.000000,0.000000
-4820.000000,8348.484892
4702.500000,8144.968922
-515.000000,0.000000
-4745.000000,8218.581082
4227.500000,7322.244789
-15880.000000,0.000000
-12103.000000,20963.010924
-5924.000000,-10260.668984
2630.000000,-0.000000
-660.500000,1144.019558
-13393.000000,-23197.356466
1985.000000,-0.000000
8767.500000,-15185.755455
-3480.500000,-6028.402836
-17046.000000,0.000000
5412.500000,-9374.724996
-4129.000000,-7151.637784
-16875.000000,0.000000
-3699.000000,6406.855937
539.500000,934.441411
304.000000,-0.000000
9277.500000,-16069.101367
-238.000000,-412.228092
-1844.000000,0.000000
5232.000000,-9062.089825
-10192.500000,-17653.927856
-2673.000000,0.000000
-3095.500000,5361.563275
8131.500000,14084.171142
-21524.000000,-0.000000
472.500000,-818.394007
1189.000000,2059.408410
-174.000000,0.000000
-800.000000,1385.640646
174.500000,302.242866
-645.000000,0.000000
-1318.500000,2283.708990
-3928.000000,-6803.495572
476.000000,-0.000000
-6237.000000,10802.800887
-12878.500000,-22306.216325
2669.000000,-0.000000
-75.000000,129.903811
8150.500001,14117.080107
0.000000,-0.000000
-7069.500000,12244.733184
8109.000000,14045.199998
-2498.000000,0.000000
5612.500000,-9721.135158
14096.000000,24414.988183
-2495.000000,0.000000
1040.500000,-1802.198865
9394.500000,16271.751312
470.000000,-0.000000
9986.500000,-17297.125390
-3796.500000,-6575.730891
-19156.000000,0.000000
-117.000000,202.649944
5633.000000,9756.642199
16010.000000,-0.000000
4000.500000,-6929.069256
14001.500001,24251.309382
518.000000,-0.000000
-4702.000000,8144.102897
-3599.500000,-6234.516882
343.000000,-0.000000
4949.000000,-8571.919447
12414.000001,21501.678725
19029.000000,-0.000000
44.000000,-76.210236
-13825.500000,-23946.468440
169.000000,-0.000000
4354.500000,-7542.215242
-35.000000,-60.621778
-21997.000000,0.000000
-9307.000000,16120.196866
3827.000000,6628.558441
18981.000000,-0.000001
-8519.500000,14756.206855
3631.000000,6289.076482
-16007.000000,0.000000
-3112.500000,5391.008139
4538.500000,7860.912590
124.000000,-0.000000
6377.500000,-11046.154025
8640.000000,14964.918977
-296.000000,0.000000
100.500000,-174.071106
-756.000000,-1309.430411
18851.000000,-0.000000
-4270.500000,7396.722974
-1160.000000,-2009.178937
-21826.000000,0.000001
-9209.000000,15950.455887
4608.500000,7982.156147
-2678.000000,0.000000
-8881.500000,15383.209248
12771.500000,22120.886889
-1980.000000,0.000000
-7831.500000,13564.555899
12016.000001,20812.322503
17043.000000,-0.000001
-3148.500000,5453.361968
11391.000001,19729.790749
16573.000000,-0.000000
-3151.000000,5457.692095
11393.000001,19733.254850
18896.000000,-0.000000
-7766.499999,13451.972597
8385.500000,14524.112047
-2.000000,0.000000
9419.000000,-16314.186557
491.500000,851.302972
-19203.000000,0.000000
-13093.000000,22677.741224
784.500000,1358.793859
2669.000000,-0.000000
2913.500000,-5046.330028
236.000000,408.763991
19029.000000,-0.000000
5408.500000,-9367.796793
3202.000000,5546.026686
-2968.000000,0.000000
-9144.500000,15838.738610
5176.000000,8965.094980
473.000000,-0.000000
-5708.500000,9887.412035
-4119.500000,-7135.183302
-18725.000000,-0.000000
-318.000000,550.792157
-7418.500000,-12849.218916
-18899.000000,0.000000
3888.000000,-6734.213540
-3532.000000,-6117.603452
2669.000000,-0.000000
8180.500000,-14169.041632
-8134.000000,-14088.501269
18730.000000,-0.000001
3113.500000,-5392.740189
4958.500000,8588.373929
16357.000000,-0.000000
12029.000000,-20834.839164
-7142.000000,-12370.306867
-19330.000000,0.000000
-5702.000000,9876.153705
1849.000000,3202.561943
2148.000000,-0.000000
2117.000000,-3666.751560
-7524.000000,-13031.950276
2503.000000,-0.000000
-6161.500000,10672.031051
-8993.500000,-15577.198938
132.000000,-0.000000
-1298.000000,2248.201948
-7818.500000,-13542.039239
-18896.000000,0.000000
-5449.500000,9438.810876
-4056.500000,-7026.064101
-16229.000000,0.000000
-12458.499999,21578.754986
3636.000000,6297.736736
2329.000000,-0.000000
1027.000000,-1778.816179
8760.000000,15172.765074
21358.000000,-0.000001
8404.000000,-14556.154987
-13631.000001,-23609.584558
2498.000000,-0.000000
656.500000,-1137.091355
-4952.500000,-8577.981624
-19026.000000,0.000000
517.500000,-896.336293
-215.500000,-373.256949
-2711.000000,0.000000
-3060.500000,5300.941497
8422.500000,14588.197927
-19370.000000,0.000001
-2963.000000,5132.066543
4449.000000,7705.894043
-16052.000000,0.000000
-2885.500000,4997.832605
-5818.500000,-10077.937624
-211.000000,0.000000
6335.500000,-10973.407891
-1062.000000,-1839.437958
-19541.000000,0.000000
-3123.500000,5410.060698
-5051.000000,-8748.588629
-16700.000000,0.000000
-3923.500000,6795.701344
212.000000,367.194771
-45.000000,-0.000000
-278.000000,481.510125
1575.000000,2727.980022
-21175.000000,0.000001
54.500000,-94.396769
12921.500000,22380.694510
16832.000000,-0.000001
-3537.000000,6126.263706
-516.000000,-893.738217
176.000000,-0.000000
9080.000000,-15727.021333
-4553.000000,-7886.027327
-19207.000000,0.000000
1011.500000,-1751.969392
-8878.500001,-15378.013095
-21696.000000,0.000000
-1600.000000,2771.281292
-3361.000000,-5821.422764
18680.000000,-0.000000
-768.500000,1331.081046
9389.500000,16263.091058
2543.000000,-0.000000
3124.000000,-5410.926723
-7113.500000,-12320.943420
21871.000000,-0.000000
6608.500000,-11446.257762
-8937.000000,-15479.338067
18854.000000,-0.000000
5055.000000,-8755.516832
-1143.000000,-1979.734073
-18685.000000,0.000000
-4005.000000,6936.863484
-14021.000001,-24285.084373
-2.000000,0.000000
3588.000000,-6214.598298
-5099.000000,-8831.727068
18209.000000,-0.000001
-1674.500000,2900.319077
-9296.500000,-16102.010332
3016.000000,-0.000000
-6032.500000,10448.596497
-13114.500000,-22714.980316
476.000000,-0.000000
5012.500000,-8681.904673
8642.500000,14969.249104
-346.000000,0.000000
1899.000000,-3289.164484
4683.500000,8112.059957
-18854.000000,0.000001
10106.500000,-17504.971487
1231.000000,2132.154544
-2844.000000,0.000000
14226.000000,-24640.154789
4575.500000,7924.998470
-2969.000000,0.000000
-637.000000,1103.316364
-3006.000000,-5206.544727
-2199.000000,0.000000
8063.500000,-13966.391687
1845.500000,3196.499765
-18680.000000,0.000000
3364.000000,-5826.618917
-8250.000000,-14289.419162
21349.000000,-0.000001
-8787.500000,15220.396472
6887.500000,11929.499937
-299.000000,0.000000
-8723.000000,15108.679195
4202.000000,7278.077493
-1852.000000,0.000000
-8312.500000,14397.672338
8366.000000,14490.337056
-1678.000000,0.000000
13644.000000,-23632.101219
-8952.000001,-15505.318829
-3146.000000,0.000000
-4767.500000,8257.552225
4917.500000,8517.359846
-479.000000,0.000000
-5091.000000,8817.870662
9121.500000,15798.901441
515.000000,-0.000000
-451.000000,781.154914
-4621.000000,-8003.806782
16871.000000,-0.000000
-4212.000000,7295.398002
11503.000000,19923.780439
16742.000000,-0.000000
5324.000000,-9221.438500
3048.000000,5279.290861
16573.000000,-0.000000
-4404.500000,7628.817782
2990.000000,5178.831915
19192.000000,-0.000000
-8204.000000,14209.744825
2603.500000,4509.394277
-18812.000000,0.000000
-7145.500000,12376.369046
12895.500001,22335.661189
16652.000000,0.000000
4726.500000,-8186.538142
-464.000000,-803.671575
219.000000,-0.000000
-938.500000,1625.529683
-9904.000000,-17154.231198
19021.000000,-0.000001
-4565.000000,7906.811937
-1534.000000,-2656.965939
47.000000,-0.000000
-138.500000,239.889037
-399.500000,-691.954298
18849.000000,-0.000001
6001.500000,-10394.902922
8162.500001,14137.864716
-21997.000000,0.000000
1006.000000,-1742.443112
5445.500000,9431.882673
299.000000,-0.000000
-3966.000000,6869.313503
4530.000000,7846.190158
2500.000000,-0.000000
8285.000000,-14350.040941
-8230.000000,-14254.778146
2326.000000,-0.000000
-13038.500000,22583.344455
2133.500000,3695.330398
2977.000000,-0.000000
-7625.500000,13207.753433
-5359.500000,-9282.926303
1980.000000,-0.000000
7838.500000,-13576.680255
-12920.500001,-22378.962459
-17347.000000,0.000000
-13980.000000,24214.070290
755.500000,1308.564385
1980.000000,-0.000000
2696.000000,-4669.608977
1887.500000,3269.245899
2498.000000,-0.000000
-4180.000000,7239.972376
8658.500001,14996.961917
346.000000,-0.000000
-7500.000000,12990.381057
11751.000000,20353.329040
17007.000000,-0.000000
4500.000000,-7794.228634
-9969.000000,-17266.814501
168.000000,-0.000000
-7613.000000,13186.102798
3663.000000,6344.502108
-19156.000000,0.000000
8264.000000,-14313.667874
-3473.500000,-6016.278480
16309.000000,-0.000000
-3567.500000,6179.091256
7093.500000,12286.302403
-18975.000000,0.000000
-12941.500000,22415.335526
-855.500000,-1481.769466
21474.000000,-0.000000
-86.500000,149.822395
-4476.000000,-7752.659415
-16477.000000,-0.000000
4595.500000,-7959.639486
844.500000,1462.716907
18807.000000,-0.000001
12929.999999,-22395.416942
-7199.000000,-12469.033764
-19496.000000,0.000001
3599.000000,-6233.650857
843.500000,1460.984856
2320.000000,-0.000000
-4131.000000,7155.101886
357.500000,619.208164
-169.000000,0.000000
7528.500000,-13039.744505
-2870.500000,-4971.851843
645.000000,-0.000000
-4788.500000,8293.925292
-5976.000000,-10350.735626
346.000000,-0.000000
-3452.500000,5979.905413
3008.000000,5210.008829
18378.000000,-0.000000
-1487.000000,2575.559551
-9104.000000,-15768.590552
-129.000000,0.000000
-1576.000000,2729.712073
-4089.000000,-7082.355752
-2669.000000,0.000000
-9958.000000,17247.761942
4238.000000,7340.431322
301.000000,-0.000000
-5881.500000,10187.056825
-11970.500001,-20733.514192
-16531.000000,0.000000
3590.000000,-6218.062399
752.500000,1303.368233
2326.000000,-0.000000
-5467.000000,9469.121765
-9567.500000,-16571.396101
21527.000000,-0.000000
-9143.000000,15836.140534
8075.500000,13987.176296
175.000000,-0.000000
976.000000,-1690.481588
9416.000000,16308.990404
-171.000000,0.000000
1202.000000,-2081.925071
8420.500000,14584.733825
2323.000000,-0.000000
-3231.000000,5596.256159
-5365.000000,-9292.452583
-19198.000000,0.000000
-366.500000,634.796621
-2926.500000,-5068.846688
298.000000,-0.000000
-4906.000000,8497.441262
3624.000000,6276.952127
520.000000,-0.000000
5956.500000,-10316.960635
3959.000000,6857.189147
15882.000000,-0.000000
4027.000000,-6974.968602
4475.000000,7750.927364
-2498.000000,0.000000
-9115.000000,15787.643111
-208.500000,-361.132593
-18207.000000,0.000000
-4284.000000,7420.105660
-4726.000000,-8185.672116
128.000000,-0.000000
5416.500000,-9381.653199
-55.500000,-96.128820
-22040.000000,0.000001
637.500000,-1104.182390
-261.500000,-452.931286
-18722.000000,0.000000
-11624.000000,20133.358587
3587.000000,6212.866247
2627.000000,-0.000000
9926.499999,-17193.202342
-4780.500000,-8280.068886
-19674.000000,0.000000
-7124.500000,12339.995979
13307.000000,23048.400096
-2672.000000,0.000000
-861.000000,1491.295745
6149.000000,10650.380416
19547.000000,-0.000000
7596.500000,-13157.523960
-626.000000,-1084.263806
19375.000000,-0.000000
-2530.000000,4382.088543
7397.000000,12811.979823
-174.000000,0.000000
1879.000000,-3254.523467
3719.500000,6442.362979
-17178.000000,0.000000
-4399.000000,7619.291503
-8696.000000,-15061.913823
1980.000000,-0.000000
-6756.000000,11701.735256
-7808.000000,-13523.852706
2501.000000,-0.000000
-6473.500000,11212.430903
1719.500000,2978.261364
-171.000000,0.000000
7719.500000,-13370.566209
6346.000000,10991.594425
0.000000,-0.000000
-5317.500000,9210.180169
1674.500000,2900.319077
-2.000000,0.000000
7850.999999,-13598.330891
5661.000000,9805.139621
349.000000,-0.000000
-4299.000000,7446.086422
-1480.500000,-2564.301221
19325.000000,-0.000000
-3525.500000,6106.345122
-1008.000000,-1745.907214
-18981.000000,0.000000
-4763.000000,8249.757997
-963.500000,-1668.830953
19328.000000,-0.000000
-3686.000000,6384.339277
-2041.000000,-3535.115698
-168.000000,0.000000
-8522.000000,14760.536982
-5544.500000,-9603.355702
-17178.000000,0.000001
-5688.500000,9852.771019
-7406.500000,-12828.434306
1979.000000,0.000000
1666.500000,-2886.462671
-6565.500000,-11371.779577
3149.000000,0.000000
2444.000000,-4233.132174
-13187.500001,-22841.420024
0.000000,-0.000000
-3539.500000,6130.593833
12836.000001,22232.604166
-2501.000000,0.000000
1165.500000,-2018.705216
9451.000001,16369.612182
-1982.000000,0.000000
13242.500000,-22936.682819
-4095.500000,-7093.614082
16226.000000,-0.000001
2876.500000,-4982.244148
-4009.500000,-6944.657713
19547.000000,-0.000001
7968.000000,-13800.980835
-4298.500000,-7445.220396
-2.000000,0.000000
6804.500000,-11785.739720
8089.000000,14010.558982
-19677.000000,-0.000000
-4790.000000,8296.523368
-7625.000000,-13206.887408
473.000000,0.000000
-248.000000,429.548600
9363.500000,16218.057736
-2016.000000,0.000000
14896.999999,-25802.360881
-590.500000,-1022.776002
-349.000000,0.000000
625.000000,-1082.531755
-14155.000001,-24517.179181
-16658.000000,0.000000
-14259.000000,24697.312465
-1053.000000,-1823.849500
19328.000000,-0.000001
-3502.500000,6066.507954
6565.000000,11370.913552
-2796.000000,0.000000
-2268.000000,3928.291232
13306.000000,23046.668045
-3151.000000,0.000000
8753.499999,-15161.506744
5734.500000,9932.445356
349.000000,-0.000000
-4460.000000,7724.946602
-1405.000000,-2433.531385
21828.000000,-0.000000
-8250.999999,14291.151214
-6044.000000,-10468.515081
-16525.000000,0.000000
-4994.000000,8649.861733
-13183.000000,-22833.625796
-19245.000000,0.000000
690.500000,-1195.981083
-368.500000,-638.260723
-19539.000000,0.000000
-4960.000000,8590.972006
-8869.500001,-15362.424637
2627.000000,-0.000000
-14224.999999,24638.422738
-5257.500001,-9106.257121
-19024.000000,0.000001
-8108.500000,14044.333973
12526.500000,21696.534441
-2194.000000,0.000000
-8224.500000,14245.251867
-975.000000,-1688.749537
-2022.000000,0.000000
5438.500000,-9419.758317
-728.000000,-1260.932988
-21522.000000,0.000000
1589.000000,-2752.228733
-1008.000000,-1745.907214
126.000000,-0.000000
1351.000000,-2340.000641
-4767.000000,-8256.686199
-19669.000000,0.000000
1113.500000,-1928.638574
13458.500001,23310.805793
-216.000000,0.000000
-4768.500000,8259.284276
-12250.000001,-21217.622392
-16356.000000,0.000000
3469.500000,-6009.350277
1759.500000,3047.543396
-169.000000,0.000000
7636.500000,-13226.805992
-3611.500000,-6255.301492
19328.000000,-0.000000
-33.000000,57.157677
-5901.000000,-10220.831815
-18984.000000,0.000001
-7246.500000,12551.306177
13116.000001,22717.578392
18854.000000,0.000000
8492.000000,-14708.575458
488.500000,846.106819
21696.000000,-0.000000
8443.000000,-14623.704969
-13384.500001,-23182.634033
-18981.000000,0.000000
-9289.499999,16089.885977
4801.500000,8316.441952
16483.000000,-0.000000
13156.000000,-22786.860424
89.500000,155.018547
-21347.000000,0.000000
938.500000,-1625.529683
-8846.500001,-15322.587469
-21575.000000,0.000001
-696.000000,1205.507362
-8685.000000,-15042.861264
-18852.000000,0.000001
-14476.500000,25074.033516
75.000000,129.903811
19504.000000,-0.000001
4844.000000,-8390.054112
7765.000000,13449.374521
-2495.000000,0.000000
6833.000000,-11835.103168
-888.000000,-1538.061117
-21527.000000,-0.000000
1437.500000,-2489.823036
-1172.000000,-2029.963546
472.000000,0.000000
-7956.999999,13781.928276
-6594.500000,-11422.009050
0.000000,-0.000000
-3082.500000,5339.046614
7883.000000,13653.756516
-470.000000,0.000000
964.500000,-1670.563004
8996.500001,15582.395090
21350.000000,-0.000001
9764.000000,-16911.744085
-4907.500000,-8500.039338
-19499.000000,0.000001
-12.000000,20.784610
-3063.500000,-5306.137649
-346.000000,0.000000
-6579.000000,11395.162263
712.500000,1234.086200
304.000000,-0.000000
194.000000,-336.017857
-545.000000,-943.967690
-18378.000000,0.000000
-12552.999999,21742.433788
-5924.000000,-10260.668984
-349.000000,0.000000
-3492.000000,6048.321420
13275.000000,22992.974470
-467.000000,0.000000
2720.500000,-4712.044222
-8219.000000,-14235.725587
21995.000000,-0.000001
-8174.000000,14157.783301
3534.000000,6121.067554
-18981.000000,0.000000
9386.000000,-16257.028880
4809.000000,8329.432333
16827.000000,-0.000000
-2366.500000,4098.898236
6305.500000,10921.446367
-1977.000000,0.000000
5416.500000,-9381.653199
-9916.500000,-17175.881833
-3149.000000,0.000000
-4786.500000,8290.461191
3909.000000,6770.586607
-476.000000,0.000000
-13478.499999,23345.446810
7793.500000,13498.737969
0.000000,-0.000000
-8906.999999,15427.376543
5281.500000,9147.826340
0.000000,-0.000000
-6288.000000,10891.135478
724.000000,1254.004785
2.000000,-0.000000
-1490.500000,2581.621729
-2858.000000,-4950.201208
303.000000,-0.000000
2249.500000,-3896.248292
-12488.000001,-21629.850484
-18553.000000,0.000000
-7402.000000,12820.640078
8727.000000,15115.607398
-21871.000000,0.000001
8119.500000,-14063.386532
-1904.500000,-3298.690763
-2194.000000,0.000000
-1491.000000,2582.487754
1081.000000,1872.346923
819.000000,-0.000000
945.000000,-1636.788013
2999.000000,5194.420372
-130.000000,0.000000
4842.000000,-8386.590010
-4162.000000,-7208.795461
15880.000000,-0.000000
4013.500000,-6951.585916
14293.500001,24757.068217
-2628.000000,0.000000
9136.000000,-15824.016178
5349.000000,9264.739769
-1678.000000,0.000000
0.000000,0.000000
-9516.500001,-16483.061510
-2028.000000,0.000000
5067.000000,-8776.301442
84.000000,145.492268
-21654.000000,0.000001
813.000000,-1408.157307
14035.000000,24309.333084
16184.000000,-0.000001
5082.500000,-8803.148230
13828.500000,23951.664592
174.000000,-0.000000
-4550.500000,7881.697200
-2890.000000,-5005.626834
-19029.000000,-0.000000
8432.000000,-14604.652410
5573.500000,9653.585176
301.000000,0.000000
-3804.500000,6589.587297
-5070.000000,-8781.497594
174.000000,0.000000
4650.000000,-8054.036255
4657.500000,8067.026636
-3318.000000,0.000000
-8699.500000,15067.976000
12861.500001,22276.771461
819.000000,-0.000000
-3577.000000,6195.545739
-5722.000000,-9910.794721
168.000000,-0.000000
5601.500000,-9702.082599
4626.000000,8012.467036
-2971.000000,0.000000
209.000000,-361.998619
14046.500000,24329.251668
19677.000000,-0.000001
8356.500000,-14473.882574
-13738.500000,-23795.780020
2672.000000,-0.000000
-499.000000,864.293353
-13158.000000,-22790.324526
-19547.000000,0.000000
492.000000,-852.168997
9872.000000,17098.805572
-19373.000000,0.000000
-4724.000000,8182.208015
1576.000000,2729.712073
301.000000,-0.000000
-1112.500000,1926.906523
74.500000,129.037785
349.000000,-0.000000
-8239.000000,14270.366604
7616.000000,13191.298950
19026.000000,-0.000001
4919.500000,-8520.823948
-594.000000,-1028.838180
175.000000,-0.000000
-357.000000,618.342138
-14614.500000,-25313.056527
1847.000000,-0.000000
-9495.499999,16446.688444
-44.500000,-77.076261
2498.000000,-0.000000
-5621.500000,9736.723615
-4549.500000,-7879.965149
-173.000000,0.000000
4939.500000,-8555.464964
5037.500000,8725.205943
-472.000000,0.000000
3539.500000,-6130.593834
996.500000,1725.988630
22176.000000,-0.000000
1015.500000,-1758.897595
3659.000000,6337.573905
2323.000000,-0.000000
9110.500000,-15779.848883
-13082.000001,-22658.688664
-16832.000000,0.000000
-14120.999999,24458.289454
-225.500000,-390.577457
18683.000000,-0.000000
2933.000000,-5080.105019
5858.000000,10146.353631
-2669.000000,0.000000
175.500000,-303.974917
9142.000000,15834.408483
-18513.000000,0.000001
-11742.499999,20338.606608
7113.500000,12320.943420
19197.000000,-0.000000
-4020.500000,6963.710272
2887.000000,5000.430681
16877.000000,-0.000000
3613.500000,-6258.765593
-8540.000001,-14791.713896
-2151.000000,0.000000
13620.500000,-23591.398025
-497.000000,-860.829251
-177.000000,0.000000
710.000000,-1229.756073
-14193.500001,-24583.863137
-19674.000000,0.000000
-8413.500000,14572.609470
13780.500001,23868.526153
301.000000,-0.000000
4295.500000,-7440.024244
-3653.000000,-6327.181600
651.000000,-0.000000
6570.000000,-11379.573806
7421.000000,12853.549043
-819.000000,0.000000
33.500000,-58.023702
-7969.500000,-13803.578911
2495.000000,0.000000
3330.500000,-5768.595215
-4790.000000,-8296.523368
2844.000000,0.000000
-7970.000000,13804.444937
-1898.000000,-3287.432433
18378.000000,-0.000000
3148.500000,-5453.361968
-4682.500000,-8110.327906
-2151.000000,0.000000
-9472.000000,16405.985249
-138.000000,-239.023011
-2498.000000,0.000000
3587.000000,-6212.866247
6227.000000,10785.480378
-175.000000,0.000000
3881.000000,-6722.089184
-4108.000000,-7115.264717
-18207.000000,0.000001
567.500000,-982.938833
-8606.000000,-14906.029250
-2368.000000,0.000000
4020.000000,-6962.844246
-344.500000,-596.691503
176.000000,-0.000000
724.500000,-1254.870810
-6313.500000,-10935.302773
-177.000000,0.000000
-1763.000000,3053.605574
7144.000000,12373.770969
-21998.000000,0.000000
-7293.999999,12633.578591
11975.000001,20741.308420
19499.000000,-0.000000
-8450.000000,14635.829324
-6521.000000,-11294.703316
346.000000,-0.000000
-3039.500000,5264.568430
7880.500000,13649.426389
-304.000000,0.000000
1051.500000,-1821.251424
8961.500001,15521.773312
19198.000000,-0.000001
14220.499999,-24630.628510
-757.500000,-1312.028487
-2799.000000,0.000000
-2473.500000,4284.227673
12949.000000,22428.325907
-3148.000000,0.000000
361.500000,-626.136367
13726.000000,23774.129385
174.000000,-0.000000
-12536.499999,21713.854950
8537.000000,14786.517744
298.000000,-0.000000
-194.500000,336.883882
1725.000000,2987.787643
-18677.000000,0.000000
-4680.000000,8105.997779
9331.000000,16161.766085
19150.000000,-0.000000
13069.500000,-22637.038030
-7285.000001,-12617.990133
-21645.000000,0.000000
-53.000000,91.798693
14131.000001,24475.609961
18978.000000,-0.000000
8237.000000,-14266.902502
-12974.500000,-22472.493203
-16004.000000,0.000000
-12208.499999,21145.742285
2369.000000,4103.228363
-222.000000,0.000000
6525.000000,-11301.631520
149.500000,258.941596
-19327.000000,0.000000
3270.500000,-5664.672166
-8164.000001,-14140.462793
19026.000000,-0.000000
-4085.500000,7076.293574
11182.500001,19368.658155
19201.000000,-0.000000
22.000000,-38.105118
-14628.000001,-25336.439213
2709.000000,-0.000000
-9340.500000,16178.220568
-1740.000000,-3013.768405
18548.000000,-0.000000
-4983.500000,8631.675200
3301.500000,5718.365741
18900.000000,-0.000000
-1576.500000,2730.578098
-9771.500000,-16924.734466
21866.000000,-0.000000
-1170.000000,2026.499445
-13445.500001,-23288.289133
2369.000000,-0.000000
8182.000000,-14171.639708
545.000000,943.967690
21353.000000,-0.000001
8345.000000,-14453.963989
-13777.000001,-23862.463975
2327.000000,0.000000
718.000000,-1243.612480
-4744.500000,-8217.715056
-16705.000000,0.000000
4104.000000,-7108.336514
-12873.000001,-22296.690045
2329.000000,-0.000000
-111.000000,192.257640
-771.000000,-1335.411173
21178.000000,-0.000001
8343.000000,-14450.499888
-12020.500001,-20820.116732
-18983.000000,0.000001
7362.000000,-12751.358045
-3382.000000,-5857.795831
16354.000000,-0.000001
3870.000000,-6703.036625
3981.500000,6896.160290
19544.000000,-0.000001
-96.500000,167.142903
-5383.000000,-9323.629497
210.000000,-0.000000
-3223.000000,5582.399753
11257.000000,19497.695941
16224.000000,0.000000
-4212.500000,7296.264027
4043.000000,7002.681415
16875.000000,-0.000000
3505.000000,-6070.838081
-358.500000,-620.940215
512.000000,-0.000000
-7205.000000,12479.426069
2034.000000,3522.991343
-135.000000,0.000000
4974.000000,-8615.220717
-4922.500000,-8526.020100
16052.000000,-0.000001
3832.500000,-6638.084720
3178.000000,5504.457466
19243.000000,-0.000001
-8050.500000,13943.875026
7523.500000,13031.084251
19539.000000,-0.000001
5874.500000,-10174.932469
7673.500000,13290.891872
-2627.000000,0.000000
-2374.500000,4112.754643
11469.000000,19864.890712
18376.000000,-0.000000
-7724.999999,13380.092489
7392.500000,12804.185595
2193.000000,-0.000000
-4330.000000,7499.779997
608.500000,1053.952916
2842.000000,-0.000000
-5487.000000,9503.762781
-326.500000,-565.514589
19023.000000,-0.000000
-4862.500000,8422.097052
3880.000000,6720.357133
-2450.000000,0.000000
-559.000000,968.216401
3599.500000,6234.516882
17001.000000,-0.000000
-3612.500000,6257.033542
-119.000000,-206.114046
-21527.000000,0.000001
8831.000000,-15295.740682
2191.000000,3794.923319
-18855.000000,0.000001
4390.500000,-7604.569071
684.500000,1185.588778
18986.000000,-0.000001
4572.000000,-7918.936292
670.500000,1161.340066
-19024.000000,0.000000
-5072.000000,8784.961696
-3937.500000,-6819.950055
-18556.000000,0.000000
-7303.499999,12650.033073
7126.500001,12343.460080
-2191.000000,0.000000
5188.000000,-8985.879590
-8961.000001,-15520.907286
-2839.000000,0.000000
4185.000000,-7248.632630
277.500000,480.644099
-19376.000000,0.000000
-4002.500000,6932.533357
-4932.000000,-8542.474583
-16354.000000,0.000000
-12161.500000,21064.335897
7902.500000,13687.531507
18809.000000,-0.000001
4724.500000,-8183.074040
-129.500000,-224.300580
-18975.000000,0.000001
-13986.999999,24226.194646
280.000000,484.974226
18978.000000,-0.000000
13069.999999,-22637.904055
194.500000,336.883882
-18846.000000,0.000000
-3103.500000,5375.419681
-4679.000000,-8104.265728
2453.000000,-0.000000
9889.000000,-17128.250436
-4962.500000,-8595.302132
-16875.000000,0.000000
-4175.000000,7231.312122
-12531.000001,-21704.328669
-19195.000000,0.000001
-333.500000,577.638944
14228.000001,24643.618889
18815.000000,-0.000001
9322.000000,-16146.177628
-4852.000000,-8403.910518
-16351.000000,0.000001
-11258.500000,19500.294017
3664.500000,6347.100184
-19071.000000,0.000001
656.500000,-1137.091355
1653.500000,2863.946010
-21735.000000,-0.000000
7936.000000,-13745.555209
-7451.000000,-12905.510567
-19068.000000,-0.000000
-5268.999999,9126.175705
-13526.000001,-23427.719223
-16224.000000,0.000000
-13464.999999,23322.064125
-5750.500000,-9960.158169
2154.000000,-0.000000
-950.500000,1646.314293
-9363.000001,-16217.191711
-645.000000,0.000000
-10061.000000,17426.163175
5380.500000,9319.299370
-2669.000000,0.000000
-538.500000,932.709360
13945.500000,24154.314537
171.000000,-0.000000
-4148.000000,7184.546750
624.000000,1080.799704
645.000000,-0.000000
8995.999999,-15581.529065
800.000000,1385.640646
177.000000,-0.000000
-292.500000,506.624861
134.500000,232.960834
21349.000000,-0.000000
-886.500000,1535.463041
-3514.500000,-6087.292563
-18851.000000,0.000000
9036.499999,-15651.677123
224.500000,388.845406
-351.000000,0.000000
-7007.000000,12136.480009
7244.000000,12546.976050
-298.000000,0.000000
512.000000,-886.810013
3900.000000,6754.998149
19029.000000,-0.000001
459.000000,-795.011321
-1277.000000,-2211.828881
-2.000000,0.000000
42.000000,-72.746134
-8654.500000,-14990.033714
-18685.000000,0.000001
-4993.500000,8648.995708
292.000000,505.758836
19029.000000,-0.000001
13321.999999,-23074.380859
4002.500000,6932.533357
19026.000000,-0.000000
1157.500000,-2004.848810
-4702.000000,-8144.102897
-18810.000000,0.000000
9253.999999,-16028.398174
4388.000000,7600.238943
16480.000000,-0.000000
-3536.000000,6124.531656
-106.000000,-183.597386
-21826.000000,0.000000
8055.500000,-13952.535281
6816.000001,11805.658304
171.000000,-0.000000
-4547.000000,7875.635022
9072.000001,15713.164926
19333.000000,-0.000000
6032.000000,-10447.730471
8258.000000,14303.275569
-19026.000000,0.000000
-2713.500000,4699.919866
-4978.000000,-8622.148920
-19204.000000,0.000001
1038.500000,-1798.734764
4209.500000,7291.067874
-2193.000000,0.000000
653.000000,-1131.029177
-162.500000,-281.458256
-2498.000000,0.000000
5440.000000,-9422.356393
14106.500001,24433.174716
-304.000000,0.000000
-4447.500000,7703.295967
9468.000001,16399.057046
21868.000000,-0.000000
469.500000,-813.197854
7630.000001,13215.547661
21567.000000,-0.000000
-7594.500000,13154.059858
6516.000000,11286.043062
19066.000000,-0.000001
-2988.500000,5176.233838
11348.000000,19655.312564
16570.000000,-0.000001
-3106.000000,5379.749808
11350.000000,19658.776666
16872.000000,-0.000001
-2299.500000,3982.850832
6690.500000,11588.285928
-304.000000,0.000000
-94.000000,162.812776
-9182.500000,-15904.556540
2495.000000,0.000000
-13167.499999,22806.779009
3491.000000,6046.589369
3143.000000,0.000000
8961.999999,-15522.639338
-13676.000001,-23687.526844
-475.000000,0.000000
-4637.000000,8031.519595
3094.000000,5358.965199
18556.000000,-0.000001
-8982.000000,15557.280354
7896.500000,13677.139202
21525.000000,-0.000001
9362.500000,-16216.325686
-3804.000000,-6588.721272
-17001.000000,0.000001
-4660.500000,8072.222789
1544.500000,2675.152472
2450.000000,-0.000000
2710.000000,-4693.857689
-12476.500000,-21609.931900
-18378.000000,0.000001
-396.000000,685.892120
-8181.500000,-14170.773682
-2498.000000,0.000000
12862.499999,-22278.503513
5240.500000,9076.812257
15883.000000,-0.000000
12345.999999,-21383.899271
-2428.500000,-4206.285386
346.000000,-0.000000
3424.000000,-5930.541965
-3725.500000,-6452.755284
3143.000000,-0.000000
8718.500000,-15100.884966
-12903.500001,-22349.517595
2326.000000,-0.000000
-588.500000,1019.311900
-4446.500000,-7701.563916
1681.000000,-0.000000
-899.500000,1557.979701
1278.000000,2213.560932
1983.000000,-0.000000
3514.500000,-6087.292563
-2986.000000,-5171.903711
-16226.000000,0.000001
-2825.500000,4893.909557
4021.000000,6964.576297
-18722.000000,0.000000
1943.500000,-3366.240745
-1284.500000,-2224.819262
-2537.000000,0.000000
5059.000000,-8762.445036
-8488.000000,-14701.647255
-21868.000000,0.000000
-531.000000,919.718979
915.000000,1584.826489
-19201.000000,0.000000
-4756.500000,8238.499666
820.000000,1420.281662
-341.000000,0.000000
404.500000,-700.614552
13565.000001,23495.269204
135.000000,-0.000000
-3629.000000,6285.612381
-5387.500000,-9331.423726
-16055.000000,0.000000
-12400.499999,21478.296040
-5464.000000,-9463.925612
-19542.000000,0.000001
-9391.500000,16266.555160
4320.500000,7483.325514
-213.000000,0.000000
-14149.999999,24508.518928
-5139.000000,-8901.009100
-15877.000000,0.000001
-13364.999999,23148.859044
-5526.000000,-9571.312762
1977.000000,-0.000000
-8.500000,14.722432
429.000000,743.049796
2199.000000,-0.000000
3876.500000,-6714.294955
-204.000000,-353.338365
19029.000000,-0.000001
-2928.000000,5071.444765
12640.500001,21893.988233
-2669.000000,0.000000
8261.999999,-14310.203773
-7657.500001,-13263.179059
-19032.000000,0.000001
-14252.499999,24686.054136
560.000000,969.948452
2669.000000,-0.000000
-6506.999999,11270.454605
1277.500000,2212.694907
19505.000000,-0.000001
13263.499999,-22973.055887
-653.500000,-1131.895203
346.000000,0.000000
729.000000,-1262.665039
-13802.000000,-23905.765246
169.000000,-0.000000
12343.999999,-21380.435169
-7856.500000,-13607.857170
-3315.000000,0.000000
3706.000000,-6418.980293
4608.500001,7982.156146
-177.000000,0.000000
-13918.500000,24107.549165
-4150.500000,-7188.876877
-18508.000000,0.000000
-1158.000000,2005.714835
5751.500001,9961.890219
16660.000000,-0.000000
3544.500000,-6139.254087
339.500000,588.031249
174.000000,-0.000000
-177.500000,307.439018
-3308.000000,-5729.624071
-19503.000000,0.000000
8638.000000,-14961.454876
5576.000000,9657.915303
-2714.000000,0.000000
1219.000000,-2111.369934
-562.000000,-973.412554
-18854.000000,0.000000
-4713.500000,8164.021482
-8685.500000,-15043.727289
-2.000000,0.000000
-1944.000000,3367.106770
-4712.500000,-8162.289431
19204.000000,-0.000001
-10118.999999,17526.622122
-523.000000,-905.862572
21223.000000,-0.000001
6812.000000,-11798.730101
-8152.500000,-14120.544208
2842.000000,-0.000000
-5880.000000,10184.458749
-13115.500001,-22716.712366
471.000000,-0.000000
5186.000000,-8982.415488
7689.500000,13318.604685
-472.000000,0.000000
-7231.500000,12525.325415
7798.000001,13506.532197
21048.000000,-0.000001
749.000000,-1297.306055
8160.000001,14133.534589
-304.000000,-0.000000
-493.500000,854.767074
-2945.000000,-5100.889628
-2325.000000,-0.000000
-990.000000,1714.730300
14280.500001,24734.551557
19671.000000,-0.000001
9405.500000,-16290.803871
-5500.500000,-9527.145467
2711.000000,-0.000000
-8313.500000,14399.404389
-714.500000,-1237.550302
18719.000000,-0.000001
4198.500000,-7272.015316
12411.500001,21497.348597
16570.000000,-0.000001
-3921.000000,6791.371216
3048.000000,5279.290861
16745.000000,-0.000001
-4318.500000,7479.861412
12516.500000,21679.213933
16522.000000,-0.000001
5861.499999,-10152.415809
8460.500000,14654.015857
-18812.000000,0.000000
-11652.499999,20182.722036
7317.500000,12674.281784
18848.000000,-0.000000
5094.499999,-8823.932840
4461.000000,7726.678653
-2149.000000,0.000000
-298.500000,517.017166
961.000000,1664.500826
-2329.000000,0.000000
4755.000000,-8235.901590
14075.500000,24379.481142
-2326.000000,0.000000
293.500000,-508.356912
161.000000,278.860180
-2500.000000,0.000000
4842.500000,-8387.456036
3835.500000,6643.280872
-299.000000,0.000000
-13737.999999,23794.913995
-1006.000000,-1742.443112
21997.000000,-0.000001
205.000000,-355.070416
-5871.000000,-10168.870291
-18849.000000,0.000001
347.000000,-601.021630
-8307.000000,-14388.146058
-45.000000,0.000000
356.000000,-616.610088
3441.000000,5959.986829
-19196.000000,0.000001
-6187.500000,10717.064372
8703.000001,15074.038178
-21741.000000,0.000001
8507.999999,-14736.288271
-6436.000000,-11147.478997
-18722.000000,0.000001
-4316.000000,7475.531286
4619.000000,8000.342680
2802.000000,-0.000000
9014.499999,-15613.572005
-13481.000000,-23349.776937
2326.000000,-0.000000
551.000000,-954.359995
-6345.500000,-10990.728400
2197.000000,-0.000000
-7146.999999,12378.967122
6252.000000,10828.781649
18381.000000,-0.000001
-4211.000000,7293.665951
4690.000000,8123.318287
-2672.000000,-0.000000
174.000000,-301.376841
9120.000001,15796.303365
-18510.000000,-0.000000
-4786.500000,8290.461191
-8176.500001,-14162.113428
18679.000000,0.000000
3852.500000,-6672.725736
12907.500001,22356.445798
352.000000,-0.000000
-11826.500000,20484.098876
3279.000000,5679.394598
298.000000,-0.000000
5498.500000,-9523.681365
61.500000,106.521125
-19026.000000,0.000001
-4920.500000,8522.555999
-13933.000000,-24132.663902
-346.000000,0.000000
3564.500000,-6173.895104
-3438.000000,-5954.790676
-168.000000,0.000000
2206.500000,-3821.770107
-13025.000000,-22559.961768
3144.000000,-0.000000
-8516.000000,14750.144677
-6480.000000,-11223.689233
2027.000000,-0.000000
-1199.500000,2077.594944
-8800.000000,-15242.047106
21175.000000,-0.000000
-1069.000000,1851.562313
-4788.500000,-8293.925292
-18981.000000,0.000000
-8077.500000,13990.640398
12878.500001,22306.216325
16653.000000,-0.000000
4518.500000,-7826.271574
412.500000,714.470958
45.000000,-0.000000
-1187.000000,2055.944309
736.500000,1275.655420
21223.000000,-0.000001
-594.000000,1028.838180
8536.500000,14785.651719
21353.000000,-0.000001
300.500000,-520.481268
-3717.500000,-6438.898877
-16356.000000,-0.000000
3154.500000,-5463.754273
-13040.000001,-22585.942530
2797.000000,-0.000000
-8868.999999,15361.558613
-5467.000000,-9469.121765
-168.000000,0.000000
5511.000000,-9545.332001
8046.000001,13936.080797
-647.000000,0.000000
1408.500000,-2439.593562
-887.500000,-1537.195092
3.000000,-0.000000
889.500000,-1540.659193
-1375.500000,-2382.435886
127.000000,-0.000000
-7809.000000,13525.584756
-5956.000000,-10316.094610
-16827.000000,0.000001
-14192.999999,24582.997113
342.500000,593.227402
21476.000000,-0.000001
8368.999999,-14495.533209
-4757.500000,-8240.231717
-18981.000000,0.000001
-7956.999999,13781.928276
3642.000000,6308.129041
16354.000000,-0.000000
3745.000000,-6486.530275
4327.000000,7494.583844
18730.000000,-0.000000
252.000000,-436.476804
9112.500000,15783.312984
2667.000000,-0.000000
-4345.000000,7525.760759
-4132.000000,-7156.833937
-19200.000000,0.000000
33.000000,-57.157677
5412.000001,9373.858970
-515.000000,0.000000
-5660.000000,9803.407571
527.000000,912.790776
2976.000000,-0.000000
-12637.500000,21888.792081
2948.500000,5106.951806
-18899.000000,0.000000
637.000000,-1103.316364
-8526.500000,-14768.331211
-19200.000000,0.000000
-13231.499999,22917.630261
7450.000000,12903.778516
21699.000000,-0.000001
489.000000,-846.972845
-713.000000,-1234.952226
19375.000000,-0.000001
12901.999999,-22346.919520
-8996.000000,-15581.529065
-2799.000000,0.000000
-3317.500000,5746.078554
12044.500001,20861.685951
-2847.000000,0.000000
1091.500000,-1890.533456
-542.500000,-939.637563
-18378.000000,0.000001
-12813.999999,22194.499049
-4963.000000,-8596.168158
2799.000000,-0.000000
-662.000000,1146.617635
-4029.000000,-6978.432704
2326.000000,-0.000000
9089.499999,-15743.475816
-4049.000000,-7013.073720
2025.000000,-0.000000
8344.499999,-14453.097964
-8904.000001,-15422.180390
21351.000000,0.000000
19.500000,-33.774991
-5356.500000,-9277.730150
2371.000000,0.000000
8161.999999,-14136.998692
-9038.500001,-15655.141224
21522.000000,0.000000
-9307.499999,16121.062892
-6611.000001,-11450.587888
-472.000000,-0.000000
-3483.000000,6032.732963
13100.500001,22690.731604
-2.000000,0.000000
-4763.500000,8250.624022
-4726.000000,-8185.672116
174.000000,-0.000000
-3479.500000,6026.670785
12940.500000,22413.603475
-3016.000000,0.000000
962.500000,-1667.098902
9860.000000,17078.020963
-18378.000000,0.000001
-4144.500000,7178.484572
-3673.500000,-6362.688642
2802.000000,-0.000000
7802.000000,-13513.460401
-12539.000000,-21718.185076
2151.000000,-0.000000
7813.499999,-13533.378985
-11870.000000,-20559.443086
-19499.000000,0.000000
148.500000,-257.209545
13203.500000,22869.132838
18677.000000,-0.000000
810.000000,-1402.961154
-1143.000000,-1979.734073
216.000000,-0.000000
-777.500000,1346.669503
-3795.500000,-6573.998840
16874.000000,-0.000000
2844.000000,-4925.952497
5149.500000,8919.195633
16700.000000,-0.000000
12325.499999,-21348.392229
-7945.500000,-13762.009691
-21829.000000,0.000001
72.000000,-124.707658
4192.500000,7261.623011
298.000000,-0.000000
-13289.999999,23018.955233
-4636.500000,-8030.653569
2672.000000,-0.000000
8488.499999,-14702.513280
161.000000,278.860180
-645.000000,0.000000
-428.000000,741.317746
-4456.000000,-7718.018398
-2368.000000,0.000000
-9763.500000,16910.878060
622.500000,1078.201628
-18207.000000,0.000001
-4313.000000,7470.335133
4830.500000,8366.671426
-177.000000,0.000000
6045.000000,-10470.247132
13015.500001,22543.507285
-2971.000000,0.000000
-7574.499999,13119.418842
12043.000000,20859.087876
19373.000000,-0.000001
-806.000000,1396.032951
-10004.000000,-17327.436279
22045.000000,-0.000001
-9455.999999,16378.272437
-6626.000000,-11476.568651
-171.000000,-0.000000
-2857.000000,4948.469157
8228.500000,14252.180070
-19547.000000,-0.000000
-4205.000000,7283.273646
-2943.000000,-5097.425527
-16874.000000,0.000000
-5760.999999,9978.344703
537.000000,930.111284
2633.000000,-0.000000
-14205.000000,24603.781722
-4810.500001,-8332.030409
2628.000000,-0.000000
507.500000,-879.015785
4862.500001,8422.097051
-17001.000000,0.000000
-3542.500000,6135.789986
8259.000000,14305.007620
21178.000000,-0.000000
-7704.500000,13344.585447
7989.500000,13838.219927
-470.000000,0.000000
-524.000000,907.594623
5323.500000,9220.572474
0.000000,-0.000000
-14569.000000,25234.248216
-576.500000,-998.527291
298.000000,-0.000000
-9157.000000,15860.389245
-102.000000,-176.669182
-18848.000000,0.000000
-4862.500000,8422.097052
-1047.500000,-1814.323221
21479.000000,-0.000001
-8348.000000,14459.160142
-4918.000000,-8518.225871
-16353.000000,0.000000
3198.000000,-5539.098483
-12746.500001,-22077.585618
2498.000000,-0.000000
-1177.500000,2039.489826
-9143.500001,-15837.006559
18508.000000,-0.000001
3598.500000,-6232.784831
120.000000,207.846097
-18981.000000,0.000001
-12629.999999,21875.801700
7332.500000,12700.262546
19499.000000,-0.000001
4918.500000,-8519.091897
-10151.000001,-17582.047747
-2669.000000,-0.000000
3987.000000,-6905.686570
-8034.500001,-13916.162213
-19159.000000,0.000001
-4800.500000,8314.709902
9463.000001,16390.396792
18680.000000,-0.000001
12564.000000,-21761.486346
-3728.500000,-6457.951436
-470.000000,0.000000
-14788.000000,25613.567342
485.000000,840.044642
2495.000000,-0.000000
-6628.000000,11480.032753
1769.500000,3064.863904
3146.000000,-0.000000
-4560.500000,7899.017708
4725.500000,8184.806091
0.000000,-0.000000
14402.500000,-24945.861756
4583.000000,7937.988851
-3317.000000,0.000000
-8861.499999,15348.568232
4103.500000,7107.470489
174.000000,-0.000000
-14796.999998,25629.155801
-427.500000,-740.451720
472.000000,-0.000000
-8268.999999,14322.328128
8968.500000,15533.897668
-21525.000000,0.000000
1213.000000,-2100.977630
13845.000000,23980.243431
-2022.000000,0.000000
1247.000000,-2159.867357
-1201.000000,-2080.193020
-2196.000000,0.000000
5186.000000,-8982.415488
-9440.000001,-16350.559623
-19328.000000,0.000000
-14400.000000,24941.531629
248.500000,430.414626
21826.000000,-0.000000
8077.500000,-13990.640398
-4267.000000,-7390.660796
2030.000000,-0.000000
77.000000,-133.367912
-218.000000,-377.587076
2146.000000,-0.000000
-12908.499999,22358.177850
4226.500000,7320.512738
-18851.000000,0.000001
1199.000000,-2076.728918
12982.500001,22486.349609
19330.000000,-0.000001
-190.000000,329.089653
-13718.000001,-23760.272978
0.000000,-0.000000
5500.000000,-9526.279442
8408.000001,14563.083190
-19330.000000,0.000001
-4613.500000,7990.816401
-9213.000001,-15957.384090
18851.000000,-0.000001
-4182.000000,7243.436477
11642.000001,20164.535501
-2799.000000,0.000000
-8882.499999,15384.941299
5455.500000,9449.203181
-2154.000000,0.000000
-1009.000000,1747.639265
14298.000001,24764.862446
19671.000000,-0.000001
1093.000000,-1893.131533
2889.000000,5003.894783
2543.000000,0.000000
-7080.999999,12264.651769
7719.500001,13370.566209
21348.000000,0.000000
9168.999999,-15881.173855
-4385.500000,-7595.908816
2374.000000,0.000000
21.500000,-37.239092
219.000000,379.319127
21004.000000,-0.000000
7157.000000,-12396.287630
-11761.500001,-20371.515573
-17003.000000,0.000001
-4415.000000,7647.004315
8887.500001,15393.601552
2324.000000,-0.000000
-5320.000000,9214.510296
-8203.500000,-14208.878800
21530.000000,-0.000001
7486.000000,-12966.132346
1080.000000,1870.614872
-2.000000,0.000000
9598.500000,-16625.089677
237.500000,411.362067
-21183.000000,0.000000
-8327.000000,14422.787075
4844.000000,8390.054112
16525.000000,-0.000000
12339.000000,-21371.774915
4423.500000,7661.726747
19074.000000,-0.000000
-581.500000,1007.187545
-10214.500000,-17692.032974
21392.000000,-0.000000
-10022.000000,17358.613194
-151.500000,-262.405697
-478.000000,0.000000
-1458.000000,2525.330077
5779.000000,10009.521617
341.000000,-0.000000
-5131.500000,8888.018719
-789.000000,-1366.588087
19376.000000,-0.000001
5126.500000,-8879.358465
2921.000000,5059.320409
18852.000000,-0.000001
995.500000,-1724.256579
-4702.000000,-8144.102897
-16483.000000,0.000001
3331.000000,-5769.461240
-8457.500001,-14648.819705
21474.000000,-0.000001
-9168.999999,15881.173855
-5858.000000,-10146.353631
-19152.000000,0.000001
-106.000000,183.597386
5101.000000,8835.191169
18855.000000,-0.000001
178.500000,-309.171069
7364.500001,12755.688172
21696.000000,-0.000001
-7903.000000,13688.397532
-6002.000001,-10395.768947
-19158.000000,0.000001
-9221.999999,15972.972548
4148.000000,7184.546750
19026.000000,-0.000001
-536.500000,929.245258
-1693.000000,-2932.362017
19203.000000,-0.000001
4713.000000,-8163.155456
-8682.000000,-15037.665111
-21699.000000,0.000001
-618.000000,1070.407399
2073.500000,3591.407349
-19375.000000,0.000000
3631.000000,-6289.076483
907.000000,1570.970082
2802.000000,-0.000000
-3741.500000,6480.468097
-4874.500001,-8442.881661
2500.000000,-0.000000
9039.500000,-15656.873275
938.000000,1624.663657
0.000000,-0.000000
1245.000000,-2156.403255
8090.000001,14012.291033
-2495.000000,0.000000
5837.000000,-10109.980564
4507.500001,7807.219015
-2673.000000,0.000000
-312.000000,540.399852
1542.500000,2671.688371
-20874.000000,0.000000
537.500000,-930.977309
9558.000000,16554.941619
123.000000,-0.000000
10019.000000,-17353.417041
-3716.500000,-6437.166826
-19325.000000,0.000000
106.500000,-184.463411
4636.500000,8030.653569
19330.000000,-0.000001
-994.500000,1722.524528
-14537.000001,-25178.822589
177.000000,-0.000000
5618.000000,-9730.661437
-1189.000000,-2059.408410
-22046.000000,0.000001
299.000000,-517.883191
-7625.000000,-13206.887407
-18556.000000,0.000001
-4414.000000,7645.272265
4780.500000,8280.068885
2.000000,-0.000000
14142.499999,-24495.528547
5397.000000,9347.878208
18209.000000,-0.000001
8579.999999,-14860.995929
-89.500000,-155.018547
3013.000000,-0.000000
-11860.499999,20542.988604
2161.500000,3743.827820
343.000000,-0.000000
-2510.000000,4347.447527
12198.000001,21127.555750
15880.000000,0.000000
4221.500000,-7311.852484
5923.500001,10259.802958
-2625.000000,-0.000000
6750.499999,-11692.208977
-3010.000000,-5213.472931
-2202.000000,0.000000
-9495.500000,16446.688443
712.000000,1233.220175
-18677.000000,0.000001
-4715.000000,8166.619558
8475.500001,14679.996619
21651.000000,-0.000001
358.000000,-620.074189
-14045.000001,-24326.653591
-19325.000000,0.000001
11.000000,-19.052559
4106.000000,7111.800616
-2368.000000,0.000000
-8498.500000,14719.833788
-118.000000,-204.381995
475.000000,-0.000000
7686.999999,-13314.274558
-12846.500000,-22250.790699
-18858.000000,0.000000
-7582.499999,13133.275249
8056.000000,13953.401306
-2669.000000,0.000000
4441.999999,-7693.769688
5353.500000,9272.533998
18550.000000,-0.000000
-462.000000,800.207473
9581.500000,16595.644813
47.000000,-0.000000
8921.000000,-15451.625254
5751.000000,9961.024194
19153.000000,-0.000000
8193.500000,-14191.558292
-13308.000002,-23050.132146
-16658.000000,0.000000
-13927.999999,24124.003648
680.000000,1177.794549
-346.000000,0.000000
7570.500000,-13112.490639
6332.000000,10967.345713
-2193.000000,0.000000
46.500000,-80.540363
461.000000,798.475422
-21527.000000,0.000001
-8226.500000,14248.715969
12848.500001,22254.254801
173.000000,-0.000000
-12675.499999,21954.610012
7056.000000,12221.350498
19502.000000,-0.000001
-2505.000000,4338.787273
8212.000001,14223.601231
-21826.000000,0.000001
1225.500000,-2122.628265
13886.500001,24052.123539
-2027.000000,0.000000
1288.500000,-2231.747466
-1116.500000,-1933.834727
-2326.000000,0.000000
4575.000000,-7924.132445
-4535.000000,-7854.850412
-2802.000000,0.000000
-9011.499999,15608.375853
12247.000000,21212.426240
19373.000000,-0.000001
275.000000,-476.313972
-1612.000000,-2792.065902
21871.000000,-0.000001
-7187.499999,12449.115180
1774.000000,3072.658133
2022.000000,0.000000
1082.000000,-1874.078974
256.000000,443.405007
2495.000000,-0.000000
4651.000000,-8055.768306
-4982.500001,-8629.943148
-174.000000,0.000000
4732.500000,-8196.930447
-3405.000000,-5897.633000
-298.000000,0.000000
2826.000000,-4894.775582
-94.500000,-163.678801
19330.000000,-0.000000
4615.000000,-7993.414477
-8499.000001,-14720.699813
-19026.000000,0.000001
-4152.500000,7192.340978
4119.500000,7135.183302
-19376.000000,0.000001
-7939.000000,13750.751361
4213.000000,7297.130052
301.000000,-0.000000
-6137.000000,10629.595806
-12760.000000,-22100.968304
523.000000,-0.000000
4682.000000,-8109.461881
12089.000000,20938.762212
16181.000000,-0.000000
-3438.000000,5954.790677
-87.000000,-150.688420
-21009.000000,0.000001
452.500000,-783.752990
9598.000000,16624.223651
-2329.000000,0.000000
5794.000000,-10035.502379
13247.500001,22945.343073
16705.000000,-0.000001
4723.500000,-8181.341990
177.000000,306.572993
-2327.000000,0.000000
4534.500000,-7853.984387
1254.500000,2172.857738
-21353.000000,0.000001
8103.999999,-14036.539745
-8182.000001,-14171.639707
-2369.000000,0.000000
4200.000000,-7274.613392
-8429.500001,-14600.322282
-21866.000000,0.000001
-427.000000,739.585695
681.500000,1180.392625
-18900.000000,0.000001
-5183.500000,8978.085361
-12368.500001,-21422.870413
-18548.000000,0.000001
-426.000000,737.853644
-147.500000,-255.477494
-2715.000000,0.000000
4437.000000,-7685.109433
-8019.000001,-13889.315425
-19156.000000,0.000001
2204.500000,-3818.306005
-7103.000001,-12302.756886
19200.000000,-0.000001
3156.500000,-5467.218374
3982.500000,6897.892341
16528.000000,-0.000001
4886.000000,-8462.800246
203.500000,352.472339
-21313.000000,0.000001
983.000000,-1702.605944
12993.000000,22504.536143
16697.000000,-0.000001
-3025.000000,5239.453693
12413.500000,21500.812700
16403.000000,-0.000000
13315.999998,-23063.988554
5854.000000,10139.425427
-2332.000000,0.000000
1211.000000,-2097.513528
8559.500000,14825.488887
-21012.000000,0.000000
-8272.500000,14328.390306
4710.500001,8158.825329
16699.000000,-0.000000
2837.500000,-4914.694167
4279.000001,7411.445405
17049.000000,-0.000000
-3144.500000,5446.433764
6821.500001,11815.184583
-2633.000000,0.000000
5948.000000,-10302.238204
3896.000000,6748.069946
-2631.000000,0.000000
-8035.500000,13917.894264
11824.000001,20479.768748
17176.000000,-0.000000
-2582.000000,4472.155185
6476.000000,11216.761030
346.000000,-0.000000
-7632.500000,13219.877789
-6198.000000,-10735.250905
2664.000000,-0.000000
487.000000,-843.508743
-5189.500000,-8988.477666
-475.000000,0.000000
5633.500000,-9757.508225
13363.000001,23145.394941
18725.000000,-0.000001
-557.500000,965.618325
-666.000000,-1153.545838
18725.000000,-0.000001
-3838.000000,6647.611000
13125.500001,22734.032874
-475.000000,0.000000
3061.500000,-5302.673548
-7497.500001,-12986.050929
3315.000000,-0.000000
-5719.500000,9906.464594
-14140.000001,-24491.198418
-168.000000,0.000000
4615.000000,-7993.414477
4833.000000,8371.001553
-518.000000,-0.000000
4284.500000,-7420.971685
-3018.500000,-5228.195362
-16356.000000,-0.000000
-3558.000000,6162.636774
8464.000001,14660.078035
-346.000000,-0.000000
-8711.499999,15088.760611
5340.000001,9249.151312
-2664.000000,0.000000
7380.000000,-12782.534960
6492.500001,11245.339868
301.000000,-0.000000
-4842.500000,8387.456036
-4264.000000,-7385.464643
-15708.000000,0.000001
-12122.000000,20995.919889
2562.500000,4438.380194
-518.000000,0.000000
5632.500000,-9755.776174
4766.000000,8254.954149
3.000000,-0.000000
-3790.000000,6564.472561
4499.500000,7793.362609
2.000000,-0.000000
13114.000000,-22714.114291
-3666.000000,-6349.698260
-344.000000,0.000000
-13880.499998,24041.731235
-5308.000000,-9193.725686
-18722.000000,0.000000
-416.000000,720.533136
-8749.500000,-15154.578541
-19246.000000,0.000000
-13668.499999,23674.536464
-3763.000000,-6517.707189
-16351.000000,0.000000
3646.000000,-6315.057244
75.500000,130.769836
18815.000000,-0.000000
4704.500000,-8148.433024
-9580.000000,-16593.046736
-19195.000000,0.000001
-12402.999999,21482.626167
3318.500000,5747.810605
-16877.000000,0.000001
-3611.500000,6255.301492
658.500000,1140.555457
1985.000000,-0.000000
2525.000000,-4373.428289
-6943.500000,-12026.494782
2633.000000,-0.000000
-6053.500000,10484.969564
-3253.500000,-5635.227302
-16226.000000,0.000001
-3982.500000,6897.892341
5027.500000,8707.885435
-18899.000000,0.000001
537.000000,-930.111284
1103.000000,1910.452041
-171.000000,0.000000
-84.000000,145.492268
9138.500001,15828.346305
21226.000000,-0.000001
8857.499999,-15341.640028
-797.500000,-1381.310519
21700.000000,-0.000001
-8045.499999,13935.214773
-6614.000000,-11455.784041
2193.000000,-0.000000
-866.000000,1499.955999
-9083.500000,-15733.083511
0.000000,-0.000000
-86.000000,148.956369
-29.500000,-51.095499
-2368.000000,0.000000
14602.499998,-25292.271918
1125.000000,1948.557158
-19503.000000,0.000000
3452.500000,-5979.905413
-7701.500001,-13339.389294
298.000000,-0.000000
-8326.499999,14421.921050
7006.500001,12135.613983
349.000000,-0.000000
-8258.500000,14304.141594
-1761.000000,-3050.141472
19026.000000,-0.000000
-4581.500000,7935.390775
-1706.500000,-2955.744703
-473.000000,0.000000
-9395.500000,16273.483363
192.500000,333.419780
2664.000000,-0.000000
-5546.000000,9605.953779
-4584.000000,-7939.720902
349.000000,-0.000000
3881.000000,-6722.089184
-5317.000000,-9209.314144
16007.000000,-0.000001
-4488.500000,7774.310050
-898.500000,-1556.247651
-18809.000000,0.000000
-5805.000000,10054.554938
-9082.000000,-15730.485434
18674.000000,-0.000001
-4173.500000,7228.714046
13050.500001,22604.129064
-123.000000,0.000000
2912.500000,-5044.597977
-7971.000000,-13806.176987
22342.000000,-0.000001
120.500000,-208.712122
-6451.500000,-11174.325785
-470.000000,0.000000
5839.000000,-10113.444666
3458.000000,5989.431692
-523.000000,0.000000
-13143.999999,22766.075815
-5290.000000,-9162.548772
-16181.000000,0.000001
-14140.999999,24492.930470
-976.500000,-1691.347614
21175.000000,-0.000001
-9736.999999,16864.978714
-801.000000,-1387.372697
-123.000000,-0.000000
-492.500000,853.035023
3985.500000,6903.088493
19671.000000,-0.000001
1008.000000,-1745.907214
-6465.000001,-11197.708471
517.000000,-0.000000
6325.500000,-10956.087383
-1809.000000,-3133.279911
-2503.000000,0.000000
-1988.000000,3443.317005
6604.000001,11438.463533
-2630.000000,0.000000
-2482.500000,4299.816130
11510.000001,19935.904794
16398.000000,-0.000001
-3105.500000,5378.883783
11392.500000,19732.388825
16398.000000,-0.000001
-2957.000000,5121.674238
11748.000000,20348.132887
-2151.000000,0.000000
-8537.999999,14788.249796
93.000000,161.080725
472.000000,-0.000000
755.500000,-1308.564385
3566.000000,6176.493180
-19204.000000,0.000000
787.000000,-1363.123986
-7627.000000,-13210.351509
-21525.000000,0.000000
-473.500000,820.126057
14152.000000,24511.983028
17006.000000,-0.000000
6075.500000,-10523.074681
7497.500001,12986.050929
-2495.000000,0.000000
5586.000000,-9675.235811
-9126.000001,-15806.695669
-19026.000000,0.000000
-4380.500000,7587.248563
-4701.500000,-8143.236872
2453.000000,-0.000000
8643.500000,-14970.981155
-12160.000001,-21061.737820
-17176.000000,0.000000
-5656.500000,9797.345393
1730.500000,2997.313922
-2.000000,0.000000
6885.000000,-11925.169810
-3497.000000,-6056.981674
16708.000000,-0.000001
2982.500000,-5165.841534
-4167.500000,-7218.321740
19200.000000,-0.000001
7315.500000,-12670.817683
-13089.500001,-22671.679045
-18855.000000,0.000001
-277.000000,479.778074
-7644.000001,-13239.796373
-21572.000000,0.000001
8686.999999,-15046.325366
1840.500000,3187.839511
-21217.000000,0.000001
9834.499999,-17033.853667
965.500000,1672.295055
-39.000000,0.000000
8809.999999,-15259.367615
-12962.500000,-22451.708593
-16872.000000,0.000001
-4056.500000,7026.064101
-5289.000000,-9160.816721
-16874.000000,0.000001
-12997.499999,22512.330372
-778.500000,-1348.401554
-515.000000,-0.000000
-10028.999999,17370.737550
5620.000001,9734.125538
-168.000000,-0.000000
2696.500000,-4670.475003
1780.000000,3083.050437
3143.000000,-0.000000
-4648.000000,8050.572154
-4756.500001,-8238.499666
2676.000000,-0.000000
45.000000,-77.942286
-1760.500000,-3049.275447
21009.000000,-0.000001
-8354.500000,14470.418472
-6056.000001,-10489.299690
-16702.000000,0.000001
-12476.500000,21609.931901
4374.500000,7576.856258
-16699.000000,0.000001
-3952.500000,6845.930817
9286.000000,16083.823799
21313.000000,-0.000002
955.000000,-1654.108521
4379.000000,7584.650486
-16525.000000,0.000000
-2887.500000,5001.296707
5014.500000,8685.368774
-18899.000000,0.000000
776.000000,-1344.071427
-13.500000,-23.382686
301.000000,-0.000000
-475.500000,823.590159
-14464.000001,-25052.382880
-298.000000,0.000000
-3407.000000,5901.097101
11344.000001,19648.384361
18207.000000,-0.000001
-818.500000,1417.683586
-8173.500000,-14156.917275
2844.000000,-0.000000
-4962.500000,8595.302133
4649.000000,8052.304204
3143.000000,-0.000000
10213.499999,-17690.300923
-4341.000000,-7518.832556
-645.000000,0.000000
13113.499999,-22713.248266
-3923.500000,-6795.701343
-2844.000000,0.000000
-9216.499999,15963.446268
542.000000,938.771538
-21355.000000,0.000001
7197.999999,-12467.301713
-1408.000000,-2438.727537
-2495.000000,0.000000
7278.999999,-12607.597829
5721.000000,9909.062670
19327.000000,-0.000001
1054.500000,-1826.447577
4576.000000,7925.864495
-16312.000000,0.000001
4766.500000,-8255.820174
1157.000000,2003.982784
18680.000000,-0.000001
13429.499999,-23260.576321
5559.500001,9629.336464
-2669.000000,0.000000
9383.499999,-16252.698753
1685.500000,2919.371636
-18682.000000,0.000001
3362.500000,-5824.020841
-8400.000000,-14549.226784
21178.000000,-0.000001
-9999.999999,17320.508076
-1392.500000,-2411.880750
2673.000000,-0.000000
-14110.999998,24440.968947
-4713.500000,-8164.021481
2842.000000,-0.000000
-1232.500000,2134.752620
521.500000,903.264496
19026.000000,-0.000000
5026.500000,-8706.153384
8634.500001,14955.392697
-2320.000000,0.000000
13617.500000,-23586.201872
-7911.500001,-13703.119964
-177.000000,0.000000
-424.500000,735.255568
-3460.000000,-5992.895794
-19503.000000,0.000000
8486.000000,-14698.183153
5488.500000,9506.360857
-2196.000000,0.000000
-7124.000000,12339.129953
7082.000000,12266.383819
-1849.000000,0.000000
6322.000000,-10950.025206
-1675.500000,-2902.051128
-304.000000,0.000000
-8518.000000,14753.608779
-345.000000,-597.557529
21397.000000,-0.000001
7789.000000,-13490.943740
-582.500000,-1008.919595
19026.000000,-0.000001
4918.000000,-8518.225872
-9645.000001,-16705.630039
-21183.000000,0.000001
-7765.500000,13450.240546
8571.000001,14845.407471
-2332.000000,0.000000
13980.999999,-24215.802341
4237.000000,7338.699272
16398.000000,-0.000001
-3217.500000,5572.873473
12292.500001,21291.234552
16745.000000,-0.000001
5324.000000,-9221.438500
12605.000001,21832.500429
16223.000000,-0.000001
5271.000000,-9129.639807
3734.500000,6468.343741
512.000000,-0.000000
-12009.999999,20801.930199
2246.000000,3890.186114
343.000000,0.000000
-3471.000000,6011.948353
3231.000000,5596.256159
18375.000000,0.000000
-610.000000,1056.550993
408.500000,707.542755
45.000000,-0.000000
8739.000000,-15136.392007
4755.000000,8235.901590
19021.000000,-0.000001
370.500000,-641.724824
-269.500000,-466.787693
44.000000,-0.000000
-850.500000,1473.109212
4581.500001,7935.390775
19674.000000,-0.000001
-8312.000000,14396.806313
2739.000000,4744.087162
0.000000,-0.000000
5553.000000,-9618.078134
-55.500000,-96.128820
-19674.000000,0.000001
-13954.499998,24169.902995
903.000000,1564.041879
-44.000000,0.000000
8207.499999,-14215.807004
807.000000,1397.765002
-19195.000000,0.000000
-11731.499998,20319.554050
7676.500000,13296.088024
2154.000000,-0.000000
-5510.500000,9544.465975
-7518.000000,-13021.557971
2804.000000,-0.000000
3559.000000,-6164.368824
-4357.500000,-7547.411394
-18722.000000,0.000000
645.500000,-1118.038796
-8024.000001,-13897.975679
-21570.000000,0.000001
-724.000000,1254.004785
697.500000,1208.105438
-21051.000000,0.000001
-7560.000000,13094.304105
7320.500000,12679.477937
-2495.000000,0.000000
-2560.500000,4434.916093
12715.000001,22023.026018
18380.000000,-0.000001
8632.499999,-14951.928597
-89.500000,-155.018547
3013.000000,-0.000000
-12918.499999,22375.498358
-4791.500000,-8299.121444
174.000000,-0.000000
12813.499999,-22193.633023
4301.500000,7450.416549
18680.000000,-0.000001
-6917.499999,11981.461462
2338.500000,4050.400813
-19325.000000,0.000001
1005.000000,-1740.711062
5238.000000,9072.482130
-50.000000,0.000000
-5037.000000,8724.339918
-3318.000000,-5746.944580
-18674.000000,0.000001
-1018.000000,1763.227722
5838.500000,10112.578640
18983.000000,-0.000001
7114.499999,-12322.675471
-11955.000001,-20706.667404
-18852.000000,0.000001
728.000000,-1260.932988
9676.000001,16759.323613
-21223.000000,0.000000
655.500000,-1135.359304
1115.000000,1931.236650
-2543.000000,0.000000
13457.999999,-23309.939769
1392.000000,2411.014724
-19154.000000,0.000000
-3514.500000,6087.292563
8251.000001,14291.151213
18851.000000,-0.000000
5318.500000,-9211.912220
4670.000001,8088.677271
-2149.000000,0.000000
9127.000000,-15808.427721
1122.500000,1944.227031
-1678.000000,0.000000
14701.000000,-25462.878922
-740.000000,-1281.717598
-2842.000000,0.000000
6438.500000,-11151.809125
-149.500000,-258.941596
-19199.000000,0.000002
3792.500000,-6568.802688
-11420.000000,-19780.020222
-18900.000000,0.000000
645.500000,-1118.038796
10032.500000,17376.799727
-21868.000000,0.000001
9483.000000,-16425.037808
5252.500000,9097.596867
-2193.000000,0.000000
-8399.500000,14548.360758
-1320.500000,-2287.173091
176.000000,-0.000000
-9414.499999,16306.392328
-975.500000,-1689.615563
-347.000000,0.000000
-8356.999999,14474.748599
8970.500001,15537.361769
-18375.000000,0.000001
-3048.000000,5279.290862
4594.000000,7957.041410
-47.000000,0.000000
13664.999999,-23668.474286
-8220.000001,-14237.457638
-19328.000000,0.000001
-13114.499999,22714.980316
8217.500001,14233.127511
19198.000000,-0.000001
4218.000000,-7305.790307
4196.000000,7267.685188
16708.000000,-0.000001
4890.000000,-8469.728449
-1501.000000,-2599.808262
-5.000000,0.000000
1542.000000,-2670.822345
-4758.000000,-8241.097742
-16832.000000,0.000001
-4874.000000,8442.015636
31.000000,53.693575
21657.000000,-0.000001
-201.500000,349.008238
-5359.500001,-9282.926303
2329.000000,-0.000000
1750.000000,-3031.088913
3276.000000,5674.198446
-17350.000000,0.000001
-13036.499999,22579.880354
676.000000,1170.866346
2799.000000,-0.000000
-4819.499999,8347.618867
3394.000000,5878.580441
650.000000,-0.000000
-2457.500000,4256.514860
-1825.000000,-3160.992724
-3148.000000,0.000000
3538.500000,-6128.861783
-3128.500000,-5418.720951
-2799.000000,0.000000
-773.000000,1338.875274
13005.500002,22526.186777
19029.000000,-0.000000
-8821.000000,15278.420174
-1178.500000,-2041.221877
2672.000000,-0.000000
-12908.500000,22358.177850
4224.500001,7317.048636
-18725.000000,0.000000
10095.500000,-17485.918928
1652.000000,2861.347934
-21570.000000,0.000001
8971.500000,-15539.093820
-7839.000000,-13577.546280
-21046.000000,0.000001
-707.000000,1224.559921
-8430.000000,-14601.188308
-2369.000000,0.000000
4329.000000,-7498.047946
-19.000000,-32.908965
-21348.000000,0.000001
-488.500000,846.106820
-8163.500000,-14139.596767
-2374.000000,0.000000
5099.500000,-8832.593093
9482.000001,16423.305757
-21821.000000,0.000001
1244.000000,-2154.671205
13145.500001,22768.673890
19150.000000,-0.000001
1006.500000,-1743.309138
-4727.000000,-8187.404167
-18978.000000,0.000001
1051.000000,-1820.385399
13144.000001,22766.075814
18508.000000,-0.000001
532.500000,-922.317055
-1046.500000,-1812.591170
2675.000000,-0.000000
-3644.500000,6312.459168
-4444.500000,-7698.099814
-18725.000000,0.000001
8807.499999,-15255.037488
-6812.000001,-11798.730101
-21744.000000,-0.000000
7640.999999,-13234.600221
-6239.000001,-10806.264988
-18852.000000,-0.000000
3438.000000,-5954.790677
-148.500000,-257.209545
19327.000000,-0.000000
-3497.500000,6057.847700
-2060.500000,-3568.890689
44.000000,-0.000000
-9343.000000,16182.550695
-213.500000,-369.792847
18894.000000,-0.000001
12532.500000,-21706.926746
5268.500001,9125.309679
16052.000000,-0.000001
12359.500000,-21407.281956
-2551.500000,-4419.327635
45.000000,-0.000000
-6615.500000,11458.382118
-73.500000,-127.305734
21995.000000,-0.000002
-7939.500000,13751.617387
3451.000000,5977.307337
-18854.000000,0.000001
8961.499999,-15521.773313
-8252.000000,-14292.883264
-173.000000,0.000000
-9686.499999,16777.510148
-579.500000,-1003.723443
20882.000000,-0.000000
-593.000000,1027.106129
9589.000000,16608.635194
2495.000000,-0.000000
5051.500000,-8749.454655
-4015.500000,-6955.050018
-18856.000000,0.000001
964.000000,-1669.696979
3618.500000,6267.425847
19026.000000,-0.000001
-8050.500000,13943.875027
6176.000000,10697.145787
19550.000000,-0.000001
-3619.500000,6269.157898
-769.500000,-1332.813096
-2500.000000,0.000000
5288.000000,-9159.084671
9631.000001,16681.381327
-22172.000000,0.000001
1319.500000,-2285.441041
13771.500001,23852.937696
-45.000000,0.000000
-3729.000000,6458.817462
-4057.500000,-7027.796152
-15875.000000,0.000001
4745.500000,-8219.447108
-3861.000000,-6687.448168
2455.000000,-0.000000
1685.500000,-2919.371636
4435.500000,7682.511357
-19542.000000,0.000001
10183.999999,-17639.205425
805.500000,1395.166925
-18724.000000,0.000001
-3242.500000,5616.174744
-5969.500001,-10339.477295
301.000000,-0.000000
-1937.500000,3355.848440
6607.000000,11443.659686
-470.000000,0.000000
740.000000,-1281.717598
-487.000000,-843.508743
21525.000000,-0.000001
728.000000,-1260.932988
3808.000000,6595.649475
2025.000000,-0.000000
1157.500000,-2004.848810
9220.500001,15970.374471
2498.000000,-0.000000
-4656.999999,8066.160611
-4971.500001,-8610.890589
132.000000,-0.000000
-2718.500000,4708.580121
8239.500001,14271.232628
-19373.000000,0.000000
4073.000000,-7054.642939
-11376.500001,-19704.676011
-18553.000000,0.000000
-510.500000,884.211937
1093.000000,1893.131533
-3013.000000,0.000000
12865.500000,-22283.699665
6065.000000,10504.888148
174.000000,-0.000000
-3589.000000,6216.330348
3137.500000,5434.309409
171.000000,-0.000000
-3366.000000,5830.083018
4508.500000,7808.951066
-3318.000000,0.000000
-1823.500000,3158.394648
6860.500000,11882.734565
817.000000,-0.000000
3805.000000,-6590.453323
-4690.000000,-8123.318287
346.000000,-0.000000
4538.000000,-7860.046565
-4322.500000,-7486.789616
18854.000000,-0.000001
-324.500000,562.050487
4114.000000,7125.657022
2847.000000,-0.000000
10094.499999,-17484.186877
-4159.500000,-7204.465334
2146.000000,-0.000000
10257.999999,-17767.377184
-4865.500000,-8427.293204
-19501.000000,0.000001
-75.000000,129.903811
-4650.000000,-8054.036255
18855.000000,-0.000001
-9423.999999,16322.846811
7613.500001,13186.968823
21874.000000,-0.000001
975.000000,-1688.749537
4033.000000,6985.360907
2019.000000,0.000000
1408.500000,-2439.593563
8505.500001,14731.958143
2022.000000,-0.000000
-4167.500000,7218.321741
-1213.000000,-2100.977630
21525.000000,-0.000001
-8894.000000,15404.859882
-1482.000000,-2566.899297
-473.000000,0.000000
-10095.000000,17485.052902
5488.500001,9506.360857
648.000000,-0.000000
-4756.500000,8238.499666
4650.000000,8054.036255
472.000000,-0.000000
13977.000000,-24208.874137
-8250.500000,-14290.285188
-21693.000000,0.000001
302.500000,-523.945369
74.500000,129.037785
-47.000000,0.000000
1618.000000,-2802.458207
3719.500000,6442.362979
-16653.000000,0.000000
-3501.500000,6064.775903
-1373.500000,-2378.971784
18981.000000,-0.000000
-3609.500000,6251.837390
-43.500000,-75.344210
-21995.000000,0.000000
8218.999999,-14235.725588
5497.500000,9521.949315
467.000000,-0.000000
-13199.500000,22862.204635
-4877.000001,-8447.211788
346.000000,-0.000000
4616.500000,-7996.012553
12595.500002,21816.045946
18550.000000,-0.000000
-7705.500000,13346.317498
7894.000000,13672.809075
21744.000000,-0.000001
8839.000000,-15309.597088
-565.000000,-978.608706
19023.000000,-0.000001
5926.500000,-10264.999111
-1331.500000,-2306.225650
-21178.000000,0.000001
-6522.000000,11296.435367
7081.000000,12264.651768
-2374.000000,0.000000
5392.000000,-9339.217955
-9169.000001,-15881.173854
-21348.000000,0.000001
463.000000,-801.939524
-20.000000,-34.641016
-2543.000000,0.000000
13360.499999,-23141.064815
-7005.500001,-12133.881932
-19024.000000,0.000001
3986.500000,-6904.820545
-4861.500000,-8420.365001
2971.000000,-0.000000
-7564.999999,13102.964360
-5615.500000,-9726.331310
-168.000000,0.000000
12669.999999,-21945.083733
-8583.500000,-14867.058107
-822.000000,0.000000
-1082.000000,1874.078974
-9188.500001,-15914.948845
2365.000000,-0.000000
-13590.999999,23540.302526
8262.000001,14310.203772
19373.000000,-0.000000
12424.999999,-21520.731285
-4399.000000,-7619.291502
16875.000000,-0.000000
-4756.499999,8238.499666
-732.500000,-1268.727216
-2156.000000,0.000000
5346.500000,-9260.409643
9182.500001,15904.556540
-304.000000,0.000000
9277.000000,-16068.235342
444.000000,769.030559
21693.000000,-0.000001
86.000000,-148.956369
-5695.500001,-9864.895374
47.000000,-0.000000
-4347.000000,7529.224861
2965.500000,5136.396670
16007.000000,-0.000001
-4402.500000,7625.353680
-908.500000,-1573.568159
-18505.000000,0.000001
-5351.500000,9269.069897
-12846.000000,-22249.924674
-50.000000,0.000000
5163.000000,-8942.578320
9319.500000,16141.847501
-19325.000000,0.000000
-4505.999999,7804.620939
193.500000,335.151831
19502.000000,-0.000001
4769.999999,-8261.882353
-1837.500000,-3182.643359
-2669.000000,0.000000
-2013.000000,3486.618276
8313.000000,14398.538363
-19159.000000,0.000001
-3856.500000,6679.653940
9306.500001,16119.330840
19499.000000,-0.000001
4887.000000,-8464.532297
-948.500000,-1642.850191
-2968.000000,0.000000
-4445.000000,7698.965840
5125.500000,8877.626414
-650.000000,0.000000
2889.000000,-5003.894783
1954.500000,3385.293303
3148.000000,-0.000000
3470.000000,-6010.216302
-13405.000001,-23218.141075
2799.000000,-0.000000
-8470.999999,14672.202391
-5944.500000,-10296.176025
-19198.000000,0.000001
-326.000000,564.648563
-8889.000001,-15396.199628
-348.000000,0.000000
-74.500000,129.037785
-1070.000000,-1853.294364
-298.000000,0.000000
-8863.499999,15352.032333
3675.500000,6366.152743
18855.000000,-0.000001
-742.500000,1286.047725
399.500000,691.954298
2371.000000,-0.000000
4177.000000,-7234.776223
385.500000,667.705586
124.000000,-0.000000
106.500000,-184.463411
-8770.000000,-15190.085582
-18677.000000,0.000001
-5112.999999,8855.975779
-193.000000,-334.285806
19153.000000,-0.000000
4627.499999,-8015.065112
758.000000,1312.894512
-21995.000000,0.000000
-908.000000,1572.702133
5469.500001,9473.451892
-346.000000,0.000000
-14682.000000,25429.969957
862.500000,1493.893821
2971.000000,-0.000000
3804.000000,-6588.721272
-4002.000001,-6931.667332
-18680.000000,0.000000
227.000000,-393.175533
-4801.000001,-8315.575927
16660.000000,-0.000000
3246.000000,-5622.236921
-9914.500000,-17172.417731
171.000000,-0.000000
-7635.000000,13224.207916
2603.500000,4509.394277
-19162.000000,0.000002
-6941.500000,12023.030681
12108.500001,20972.537203
16354.000000,-0.000000
5053.000000,-8752.052731
4217.000000,7304.058255
19074.000000,-0.000001
7227.500000,-12518.397212
-7826.500000,-13555.895645
21220.000000,-0.000001
-604.000000,1046.158688
9406.500001,16292.535921
2844.000000,-0.000000
4854.500000,-8408.240646
-5122.000000,-8871.564236
124.000000,-0.000000
-2955.000000,5118.210136
-207.500000,-359.400543
-19499.000000,-0.000000
-6008.999999,10407.893303
314.000000,543.863954
21352.000000,-0.000001
-8604.999999,14904.297200
8088.500001,14009.692957
-168.000000,-0.000000
8207.000000,-14214.940978
-6439.000001,-11152.675150
-19032.000000,0.000001
-4638.500000,8034.117671
9004.500001,15596.251496
171.000000,0.000000
563.000000,-975.144605
4747.000000,8222.045184
17004.000000,-0.000001
13957.499999,-24175.099147
-613.500000,-1062.613170
219.000000,-0.000000
162.000000,-280.592231
-10170.500000,-17615.822738
18677.000000,-0.000001
3349.000000,-5800.638155
-8281.000001,-14343.112737
-18854.000000,0.000001
-4220.500000,7310.120433
4824.500000,8356.279121
2495.000000,-0.000000
8432.499999,-14605.518435
-8755.000001,-15164.104820
20705.000000,-0.000001
-752.000000,1302.502207
41.500000,71.880109
2371.000000,-0.000000
-4450.000000,7707.626094
8138.000001,14095.429471
22170.000000,-0.000002
-7056.999999,12223.082550
1676.500000,2903.783179
-475.000000,0.000000
-2224.000000,3852.080996
12255.000000,21226.282646
-475.000000,0.000000
-4391.999999,7607.167147
-1052.500000,-1822.983475
21694.000000,-0.000001
-8894.500000,15405.725908
-1440.500000,-2495.019188
-129.000000,-0.000000
-10124.999998,17537.014428
5023.500001,8700.957231
19370.000000,-0.000001
-643.000000,1113.708669
7611.500000,13183.504722
19547.000000,-0.000001
-3262.499999,5650.815760
-1849.500000,-3203.427968
-2501.000000,0.000000
-2790.500000,4833.287779
7274.500000,12599.803599
-21524.000000,0.000001
-7526.000000,13035.414378
-932.500000,-1615.137378
123.000000,-0.000000
-477.000000,826.188235
-13990.000001,-24231.390797
-19325.000000,0.000001
-9417.999999,16312.454506
4842.000000,8386.590010
19328.000000,-0.000002
7135.499999,-12359.048538
-13649.000001,-23640.761472
-295.000000,0.000000
-4465.500000,7734.472881
4874.000000,8442.015636
-523.000000,-0.000000
3461.000000,-5994.627845
-3849.500000,-6667.529584
-16178.000000,0.000001
-12056.999999,20883.336588
7828.000000,13558.493722
21476.000000,0.000000
1.000000,-1.732051
-3526.500000,-6108.077173
-18978.000000,0.000001
8425.999999,-14594.260105
4831.000001,8367.537451
16007.000000,-0.000000
-3092.000000,5355.501097
13039.000000,22584.210480
-130.000000,0.000000
4123.000000,-7141.245480
901.500000,1561.443803
515.000000,-0.000000
575.000000,-995.929214
3479.500000,6026.670785
16528.000000,-0.000001
5050.499999,-8747.722604
4726.000001,8185.672116
-2799.000000,0.000000
8608.000000,-14909.493352
6398.000000,11081.661067
168.000000,-0.000000
2768.500000,-4795.182661
-6919.500001,-11984.925562
0.000000,-0.000000
-1729.500000,2995.581872
6476.500000,11217.627055
-168.000000,0.000000
2844.000000,-4925.952497
1590.500000,2754.826809
2799.000000,-0.000000
-4705.500000,8150.165075
-3168.500000,-5488.002984
-16528.000000,0.000000
3599.000000,-6233.650857
1591.000000,2755.692835
-518.000000,0.000000
-586.000000,1014.981773
6152.000000,10655.576568
648.000000,-0.000000
2442.000000,-4229.668072
-11696.000001,-20258.066245
518.000000,0.000000
12982.499998,-22486.349611
5020.000000,8694.895054
15705.000000,-0.000001
4282.000000,-7416.641558
4886.000000,8462.800246
214.000000,0.000000
-5272.999999,9133.103909
-877.500000,-1519.874584
19539.000000,-0.000001
-2908.000000,5036.803749
11137.000001,19289.849843
16402.000000,-0.000001
4158.000000,-7201.867258
-4878.500001,-8449.809864
18719.000000,-0.000001
-807.000000,1397.765002
-954.500000,-1653.242496
2709.000000,-0.000000
-12540.000000,21719.917127
8204.500000,14210.610851
19370.000000,-0.000001
13271.999999,-22987.778319
5188.500001,8986.745615
16224.000000,-0.000001
5346.000000,-9259.543617
12766.500000,22112.226635
-2458.000000,0.000000
-8840.499999,15312.195165
3821.000000,6618.166135
19541.000000,-0.000001
-8988.999999,15569.404710
6722.000000,11642.845528
18899.000000,-0.000000
-2881.000000,4990.038377
11770.000001,20386.238004
-2498.000000,0.000000
-7218.999999,12503.674780
8729.500000,15119.937525
-21057.000000,0.000000
723.500000,-1253.138759
933.500000,1616.869429
-21353.000000,0.000002
88.500000,-153.286496
3878.000001,6716.893031
17001.000000,-0.000000
5482.000000,-9495.102527
-667.500000,-1156.143914
-2450.000000,0.000000
5762.999999,-9981.808804
12339.000002,21371.774914
19026.000000,-0.000000
-118.500000,205.248021
-13825.500001,-23946.468440
2667.000000,-0.000000
-533.500000,924.049106
-3707.500001,-6421.578369
-19499.000000,0.000001
-769.000000,1331.947071
4878.000000,8448.943839
18810.000000,-0.000001
-929.500000,1609.941226
-13797.000002,-23897.104991
-16181.000000,0.000002
-4240.500000,7344.761450
-5719.500000,-9906.464594
2321.000000,-0.000000
-7299.500000,12643.104870
7616.000000,13191.298951
21057.000000,-0.000002
7628.999999,-13213.815611
-8799.500001,-15241.181081
21356.000000,-0.000001
-127.000000,219.970453
-4845.000000,-8391.786163
-16533.000000,-0.000000
-2921.999999,5061.052460
3945.000000,6832.940436
-19198.000000,0.000001
-8161.999999,14136.998692
3771.500000,6532.429621
18981.000000,0.000000
131.000000,-226.898656
-5697.000001,-9867.493450
-18975.000000,0.000001
-278.500000,482.376150
-3624.500000,-6277.818152
18807.000000,0.000000
-366.500000,634.796621
4457.500000,7720.616474
-16824.000000,0.000001
-4681.500000,8108.595856
1642.500000,2844.893451
2278.000000,-0.000000
-4660.000000,8071.356763
5231.000000,9060.357774
-15877.000000,0.000001
4355.500000,-7543.947293
-13243.500002,-22938.414869
-515.000000,0.000000
-4820.000000,8348.484893
4702.500000,8144.968923
-515.000000,0.000000
-4744.999999,8218.581082
4227.500001,7322.244789
-15880.000000,0.000001
-12103.000000,20963.010924
-5924.000000,-10260.668984
2630.000000,-0.000000
-660.500000,1144.019558
-13393.000002,-23197.356465
1985.000000,-0.000000
8767.499999,-15185.755456
-3480.500000,-6028.402836
-17046.000000,0.000000
5412.500000,-9374.724996
-4129.000000,-7151.637784
-16875.000000,0.000001
-3698.999999,6406.855938
539.500000,934.441411
304.000000,-0.000000
9277.500000,-16069.101367
-238.000000,-412.228092
-1844.000000,0.000000
5231.999999,-9062.089826
-10192.500001,-17653.927856
-2673.000000,0.000000
-3095.500000,5361.563275
8131.500000,14084.171141
-21524.000000,0.000001
472.500000,-818.394007
1189.000000,2059.408410
-174.000000,0.000000
-800.000000,1385.640646
174.500000,302.242866
-645.000000,0.000000
-1318.500000,2283.708990
-3928.000001,-6803.495572
476.000000,-0.000000
-6237.000000,10802.800887
-12878.500001,-22306.216325
2669.000000,-0.000000
-75.000000,129.903811
8150.500000,14117.080107
0.000000,-0.000000
-7069.499999,12244.733184
8109.000001,14045.199998
-2498.000000,0.000000
5612.499999,-9721.135158
14096.000000,24414.988184
-2495.000000,-0.000000
1040.500000,-1802.198865
9394.500001,16271.751311
470.000000,-0.000000
9986.499999,-17297.125390
-3796.500000,-6575.730891
-19156.000000,0.000000
-117.000000,202.649944
5633.000001,9756.642199
16010.000000,-0.000001
4000.500000,-6929.069256
14001.500000,24251.309382
518.000000,-0.000000
-4702.000000,8144.102897
-3599.500000,-6234.516882
343.000000,-0.000000
4948.999999,-8571.919447
12414.000002,21501.678724
19029.000000,-0.000000
44.000000,-76.210236
-13825.500000,-23946.468440
169.000000,-0.000000
4354.499999,-7542.215242
-35.000000,-60.621778
-21997.000000,0.000000
-9307.000000,16120.196866
3827.000000,6628.558440
18981.000000,-0.000000
-8519.499999,14756.206856
3631.000001,6289.076482
-16007.000000,0.000001
-3112.500000,5391.008139
4538.500000,7860.912590
124.000000,-0.000000
6377.500000,-11046.154025
8640.000001,14964.918977
-296.000000,0.000000
100.500000,-174.071106
-756.000000,-1309.430410
18851.000000,-0.000001
-4270.500000,7396.722974
-1160.000000,-2009.178937
-21826.000000,0.000002
-9208.999999,15950.455887
4608.500000,7982.156147
-2678.000000,0.000000
-8881.499999,15383.209248
12771.500001,22120.886888
-1980.000000,0.000000
-7831.499999,13564.555900
12016.000001,20812.322503
17043.000000,-0.000001
-3148.500000,5453.361968
11391.000001,19729.790749
16573.000000,0.000000
-3150.999999,5457.692095
11393.000001,19733.254850
18896.000000,-0.000001
-7766.499999,13451.972597
8385.500001,14524.112046
-2.000000,-0.000000
9419.000000,-16314.186556
491.500000,851.302972
-19203.000000,0.000001
-13092.999999,22677.741224
784.500000,1358.793858
2669.000000,-0.000000
2913.500000,-5046.330028
236.000000,408.763991
19029.000000,-0.000001
5408.499999,-9367.796793
3202.000000,5546.026686
-2968.000000,0.000000
-9144.500000,15838.738610
5176.000000,8965.094980
473.000000,-0.000000
-5708.499999,9887.412035
-4119.500000,-7135.183302
-18725.000000,0.000001
-318.000000,550.792157
-7418.500000,-12849.218916
-18899.000000,0.000000
3888.000000,-6734.213540
-3532.000000,-6117.603452
2669.000000,-0.000000
8180.499999,-14169.041632
-8134.000000,-14088.501269
18730.000000,-0.000000
3113.500000,-5392.740189
4958.500001,8588.373929
16357.000000,-0.000001
12028.999998,-20834.839165
-7142.000000,-12370.306868
-19330.000000,0.000000
-5702.000000,9876.153705
1849.000000,3202.561943
2148.000000,-0.000000
2117.000000,-3666.751560
-7524.000001,-13031.950276
2503.000000,-0.000000
-6161.500000,10672.031051
-8993.500000,-15577.198938
132.000000,-0.000000
-1298.000000,2248.201948
-7818.500001,-13542.039238
-18896.000000,0.000001
-5449.500000,9438.810876
-4056.500000,-7026.064101
-16229.000000,0.000001
-12458.500000,21578.754986
3636.000001,6297.736736
2329.000000,-0.000000
1027.000000,-1778.816179
8760.000001,15172.765074
21358.000000,-0.000001
8403.999999,-14556.154987
-13631.000000,-23609.584558
2498.000000,-0.000000
656.500000,-1137.091355
-4952.500000,-8577.981624
-19026.000000,0.000001
517.500000,-896.336293
-215.500000,-373.256949
-2711.000000,0.000000
-3060.500000,5300.941497
8422.500001,14588.197926
-19370.000000,0.000001
-2963.000000,5132.066543
4449.000000,7705.894043
-16052.000000,-0.000000
-2885.499999,4997.832606
-5818.500001,-10077.937624
-211.000000,0.000000
6335.499999,-10973.407892
-1062.000000,-1839.437958
-19541.000000,0.000000
-3123.500000,5410.060697
-5051.000001,-8748.588629
-16700.000000,0.000001
-3923.500000,6795.701344
212.000000,367.194771
-45.000000,0.000000
-278.000000,481.510125
1575.000000,2727.980022
-21175.000000,0.000001
54.500000,-94.396769
12921.500002,22380.694509
16832.000000,-0.000001
-3537.000000,6126.263706
-516.000000,-893.738217
176.000000,-0.000000
9079.999999,-15727.021333
-4553.000001,-7886.027327
-19207.000000,0.000001
1011.500000,-1751.969392
-8878.500000,-15378.013095
-21696.000000,0.000000
-1600.000000,2771.281292
-3361.000000,-5821.422764
18680.000000,-0.000002
-768.500000,1331.081046
9389.500000,16263.091057
2543.000000,-0.000000
3124.000000,-5410.926723
-7113.500001,-12320.943419
21871.000000,-0.000002
6608.499999,-11446.257762
-8937.000000,-15479.338067
18854.000000,-0.000001
5055.000000,-8755.516832
-1143.000000,-1979.734073
-18685.000000,0.000002
-4004.999999,6936.863485
-14021.000001,-24285.084372
-2.000000,0.000000
3588.000000,-6214.598298
-5099.000000,-8831.727068
18209.000000,0.000000
-1674.500000,2900.319077
-9296.500001,-16102.010332
3016.000000,-0.000000
-6032.500000,10448.596497
-13114.500001,-22714.980315
476.000000,-0.000000
5012.500000,-8681.904673
8642.500002,14969.249104
-346.000000,0.000000
1899.000000,-3289.164484
4683.500000,8112.059957
-18854.000000,0.000001
10106.500000,-17504.971487
1231.000000,2132.154544
-2844.000000,0.000000
14225.999999,-24640.154789
4575.500000,7924.998470
-2969.000000,0.000000
-637.000000,1103.316364
-3006.000000,-5206.544728
-2199.000000,0.000000
8063.499999,-13966.391687
1845.500000,3196.499765
-18680.000000,0.000001
3364.000000,-5826.618917
-8250.000000,-14289.419162
21349.000000,-0.000000
-8787.499999,15220.396472
6887.500001,11929.499937
-299.000000,0.000000
-8722.999999,15108.679195
4202.000000,7278.077493
-1852.000000,0.000000
-8312.500000,14397.672338
8366.000001,14490.337056
-1678.000000,0.000000
13643.999998,-23632.101219
-8952.000001,-15505.318829
-3146.000000,0.000000
-4767.500000,8257.552225
4917.500000,8517.359846
-479.000000,0.000000
-5090.999999,8817.870662
9121.500001,15798.901441
515.000000,-0.000000
-451.000000,781.154914
-4621.000000,-8003.806782
16871.000000,-0.000000
-4211.999999,7295.398002
11503.000002,19923.780439
16742.000000,-0.000000
5324.000000,-9221.438500
3048.000000,5279.290861
16573.000000,-0.000000
-4404.499999,7628.817782
2990.000000,5178.831914
19192.000000,-0.000002
-8204.000000,14209.744826
2603.500000,4509.394277
-18812.000000,0.000001
-7145.500000,12376.369046
12895.500002,22335.661188
16652.000000,-0.000002
4726.500000,-8186.538142
-464.000000,-803.671575
219.000000,-0.000000
-938.500000,1625.529683
-9904.000000,-17154.231198
19021.000000,-0.000002
-4565.000000,7906.811937
-1534.000000,-2656.965939
47.000000,-0.000000
-138.500000,239.889037
-399.500000,-691.954298
18849.000000,0.000000
6001.499999,-10394.902922
8162.500001,14137.864716
-21997.000000,0.000001
1006.000000,-1742.443112
5445.500000,9431.882672
299.000000,0.000000
-3966.000000,6869.313503
4530.000000,7846.190158
2500.000000,-0.000000
8284.999999,-14350.040941
-8230.000001,-14254.778146
2326.000000,0.000000
-13038.500000,22583.344454
2133.500000,3695.330398
2977.000000,-0.000000
-7625.499999,13207.753434
-5359.500001,-9282.926303
1980.000000,-0.000000
7838.500000,-13576.680255
-12920.500000,-22378.962459
-17347.000000,0.000001
-13979.999998,24214.070291
755.500000,1308.564385
1980.000000,-0.000000
2696.000000,-4669.608977
1887.500000,3269.245899
2498.000000,-0.000000
-4179.999999,7239.972376
8658.500001,14996.961917
346.000000,-0.000000
-7499.999999,12990.381057
11751.000000,20353.329040
17007.000000,-0.000000
4500.000000,-7794.228634
-9969.000001,-17266.814500
168.000000,-0.000000
-7612.999999,13186.102799
3663.000000,6344.502108
-19156.000000,0.000000
8264.000000,-14313.667874
-3473.500000,-6016.278480
16309.000000,-0.000001
-3567.499999,6179.091256
7093.500000,12286.302403
-18975.000000,0.000001
-12941.499999,22415.335527
-855.500000,-1481.769466
21474.000000,-0.000001
-86.500000,149.822395
-4476.000001,-7752.659414
-16477.000000,0.000001
4595.500000,-7959.639486
844.500000,1462.716907
18807.000000,-0.000001
12929.999998,-22395.416943
-7199.000001,-12469.033763
-19496.000000,0.000001
3599.000000,-6233.650857
843.500000,1460.984856
2320.000000,-0.000000
-4131.000000,7155.101886
357.500000,619.208164
-169.000000,0.000000
7528.499999,-13039.744505
-2870.500000,-4971.851843
645.000000,-0.000000
-4788.500000,8293.925292
-5976.000000,-10350.735626
346.000000,-0.000000
-3452.500000,5979.905413
3008.000000,5210.008829
18378.000000,-0.000001
-1487.000000,2575.559551
-9104.000000,-15768.590552
-129.000000,-0.000000
-1576.000000,2729.712073
-4089.000000,-7082.355752
-2669.000000,0.000000
-9957.999999,17247.761942
4238.000000,7340.431322
301.000000,-0.000000
-5881.500000,10187.056825
-11970.500001,-20733.514191
-16531.000000,0.000001
3590.000000,-6218.062399
752.500000,1303.368233
2326.000000,-0.000000
-5467.000000,9469.121765
-9567.500000,-16571.396101
21527.000000,-0.000001
-9142.999999,15836.140534
8075.500001,13987.176296
175.000000,-0.000000
976.000000,-1690.481588
9416.000000,16308.990404
-171.000000,0.000000
1202.000000,-2081.925071
8420.500001,14584.733824
2323.000000,-0.000000
-3231.000000,5596.256159
-5365.000000,-9292.452582
-19198.000000,0.000000
-366.500000,634.796621
-2926.500000,-5068.846688
298.000000,-0.000000
-4906.000000,8497.441262
3624.000000,6276.952127
520.000000,-0.000000
5956.500000,-10316.960635
3959.000001,6857.189147
15882.000000,-0.000001
4027.000000,-6974.968602
4475.000000,7750.927364
-2498.000000,0.000000
-9114.999999,15787.643111
-208.500000,-361.132593
-18207.000000,0.000002
-4283.999999,7420.105660
-4726.000000,-8185.672116
128.000000,-0.000000
5416.500000,-9381.653199
-55.500000,-96.128820
-22040.000000,-0.000000
637.500000,-1104.182390
-261.500000,-452.931286
-18722.000000,0.000001
-11623.999999,20133.358588
3587.000000,6212.866247
2627.000000,0.000000
9926.499998,-17193.202342
-4780.500001,-8280.068885
-19674.000000,0.000001
-7124.499999,12339.995979
13307.000001,23048.400096
-2672.000000,0.000000
-861.000000,1491.295745
6149.000001,10650.380415
19547.000000,-0.000001
7596.499999,-13157.523960
-626.000000,-1084.263806
19375.000000,-0.000001
-2530.000000,4382.088543
7397.000000,12811.979824
-174.000000,0.000000
1879.000000,-3254.523468
3719.500000,6442.362979
-17178.000000,0.000001
-4399.000000,7619.291503
-8696.000000,-15061.913823
1980.000000,-0.000000
-6755.999999,11701.735256
-7808.000001,-13523.852705
2501.000000,-0.000000
-6473.499999,11212.430903
1719.500000,2978.261364
-171.000000,0.000000
7719.500000,-13370.566209
6346.000001,10991.594424
0.000000,-0.000000
-5317.499999,9210.180170
1674.500000,2900.319077
-2.000000,0.000000
7851.000000,-13598.330890
5661.000000,9805.139622
349.000000,-0.000000
-4298.999999,7446.086422
-1480.500000,-2564.301220
19325.000000,-0.000000
-3525.500000,6106.345122
-1008.000000,-1745.907214
-18981.000000,0.000002
-4762.999999,8249.757997
-963.500000,-1668.830953
19328.000000,-0.000001
-3686.000000,6384.339277
-2041.000000,-3535.115698
-168.000000,0.000000
-8521.999999,14760.536983
-5544.500001,-9603.355702
-17178.000000,0.000001
-5688.500000,9852.771019
-7406.500000,-12828.434306
1979.000000,-0.000000
1666.500000,-2886.462671
-6565.500001,-11371.779576
3149.000000,-0.000000
2444.000000,-4233.132174
-13187.500001,-22841.420024
0.000000,-0.000000
-3539.500000,6130.593834
12836.000000,22232.604166
-2501.000000,0.000000
1165.500000,-2018.705216
9451.000001,16369.612182
-1982.000000,0.000000
13242.499999,-22936.682820
-4095.500000,-7093.614082
16226.000000,0.000000
2876.499999,-4982.244148
-4009.500000,-6944.657713
19547.000000,-0.000001
7967.999999,-13800.980835
-4298.500000,-7445.220396
-2.000000,-0.000000
6804.499999,-11785.739721
8089.000001,14010.558982
-19677.000000,0.000001
-4790.000000,8296.523369
-7625.000001,-13206.887407
473.000000,-0.000000
-248.000000,429.548600
9363.500001,16218.057736
-2016.000000,0.000000
14896.999998,-25802.360881
-590.500000,-1022.776002
-349.000000,0.000000
625.000000,-1082.531755
-14155.000000,-24517.179181
-16658.000000,0.000001
-14258.999998,24697.312466
-1053.000000,-1823.849500
19328.000000,-0.000001
-3502.500000,6066.507954
6565.000000,11370.913552
-2796.000000,0.000000
-2268.000000,3928.291232
13306.000002,23046.668045
-3151.000000,0.000000
8753.500000,-15161.506744
5734.500000,9932.445356
349.000000,-0.000000
-4460.000000,7724.946602
-1405.000000,-2433.531385
21828.000000,-0.000002
-8250.999999,14291.151214
-6044.000000,-10468.515081
-16525.000000,0.000000
-4994.000000,8649.861733
-13183.000001,-22833.625796
-19245.000000,0.000002
690.500000,-1195.981083
-368.500000,-638.260723
-19539.000000,0.000001
-4960.000000,8590.972006
-8869.500001,-15362.424637
2627.000000,-0.000000
-14224.999998,24638.422739
-5257.500000,-9106.257121
-19024.000000,0.000001
-8108.499999,14044.333973
12526.500001,21696.534441
-2194.000000,0.000000
-8224.499999,14245.251868
-975.000000,-1688.749537
-2022.000000,0.000000
5438.500000,-9419.758317
-728.000000,-1260.932988
-21522.000000,0.000001
1589.000000,-2752.228733
-1008.000000,-1745.907214
126.000000,-0.000000
1351.000000,-2340.000641
-4767.000000,-8256.686199
-19669.000000,0.000001
1113.500000,-1928.638574
13458.500000,23310.805794
-216.000000,0.000000
-4768.500000,8259.284276
-12250.000001,-21217.622392
-16356.000000,0.000001
3469.500000,-6009.350277
1759.500000,3047.543396
-169.000000,0.000000
7636.499999,-13226.805992
-3611.500000,-6255.301491
19328.000000,-0.000001
-33.000000,57.157677
-5901.000000,-10220.831815
-18984.000000,0.000000
-7246.499999,12551.306178
13116.000001,22717.578391
18854.000000,-0.000001
8491.999999,-14708.575458
488.500000,846.106819
21696.000000,-0.000000
8443.000000,-14623.704968
-13384.500002,-23182.634033
-18981.000000,0.000001
-9289.499999,16089.885978
4801.500001,8316.441952
16483.000000,-0.000000
13156.000000,-22786.860425
89.500000,155.018547
-21347.000000,0.000002
938.500000,-1625.529683
-8846.500001,-15322.587468
-21575.000000,0.000000
-696.000000,1205.507362
-8685.000000,-15042.861264
-18852.000000,0.000000
-14476.499998,25074.033517
75.000000,129.903811
19504.000000,-0.000002
4844.000000,-8390.054112
7765.000000,13449.374521
-2495.000000,0.000000
6833.000000,-11835.103168
-888.000000,-1538.061117
-21527.000000,0.000002
1437.500000,-2489.823036
-1172.000000,-2029.963546
472.000000,-0.000000
-7957.000000,13781.928276
-6594.500000,-11422.009051
0.000000,-0.000000
-3082.500000,5339.046614
7883.000001,13653.756516
-470.000000,0.000000
964.500000,-1670.563004
8996.500001,15582.395090
21350.000000,-0.000002
9763.999998,-16911.744086
-4907.500000,-8500.039338
-19499.000000,0.000001
-12.000000,20.784610
-3063.500000,-5306.137649
-346.000000,-0.000000
-6578.999999,11395.162264
712.500000,1234.086200
304.000000,-0.000000
194.000000,-336.017857
-545.000000,-943.967690
-18378.000000,-0.000000
-12553.000000,21742.433787
-5924.000001,-10260.668983
-349.000000,0.000000
-3492.000000,6048.321420
13275.000001,22992.974470
-467.000000,0.000000
2720.500000,-4712.044222
-8219.000000,-14235.725587
21995.000000,-0.000001
-8173.999999,14157.783302
3534.000000,6121.067554
-18981.000000,0.000001
9386.000000,-16257.028880
4809.000000,8329.432334
16827.000000,-0.000000
-2366.500000,4098.898236
6305.500001,10921.446367
-1977.000000,0.000000
5416.499999,-9381.653200
-9916.500000,-17175.881833
-3149.000000,0.000000
-4786.499999,8290.461191
3909.000001,6770.586606
-476.000000,0.000000
-13478.499998,23345.446811
7793.500000,13498.737969
0.000000,-0.000000
-8907.000000,15427.376543
5281.500001,9147.826340
0.000000,-0.000000
-6287.999999,10891.135479
724.000000,1254.004785
2.000000,-0.000000
-1490.500000,2581.621729
-2858.000000,-4950.201208
303.000000,-0.000000
2249.500000,-3896.248292
-12488.000002,-21629.850484
-18553.000000,0.000001
-7402.000000,12820.640078
8727.000000,15115.607397
-21871.000000,0.000001
8119.499999,-14063.386533
-1904.500000,-3298.690763
-2194.000000,0.000000
-1491.000000,2582.487754
1081.000000,1872.346923
819.000000,-0.000000
945.000000,-1636.788013
2999.000001,5194.420372
-130.000000,0.000000
4842.000000,-8386.590010
-4162.000000,-7208.795461
15880.000000,-0.000001
4013.500000,-6951.585916
14293.500000,24757.068218
-2628.000000,0.000000
9135.999999,-15824.016178
5349.000000,9264.739769
-1678.000000,0.000000
0.000000,0.000000
-9516.500000,-16483.061510
-2028.000000,0.000000
5067.000000,-8776.301442
84.000000,145.492268
-21654.000000,0.000001
813.000000,-1408.157307
14035.000000,24309.333084
16184.000000,0.000000
5082.499999,-8803.148230
13828.500001,23951.664592
174.000000,-0.000000
-4550.500000,7881.697200
-2890.000000,-5005.626834
-19029.000000,0.000000
8432.000000,-14604.652409
5573.500001,9653.585176
301.000000,-0.000000
-3804.500000,6589.587298
-5070.000001,-8781.497594
174.000000,-0.000000
4650.000000,-8054.036255
4657.500000,8067.026636
-3318.000000,0.000000
-8699.499999,15067.976001
12861.500002,22276.771461
819.000000,-0.000000
-3577.000000,6195.545739
-5722.000000,-9910.794721
168.000000,-0.000000
5601.499999,-9702.082599
4626.000001,8012.467035
-2971.000000,0.000000
209.000000,-361.998619
14046.500001,24329.251668
19677.000000,-0.000000
8356.499999,-14473.882574
-13738.500002,-23795.780019
2672.000000,-0.000000
-499.000000,864.293353
-13158.000001,-22790.324526
-19547.000000,0.000001
492.000000,-852.168997
9872.000002,17098.805571
-19373.000000,0.000002
-4723.999999,8182.208015
1576.000000,2729.712073
301.000000,-0.000000
-1112.500000,1926.906523
74.500000,129.037785
349.000000,-0.000000
-8238.999999,14270.366604
7616.000001,13191.298950
19026.000000,-0.000001
4919.500000,-8520.823948
-594.000000,-1028.838180
175.000000,0.000000
-357.000000,618.342138
-14614.500003,-25313.056526
1847.000000,-0.000000
-9495.499999,16446.688444
-44.500000,-77.076261
2498.000000,-0.000000
-5621.500000,9736.723615
-4549.500001,-7879.965149
-173.000000,0.000000
4939.500000,-8555.464964
5037.500000,8725.205943
-472.000000,0.000000
3539.500000,-6130.593833
996.500000,1725.988630
22176.000000,-0.000001
1015.500000,-1758.897595
3659.000000,6337.573905
2323.000000,-0.000000
9110.500000,-15779.848882
-13082.000000,-22658.688665
-16832.000000,0.000002
-14120.999998,24458.289455
-225.500000,-390.577457
18683.000000,-0.000001
2933.000000,-5080.105019
5858.000000,10146.353631
-2669.000000,0.000000
175.500000,-303.974917
9142.000001,15834.408482
-18513.000000,0.000001
-11742.499999,20338.606609
7113.500000,12320.943420
19197.000000,-0.000000
-4020.500000,6963.710272
2887.000000,5000.430681
16877.000000,-0.000001
3613.500000,-6258.765593
-8540.000001,-14791.713896
-2151.000000,0.000000
13620.500000,-23591.398025
-497.000000,-860.829251
-177.000000,0.000000
710.000000,-1229.756073
-14193.500002,-24583.863136
-19674.000000,0.000000
-8413.500000,14572.609470
13780.500001,23868.526153
301.000000,-0.000000
4295.499999,-7440.024244
-3653.000001,-6327.181600
651.000000,-0.000000
6570.000000,-11379.573806
7421.000000,12853.549043
-819.000000,0.000000
33.500000,-58.023702
-7969.500001,-13803.578910
2495.000000,-0.000000
3330.500000,-5768.595215
-4790.000000,-8296.523368
2844.000000,-0.000000
-7969.999999,13804.444937
-1898.000000,-3287.432433
18378.000000,-0.000002
3148.500000,-5453.361968
-4682.500000,-8110.327906
-2151.000000,0.000000
-9471.999999,16405.985250
-138.000000,-239.023011
-2498.000000,0.000000
3586.999999,-6212.866247
6227.000001,10785.480378
-175.000000,0.000000
3881.000000,-6722.089184
-4108.000000,-7115.264717
-18207.000000,-0.000000
567.500000,-982.938833
-8606.000001,-14906.029249
-2368.000000,0.000000
4020.000000,-6962.844247
-344.500000,-596.691503
176.000000,0.000000
724.500000,-1254.870810
-6313.500001,-10935.302773
-177.000000,0.000000
-1763.000000,3053.605574
7144.000001,12373.770969
-21998.000000,0.000000
-7294.000000,12633.578590
11975.000000,20741.308421
19499.000000,-0.000001
-8449.999999,14635.829325
-6521.000001,-11294.703316
346.000000,-0.000000
-3039.500000,5264.568430
7880.500000,13649.426389
-304.000000,0.000000
1051.500000,-1821.251424
8961.500001,15521.773311
19198.000000,-0.000001
14220.500000,-24630.628509
-757.500000,-1312.028487
-2799.000000,0.000000
-2473.500000,4284.227673
12949.000002,22428.325906
-3148.000000,0.000000
361.500000,-626.136367
13726.000001,23774.129384
174.000000,-0.000000
-12536.499999,21713.854949
8537.000001,14786.517744
298.000000,-0.000000
-194.500000,336.883882
1725.000000,2987.787643
-18677.000000,0.000001
-4680.000000,8105.997780
9331.000000,16161.766085
19150.000000,-0.000002
13069.499998,-22637.038031
-7285.000000,-12617.990133
-21645.000000,0.000001
-53.000000,91.798693
14131.000001,24475.609961
18978.000000,-0.000001
8236.999999,-14266.902503
-12974.500002,-22472.493202
-16004.000000,0.000001
-12208.499999,21145.742285
2369.000000,4103.228363
-222.000000,0.000000
6524.999999,-11301.631520
149.500000,258.941596
-19327.000000,0.000001
3270.500000,-5664.672166
-8164.000001,-14140.462793
19026.000000,-0.000001
-4085.500000,7076.293574
11182.500002,19368.658154
19201.000000,-0.000002
22.000000,-38.105118
-14628.000001,-25336.439212
2709.000000,-0.000000
-9340.499999,16178.220569
-1740.000000,-3013.768405
18548.000000,-0.000002
-4983.500000,8631.675200
3301.500000,5718.365741
18900.000000,-0.000001
-1576.500000,2730.578098
-9771.500000,-16924.734466
21866.000000,-0.000000
-1170.000000,2026.499445
-13445.500001,-23288.289132
2369.000000,-0.000000
8181.999999,-14171.639708
545.000000,943.967690
21353.000000,-0.000000
8345.000000,-14453.963989
-13777.000002,-23862.463975
2327.000000,-0.000000
718.000000,-1243.612480
-4744.500001,-8217.715056
-16705.000000,0.000000
4104.000000,-7108.336514
-12873.000000,-22296.690046
2329.000000,-0.000000
-111.000000,192.257640
-771.000000,-1335.411173
21178.000000,-0.000000
8343.000000,-14450.499888
-12020.500000,-20820.116732
-18983.000000,0.000001
7361.999999,-12751.358046
-3382.000000,-5857.795831
16354.000000,-0.000001
3870.000000,-6703.036625
3981.500000,6896.160290
19544.000000,-0.000001
-96.500000,167.142903
-5383.000001,-9323.629497
210.000000,-0.000000
-3223.000000,5582.399753
11257.000001,19497.695940
16224.000000,-0.000001
-4212.500000,7296.264027
4043.000001,7002.681415
16875.000000,-0.000002
3505.000000,-6070.838081
-358.500000,-620.940215
512.000000,-0.000000
-7205.000000,12479.426069
2034.000000,3522.991343
-135.000000,0.000000
4973.999999,-8615.220717
-4922.500000,-8526.020100
16052.000000,-0.000001
3832.500000,-6638.084720
3178.000000,5504.457466
19243.000000,0.000000
-8050.499999,13943.875027
7523.500001,13031.084250
19539.000000,-0.000001
5874.500000,-10174.932469
7673.500001,13290.891872
-2627.000000,-0.000000
-2374.500000,4112.754643
11469.000002,19864.890711
18376.000000,-0.000001
-7724.999999,13380.092489
7392.500001,12804.185595
2193.000000,-0.000000
-4330.000000,7499.779997
608.500000,1053.952916
2842.000000,-0.000000
-5486.999999,9503.762781
-326.500000,-565.514589
19023.000000,-0.000001
-4862.500000,8422.097052
3880.000000,6720.357133
-2450.000000,0.000000
-559.000000,968.216401
3599.500000,6234.516882
17001.000000,-0.000001
-3612.500000,6257.033543
-119.000000,-206.114046
-21527.000000,0.000000
8830.999999,-15295.740682
2191.000000,3794.923319
-18855.000000,0.000001
4390.499999,-7604.569071
684.500000,1185.588778
18986.000000,-0.000000
4572.000000,-7918.936292
670.500000,1161.340066
-19024.000000,0.000001
-5071.999999,8784.961696
-3937.500000,-6819.950055
-18556.000000,0.000000
-7303.500000,12650.033073
7126.500000,12343.460080
-2191.000000,0.000000
5187.999999,-8985.879590
-8961.000001,-15520.907286
-2839.000000,0.000000
4185.000000,-7248.632630
277.500000,480.644099
-19376.000000,0.000002
-4002.499999,6932.533358
-4932.000001,-8542.474582
-16354.000000,0.000001
-12161.499999,21064.335897
7902.500000,13687.531507
18809.000000,-0.000001
4724.499999,-8183.074041
-129.500000,-224.300580
-18975.000000,0.000001
-13986.999999,24226.194646
280.000000,484.974226
18978.000000,-0.000001
13069.999999,-22637.904055
194.500000,336.883882
-18846.000000,0.000002
-3103.500000,5375.419681
-4679.000000,-8104.265728
2453.000000,-0.000000
9888.999999,-17128.250437
-4962.500000,-8595.302133
-16875.000000,0.000002
-4175.000000,7231.312122
-12531.000001,-21704.328669
-19195.000000,0.000001
-333.500000,577.638944
14228.000000,24643.618890
18815.000000,0.000000
9321.999998,-16146.177629
-4852.000000,-8403.910518
-16351.000000,0.000001
-11258.499999,19500.294018
3664.500000,6347.100184
-19071.000000,0.000000
656.500000,-1137.091355
1653.500000,2863.946010
-21735.000000,0.000001
7935.999999,-13745.555209
-7451.000001,-12905.510567
-19068.000000,0.000000
-5269.000000,9126.175705
-13526.000002,-23427.719222
-16224.000000,0.000001
-13464.999998,23322.064125
-5750.500001,-9960.158169
2154.000000,-0.000000
-950.500000,1646.314293
-9363.000000,-16217.191711
-645.000000,0.000000
-10060.999999,17426.163176
5380.500001,9319.299370
-2669.000000,0.000000
-538.500000,932.709360
13945.500000,24154.314537
171.000000,-0.000000
-4147.999999,7184.546750
624.000000,1080.799704
645.000000,-0.000000
8996.000000,-15581.529065
800.000000,1385.640646
177.000000,-0.000000
-292.500000,506.624861
134.500000,232.960834
21349.000000,-0.000002
-886.500000,1535.463041
-3514.500000,-6087.292563
-18851.000000,0.000001
9036.500000,-15651.677123
224.500000,388.845406
-351.000000,0.000000
-7006.999999,12136.480009
7244.000000,12546.976050
-298.000000,0.000000
512.000000,-886.810013
3900.000000,6754.998149
19029.000000,-0.000002
459.000000,-795.011321
-1277.000000,-2211.828881
-2.000000,0.000000
42.000000,-72.746134
-8654.500001,-14990.033714
-18685.000000,0.000001
-4993.499999,8648.995708
292.000000,505.758836
19029.000000,-0.000001
13321.999999,-23074.380859
4002.500000,6932.533357
19026.000000,-0.000001
1157.500000,-2004.848810
-4702.000001,-8144.102897
-18810.000000,0.000001
9253.999999,-16028.398174
4388.000000,7600.238943
16480.000000,-0.000001
-3536.000000,6124.531656
-106.000000,-183.597386
-21826.000000,0.000003
8055.499999,-13952.535281
6816.000001,11805.658304
171.000000,-0.000000
-4547.000000,7875.635022
9072.000000,15713.164926
19333.000000,-0.000000
6031.999999,-10447.730472
8258.000001,14303.275568
-19026.000000,0.000001
-2713.500000,4699.919867
-4978.000000,-8622.148920
-19204.000000,0.000000
1038.500000,-1798.734764
4209.500001,7291.067874
-2193.000000,0.000000
653.000000,-1131.029177
-162.500000,-281.458256
-2498.000000,0.000000
5440.000000,-9422.356393
14106.500002,24433.174716
-304.000000,0.000000
-4447.499999,7703.295967
9468.000001,16399.057045
21868.000000,-0.000000
469.500000,-813.197854
7630.000000,13215.547662
21567.000000,-0.000002
-7594.499999,13154.059859
6516.000001,11286.043062
19066.000000,-0.000000
-2988.500000,5176.233838
11348.000001,19655.312564
16570.000000,-0.000000
-3106.000000,5379.749809
11350.000002,19658.776665
16872.000000,-0.000002
-2299.500000,3982.850832
6690.500000,11588.285928
-304.000000,0.000000
-94.000000,162.812776
-9182.500001,-15904.556540
2495.000000,-0.000000
-13167.499999,22806.779009
3491.000000,6046.589369
3143.000000,-0.000000
8961.999999,-15522.639338
-13676.000000,-23687.526845
-475.000000,0.000000
-4636.999999,8031.519595
3094.000000,5358.965198
18556.000000,-0.000001
-8981.999999,15557.280354
7896.500001,13677.139202
21525.000000,-0.000002
9362.499998,-16216.325687
-3804.000000,-6588.721272
-17001.000000,0.000001
-4660.500000,8072.222789
1544.500000,2675.152472
2450.000000,0.000000
2709.999999,-4693.857689
-12476.500001,-21609.931900
-18378.000000,0.000001
-396.000000,685.892120
-8181.500001,-14170.773682
-2498.000000,-0.000000
12862.500000,-22278.503512
5240.500001,9076.812256
15883.000000,-0.000001
12345.999999,-21383.899271
-2428.500000,-4206.285386
346.000000,-0.000000
3424.000000,-5930.541965
-3725.500000,-6452.755284
3143.000000,-0.000000
8718.499999,-15100.884966
-12903.500002,-22349.517595
2326.000000,-0.000000
-588.500000,1019.311900
-4446.500000,-7701.563916
1681.000000,-0.000000
-899.500000,1557.979701
1278.000000,2213.560932
1983.000000,-0.000000
3514.500000,-6087.292563
-2986.000000,-5171.903711
-16226.000000,0.000000
-2825.500000,4893.909557
4021.000001,6964.576297
-18722.000000,0.000001
1943.500000,-3366.240745
-1284.500000,-2224.819262
-2537.000000,0.000000
5059.000000,-8762.445036
-8488.000001,-14701.647254
-21868.000000,0.000002
-531.000000,919.718979
915.000000,1584.826489
-19201.000000,0.000001
-4756.500000,8238.499666
820.000000,1420.281662
-341.000000,0.000000
404.500000,-700.614552
13565.000002,23495.269203
135.000000,-0.000000
-3629.000000,6285.612381
-5387.500000,-9331.423726
-16055.000000,0.000001
-12400.499998,21478.296040
-5464.000001,-9463.925612
-19542.000000,0.000001
-9391.499999,16266.555160
4320.500000,7483.325514
-213.000000,0.000000
-14150.000000,24508.518927
-5139.000001,-8901.009100
-15877.000000,0.000002
-13364.999999,23148.859044
-5526.000000,-9571.312762
1977.000000,-0.000000
-8.500000,14.722432
429.000000,743.049796
2199.000000,-0.000000
3876.500000,-6714.294956
-204.000000,-353.338365
19029.000000,-0.000001
-2928.000000,5071.444765
12640.500000,21893.988233
-2669.000000,0.000000
8261.999999,-14310.203773
-7657.500001,-13263.179059
-19032.000000,0.000001
-14252.499999,24686.054136
560.000000,969.948452
2669.000000,-0.000000
-6506.999999,11270.454606
1277.500000,2212.694907
19505.000000,-0.000001
13263.499999,-22973.055887
-653.500000,-1131.895203
346.000000,-0.000000
729.000000,-1262.665039
-13802.000002,-23905.765245
169.000000,-0.000000
12343.999999,-21380.435169
-7856.500000,-13607.857170
-3315.000000,0.000000
3706.000000,-6418.980293
4608.500000,7982.156147
-177.000000,0.000000
-13918.499998,24107.549166
-4150.500000,-7188.876877
-18508.000000,0.000001
-1158.000000,2005.714835
5751.500001,9961.890219
16660.000000,-0.000000
3544.500000,-6139.254088
339.500000,588.031249
174.000000,-0.000000
-177.500000,307.439018
-3308.000000,-5729.624071
-19503.000000,0.000001
8637.999999,-14961.454877
5576.000000,9657.915303
-2714.000000,0.000000
1219.000000,-2111.369934
-562.000000,-973.412554
-18854.000000,0.000001
-4713.500000,8164.021481
-8685.500002,-15043.727288
-2.000000,0.000000
-1944.000000,3367.106770
-4712.500001,-8162.289430
19204.000000,-0.000001
-10119.000000,17526.622122
-523.000000,-905.862572
21223.000000,-0.000002
6812.000000,-11798.730101
-8152.500001,-14120.544208
2842.000000,-0.000000
-5880.000000,10184.458748
-13115.500001,-22716.712366
471.000000,0.000000
5186.000000,-8982.415488
7689.500001,13318.604684
-472.000000,0.000000
-7231.499999,12525.325416
7798.000001,13506.532197
21048.000000,0.000000
749.000000,-1297.306055
8160.000002,14133.534589
-304.000000,0.000000
-493.500000,854.767074
-2945.000000,-5100.889628
-2325.000000,-0.000000
-990.000000,1714.730300
14280.500000,24734.551557
19671.000000,-0.000001
9405.499998,-16290.803872
-5500.500001,-9527.145467
2711.000000,-0.000000
-8313.499999,14399.404389
-714.500000,-1237.550302
18719.000000,-0.000001
4198.499999,-7272.015316
12411.500001,21497.348597
16570.000000,-0.000000
-3921.000000,6791.371217
3048.000000,5279.290861
16745.000000,-0.000001
-4318.499999,7479.861413
12516.500002,21679.213932
16522.000000,-0.000000
5861.499999,-10152.415809
8460.500000,14654.015857
-18812.000000,0.000001
-11652.500000,20182.722035
7317.500001,12674.281784
18848.000000,-0.000003
5094.499999,-8823.932840
4461.000000,7726.678652
-2149.000000,0.000000
-298.500000,517.017166
961.000000,1664.500826
-2329.000000,0.000000
4754.999999,-8235.901590
14075.500001,24379.481142
-2326.000000,0.000000
293.500000,-508.356912
161.000000,278.860180
-2500.000000,0.000000
4842.499999,-8387.456036
3835.500000,6643.280872
-299.000000,0.000000
-13737.999999,23794.913995
-1006.000000,-1742.443112
21997.000000,-0.000001
205.000000,-355.070416
-5871.000000,-10168.870291
-18849.000000,0.000002
347.000000,-601.021630
-8307.000001,-14388.146058
-45.000000,0.000000
356.000000,-616.610087
3441.000000,5959.986829
-19196.000000,0.000002
-6187.500000,10717.064372
8703.000002,15074.038177
-21741.000000,0.000001
8508.000000,-14736.288271
-6436.000001,-11147.478997
-18722.000000,0.000002
-4316.000000,7475.531286
4619.000001,8000.342680
2802.000000,-0.000000
9014.500000,-15613.572005
-13481.000001,-23349.776936
2326.000000,0.000000
551.000000,-954.359995
-6345.500001,-10990.728399
2197.000000,-0.000000
-7147.000000,12378.967122
6252.000001,10828.781649
18381.000000,-0.000000
-4211.000000,7293.665951
4690.000001,8123.318287
-2672.000000,0.000000
174.000000,-301.376841
9120.000001,15796.303364
-18510.000000,0.000000
-4786.499999,8290.461191
-8176.500000,-14162.113428
18679.000000,-0.000001
3852.499999,-6672.725737
12907.500002,22356.445798
352.000000,-0.000000
-11826.499999,20484.098877
3279.000000,5679.394598
298.000000,-0.000000
5498.499999,-9523.681366
61.500000,106.521125
-19026.000000,0.000000
-4920.499999,8522.555999
-13933.000000,-24132.663902
-346.000000,-0.000000
3564.499999,-6173.895104
-3438.000000,-5954.790676
-168.000000,0.000000
2206.500000,-3821.770107
-13025.000001,-22559.961768
3144.000000,-0.000000
-8516.000000,14750.144677
-6480.000001,-11223.689232
2027.000000,-0.000000
-1199.500000,2077.594944
-8800.000000,-15242.047106
21175.000000,-0.000002
-1069.000000,1851.562313
-4788.500000,-8293.925292
-18981.000000,0.000001
-8077.499999,13990.640399
12878.500001,22306.216325
16653.000000,-0.000002
4518.500000,-7826.271574
412.500000,714.470958
45.000000,-0.000000
-1187.000000,2055.944309
736.500000,1275.655420
21223.000000,-0.000002
-594.000000,1028.838180
8536.500000,14785.651719
21353.000000,-0.000001
300.500000,-520.481268
-3717.500000,-6438.898877
-16356.000000,0.000002
3154.500000,-5463.754273
-13040.000000,-22585.942531
2797.000000,-0.000000
-8869.000000,15361.558612
-5467.000000,-9469.121765
-168.000000,0.000000
5510.999999,-9545.332001
8046.000002,13936.080797
-647.000000,0.000000
1408.500000,-2439.593562
-887.500000,-1537.195092
3.000000,-0.000000
889.500000,-1540.659193
-1375.500000,-2382.435886
127.000000,-0.000000
-7809.000000,13525.584756
-5956.000001,-10316.094610
-16827.000000,0.000000
-14192.999998,24582.997113
342.500000,593.227402
21476.000000,-0.000001
8369.000000,-14495.533209
-4757.500001,-8240.231717
-18981.000000,0.000000
-7956.999999,13781.928276
3642.000001,6308.129041
16354.000000,-0.000001
3745.000000,-6486.530274
4327.000001,7494.583844
18730.000000,-0.000000
252.000000,-436.476804
9112.500000,15783.312984
2667.000000,-0.000000
-4345.000000,7525.760759
-4132.000001,-7156.833937
-19200.000000,0.000000
33.000000,-57.157677
5412.000000,9373.858970
-515.000000,0.000000
-5659.999999,9803.407572
527.000000,912.790776
2976.000000,-0.000000
-12637.499998,21888.792082
2948.500000,5106.951806
-18899.000000,-0.000001
637.000000,-1103.316365
-8526.500001,-14768.331210
-19200.000000,0.000001
-13231.499998,22917.630262
7450.000000,12903.778516
21699.000000,0.000001
489.000000,-846.972845
-713.000000,-1234.952226
19375.000000,-0.000001
12901.999998,-22346.919520
-8996.000001,-15581.529065
-2799.000000,0.000000
-3317.500000,5746.078554
12044.500000,20861.685952
-2847.000000,0.000000
1091.500000,-1890.533457
-542.500000,-939.637563
-18378.000000,0.000002
-12813.999999,22194.499049
-4963.000000,-8596.168158
2799.000000,-0.000000
-662.000000,1146.617635
-4029.000000,-6978.432703
2326.000000,-0.000000
9089.499999,-15743.475816
-4049.000000,-7013.073720
2025.000000,-0.000000
8344.499998,-14453.097965
-8904.000001,-15422.180390
21351.000000,-0.000002
19.500000,-33.774991
-5356.500000,-9277.730151
2371.000000,-0.000000
8162.000000,-14136.998691
-9038.500001,-15655.141224
21522.000000,-0.000003
-9307.499999,16121.062892
-6611.000000,-11450.587889
-472.000000,0.000000
-3483.000000,6032.732963
13100.500001,22690.731604
-2.000000,0.000000
-4763.499999,8250.624022
-4726.000001,-8185.672116
174.000000,-0.000000
-3479.500000,6026.670785
12940.500002,22413.603474
-3016.000000,0.000000
962.500000,-1667.098902
9860.000002,17078.020961
-18378.000000,0.000001
-4144.500000,7178.484572
-3673.500000,-6362.688641
2802.000000,-0.000000
7802.000001,-13513.460400
-12539.000003,-21718.185074
2151.000000,-0.000000
7813.500000,-13533.378985
-11870.000002,-20559.443085
-19499.000000,0.000000
148.500000,-257.209545
13203.500001,22869.132837
18677.000000,-0.000002
810.000000,-1402.961154
-1143.000000,-1979.734073
216.000000,-0.000000
-777.500000,1346.669503
-3795.500000,-6573.998840
16874.000000,-0.000002
2844.000000,-4925.952497
5149.500001,8919.195633
16700.000000,-0.000001
12325.499998,-21348.392230
-7945.500001,-13762.009691
-21829.000000,-0.000000
72.000000,-124.707658
4192.500001,7261.623010
298.000000,-0.000000
-13289.999998,23018.955234
-4636.500000,-8030.653569
2672.000000,0.000000
8488.499999,-14702.513280
161.000000,278.860180
-645.000000,0.000000
-428.000000,741.317746
-4456.000000,-7718.018398
-2368.000000,-0.000000
-9763.499999,16910.878060
622.500000,1078.201628
-18207.000000,0.000001
-4312.999999,7470.335134
4830.500000,8366.671426
-177.000000,-0.000000
6044.999999,-10470.247132
13015.500000,22543.507286
-2971.000000,0.000000
-7574.499998,13119.418843
12043.000001,20859.087875
19373.000000,-0.000002
-806.000000,1396.032951
-10004.000000,-17327.436279
22045.000000,-0.000001
-9455.999998,16378.272438
-6626.000001,-11476.568651
-171.000000,0.000000
-2857.000000,4948.469157
8228.500000,14252.180070
-19547.000000,0.000001
-4205.000000,7283.273646
-2943.000000,-5097.425526
-16874.000000,0.000002
-5760.999999,9978.344703
537.000000,930.111284
2633.000000,-0.000000
-14205.000000,24603.781722
-4810.500001,-8332.030409
2628.000000,-0.000000
507.500000,-879.015785
4862.500000,8422.097052
-17001.000000,0.000001
-3542.500000,6135.789986
8259.000001,14305.007619
21178.000000,-0.000000
-7704.499999,13344.585448
7989.500000,13838.219927
-470.000000,0.000000
-524.000000,907.594623
5323.500001,9220.572474
0.000000,-0.000000
-14569.000001,25234.248215
-576.500000,-998.527290
298.000000,-0.000000
-9156.999999,15860.389245
-102.000000,-176.669182
-18848.000000,0.000001
-4862.500000,8422.097052
-1047.500000,-1814.323221
21479.000000,-0.000002
-8347.999999,14459.160142
-4918.000001,-8518.225871
-16353.000000,0.000001
3198.000000,-5539.098483
-12746.500001,-22077.585618
2498.000000,-0.000000
-1177.500000,2039.489826
-9143.500002,-15837.006558
18508.000000,-0.000001
3598.499999,-6232.784831
120.000000,207.846097
-18981.000000,-0.000000
-12629.999999,21875.801700
7332.500001,12700.262546
19499.000000,-0.000001
4918.499999,-8519.091898
-10151.000001,-17582.047747
-2669.000000,-0.000000
3987.000000,-6905.686570
-8034.500002,-13916.162213
-19159.000000,0.000001
-4800.499999,8314.709902
9463.000001,16390.396791
18680.000000,0.000000
12563.999999,-21761.486347
-3728.500000,-6457.951436
-470.000000,0.000000
-14787.999997,25613.567344
485.000000,840.044642
2495.000000,-0.000000
-6627.999999,11480.032753
1769.500000,3064.863904
3146.000000,-0.000000
-4560.499999,7899.017708
4725.500001,8184.806091
0.000000,-0.000000
14402.499998,-24945.861757
4583.000000,7937.988851
-3317.000000,0.000000
-8861.499998,15348.568232
4103.500001,7107.470489
174.000000,-0.000000
-14796.999998,25629.155801
-427.500000,-740.451720
472.000000,-0.000000
-8269.000000,14322.328128
8968.500001,15533.897667
-21525.000000,0.000003
1213.000000,-2100.977630
13845.000001,23980.243430
-2022.000000,0.000000
1247.000000,-2159.867357
-1201.000000,-2080.193020
-2196.000000,0.000000
5185.999999,-8982.415488
-9440.000000,-16350.559623
-19328.000000,0.000002
-14399.999999,24941.531629
248.500000,430.414626
21826.000000,-0.000001
8077.499999,-13990.640399
-4267.000000,-7390.660796
2030.000000,-0.000000
77.000000,-133.367912
-218.000000,-377.587076
2146.000000,-0.000000
-12908.500000,22358.177849
4226.500000,7320.512738
-18851.000000,0.000002
1199.000000,-2076.728918
12982.500002,22486.349608
19330.000000,-0.000001
-190.000000,329.089653
-13718.000001,-23760.272978
0.000000,-0.000000
5500.000000,-9526.279442
8408.000002,14563.083189
-19330.000000,0.000001
-4613.500000,7990.816401
-9213.000001,-15957.384090
18851.000000,-0.000002
-4182.000000,7243.436477
11642.000002,20164.535500
-2799.000000,0.000000
-8882.500000,15384.941298
5455.500001,9449.203180
-2154.000000,-0.000000
-1009.000000,1747.639265
14298.000003,24764.862445
19671.000000,-0.000001
1093.000000,-1893.131533
2889.000000,5003.894783
2543.000000,-0.000000
-7080.999999,12264.651769
7719.500002,13370.566208
21348.000000,-0.000001
9168.999998,-15881.173856
-4385.500000,-7595.908816
2374.000000,-0.000000
21.500000,-37.239092
219.000000,379.319127
21004.000000,-0.000001
7156.999998,-12396.287631
-11761.500001,-20371.515572
-17003.000000,0.000000
-4414.999999,7647.004316
8887.500000,15393.601552
2324.000000,0.000000
-5319.999999,9214.510297
-8203.500001,-14208.878799
21530.000000,-0.000000
7485.999999,-12966.132346
1080.000000,1870.614872
-2.000000,0.000000
9598.499998,-16625.089678
237.500000,411.362067
-21183.000000,0.000001
-8326.999999,14422.787075
4844.000000,8390.054112
16525.000000,-0.000001
12338.999999,-21371.774915
4423.500001,7661.726747
19074.000000,-0.000001
-581.500000,1007.187545
-10214.500001,-17692.032974
21392.000000,-0.000002
-10021.999999,17358.613194
-151.500000,-262.405697
-478.000000,0.000000
-1458.000000,2525.330078
5779.000000,10009.521617
341.000000,-0.000000
-5131.500000,8888.018719
-789.000000,-1366.588087
19376.000000,-0.000001
5126.499999,-8879.358466
2921.000000,5059.320409
18852.000000,-0.000002
995.500000,-1724.256579
-4702.000000,-8144.102897
-16483.000000,0.000001
3331.000000,-5769.461240
-8457.500001,-14648.819705
21474.000000,-0.000002
-9168.999999,15881.173855
-5858.000001,-10146.353630
-19152.000000,0.000001
-106.000000,183.597386
5101.000000,8835.191169
18855.000000,-0.000002
178.500000,-309.171069
7364.500001,12755.688172
21696.000000,-0.000001
-7903.000000,13688.397532
-6002.000001,-10395.768947
-19158.000000,0.000002
-9221.999999,15972.972548
4148.000001,7184.546749
19026.000000,-0.000001
-536.500000,929.245258
-1693.000000,-2932.362017
19203.000000,-0.000000
4712.999999,-8163.155456
-8682.000002,-15037.665110
-21699.000000,0.000001
-618.000000,1070.407399
2073.500000,3591.407349
-19375.000000,0.000000
3631.000000,-6289.076483
907.000000,1570.970082
2802.000000,-0.000000
-3741.500000,6480.468097
-4874.500001,-8442.881661
2500.000000,-0.000000
9039.499999,-15656.873276
938.000000,1624.663657
0.000000,-0.000000
1245.000000,-2156.403256
8090.000001,14012.291033
-2495.000000,0.000000
5836.999999,-10109.980564
4507.500000,7807.219015
-2673.000000,-0.000000
-312.000000,540.399852
1542.500000,2671.688371
-20874.000000,0.000001
537.500000,-930.977309
9558.000000,16554.941618
123.000000,0.000000
10018.999997,-17353.417043
-3716.500001,-6437.166826
-19325.000000,0.000001
106.500000,-184.463411
4636.500000,8030.653569
19330.000000,-0.000002
-994.500000,1722.524528
-14537.000002,-25178.822588
177.000000,-0.000000
5617.999999,-9730.661437
-1189.000000,-2059.408410
-22046.000000,0.000002
299.000000,-517.883191
-7625.000000,-13206.887408
-18556.000000,0.000001
-4413.999999,7645.272265
4780.500000,8280.068885
2.000000,-0.000000
14142.499999,-24495.528547
5397.000000,9347.878209
18209.000000,-0.000001
8579.999998,-14860.995930
-89.500000,-155.018547
3013.000000,-0.000000
-11860.499999,20542.988604
2161.500000,3743.827821
343.000000,-0.000000
-2510.000000,4347.447527
12198.000001,21127.555750
15880.000000,-0.000002
4221.500000,-7311.852484
5923.500000,10259.802959
-2625.000000,0.000000
6750.500000,-11692.208977
-3010.000000,-5213.472931
-2202.000000,0.000000
-9495.499999,16446.688444
712.000000,1233.220175
-18677.000000,0.000001
-4715.000000,8166.619558
8475.500001,14679.996619
21651.000000,-0.000003
358.000000,-620.074189
-14045.000003,-24326.653591
-19325.000000,0.000001
11.000000,-19.052559
4106.000001,7111.800616
-2368.000000,0.000000
-8498.499999,14719.833789
-118.000000,-204.381995
475.000000,-0.000000
7687.000000,-13314.274558
-12846.500002,-22250.790698
-18858.000000,0.000000
-7582.500000,13133.275248
8056.000002,13953.401305
-2669.000000,0.000000
4442.000000,-7693.769687
5353.500001,9272.533998
18550.000000,-0.000000
-462.000000,800.207473
9581.500000,16595.644812
47.000000,-0.000000
8921.000000,-15451.625255
5751.000001,9961.024194
19153.000000,-0.000001
8193.499999,-14191.558293
-13308.000001,-23050.132147
-16658.000000,-0.000000
-13927.999999,24124.003648
680.000000,1177.794549
-346.000000,0.000000
7570.499999,-13112.490639
6332.000000,10967.345713
-2193.000000,-0.000000
46.500000,-80.540363
461.000000,798.475422
-21527.000000,0.000001
-8226.499999,14248.715969
12848.500001,22254.254800
173.000000,0.000000
-12675.499999,21954.610012
7056.000001,12221.350497
19502.000000,-0.000001
-2505.000000,4338.787273
8212.000001,14223.601231
-21826.000000,-0.000000
1225.500000,-2122.628265
13886.500000,24052.123539
-2027.000000,0.000000
1288.500000,-2231.747466
-1116.500000,-1933.834727
-2326.000000,0.000000
4575.000000,-7924.132445
-4535.000000,-7854.850412
-2802.000000,0.000000
-9011.499998,15608.375853
12247.000001,21212.426240
19373.000000,-0.000002
275.000000,-476.313972
-1612.000000,-2792.065902
21871.000000,-0.000001
-7187.500000,12449.115179
1774.000000,3072.658133
2022.000000,-0.000000
1082.000000,-1874.078974
256.000000,443.405007
2495.000000,-0.000000
4651.000000,-8055.768306
-4982.500001,-8629.943148
-174.000000,0.000000
4732.499999,-8196.930447
-3405.000000,-5897.633000
-298.000000,0.000000
2826.000000,-4894.775582
-94.500000,-163.678801
19330.000000,-0.000003
4614.999999,-7993.414477
-8499.000000,-14720.699813
-19026.000000,0.000002
-4152.500000,7192.340979
4119.500001,7135.183301
-19376.000000,0.000000
-7938.999999,13750.751362
4213.000001,7297.130052
301.000000,-0.000000
-6137.000000,10629.595806
-12760.000002,-22100.968303
523.000000,-0.000000
4682.000000,-8109.461881
12089.000003,20938.762211
16181.000000,-0.000001
-3438.000000,5954.790677
-87.000000,-150.688420
-21009.000000,0.000001
452.500000,-783.752990
9598.000001,16624.223651
-2329.000000,0.000000
5794.000000,-10035.502379
13247.500002,22945.343072
16705.000000,-0.000001
4723.499999,-8181.341990
177.000000,306.572993
-2327.000000,-0.000000
4534.500000,-7853.984387
1254.500000,2172.857738
-21353.000000,0.000001
8103.999999,-14036.539745
-8182.000001,-14171.639707
-2369.000000,-0.000000
4200.000000,-7274.613392
-8429.500002,-14600.322281
-21866.000000,0.000001
-427.000000,739.585695
681.500000,1180.392625
-18900.000000,-0.000000
-5183.500000,8978.085361
-12368.500002,-21422.870412
-18548.000000,0.000001
-426.000000,737.853644
-147.500000,-255.477494
-2715.000000,0.000000
4437.000000,-7685.109433
-8019.000000,-13889.315426
-19156.000000,0.000001
2204.500000,-3818.306006
-7103.000001,-12302.756886
19200.000000,-0.000000
3156.500000,-5467.218374
3982.500000,6897.892341
16528.000000,-0.000001
4885.999999,-8462.800246
203.500000,352.472339
-21313.000000,0.000003
983.000000,-1702.605944
12993.000000,22504.536143
16697.000000,-0.000001
-3025.000000,5239.453693
12413.500002,21500.812699
16403.000000,-0.000002
13315.999998,-23063.988555
5854.000000,10139.425427
-2332.000000,0.000000
1211.000000,-2097.513528
8559.499999,14825.488888
-21012.000000,0.000003
-8272.499999,14328.390306
4710.500000,8158.825329
16699.000000,-0.000001
2837.500000,-4914.694167
4279.000000,7411.445406
17049.000000,-0.000002
-3144.500000,5446.433765
6821.500000,11815.184584
-2633.000000,0.000000
5948.000000,-10302.238204
3896.000001,6748.069946
-2631.000000,0.000000
-8035.499999,13917.894265
11824.000001,20479.768748
17176.000000,-0.000002
-2582.000000,4472.155185
6476.000001,11216.761029
346.000000,-0.000000
-7632.500000,13219.877789
-6198.000000,-10735.250905
2664.000000,-0.000000
487.000000,-843.508743
-5189.500001,-8988.477665
-475.000000,0.000000
5633.500000,-9757.508224
13363.000001,23145.394941
18725.000000,-0.000002
-557.500000,965.618325
-666.000000,-1153.545838
18725.000000,-0.000001
-3838.000000,6647.610999
13125.500001,22734.032874
-475.000000,-0.000000
3061.500000,-5302.673548
-7497.500001,-12986.050929
3315.000000,-0.000000
-5719.500000,9906.464594
-14140.000001,-24491.198418
-168.000000,-0.000000
4615.000000,-7993.414477
4833.000001,8371.001552
-518.000000,0.000000
4284.499999,-7420.971686
-3018.500000,-5228.195362
-16356.000000,0.000000
-3558.000000,6162.636774
8464.000002,14660.078034
-346.000000,0.000000
-8711.499998,15088.760611
5340.000001,9249.151312
-2664.000000,0.000000
7379.999999,-12782.534960
6492.500000,11245.339868
301.000000,-0.000000
-4842.499999,8387.456036
-4264.000001,-7385.464643
-15708.000000,0.000000
-12121.999998,20995.919890
2562.500000,4438.380194
-518.000000,0.000000
5632.499999,-9755.776174
4766.000001,8254.954149
3.000000,-0.000000
-3789.999999,6564.472561
4499.500000,7793.362609
2.000000,-0.000000
13113.999999,-22714.114291
-3666.000001,-6349.698260
-344.000000,0.000000
-13880.499998,24041.731236
-5308.000000,-9193.725686
-18722.000000,0.000002
-416.000000,720.533136
-8749.500000,-15154.578541
-19246.000000,0.000003
-13668.499998,23674.536464
-3763.000000,-6517.707189
-16351.000000,0.000002
3646.000000,-6315.057245
75.500000,130.769836
18815.000000,-0.000003
4704.499999,-8148.433025
-9580.000001,-16593.046736
-19195.000000,0.000002
-12402.999999,21482.626167
3318.500000,5747.810605
-16877.000000,0.000001
-3611.499999,6255.301492
658.500000,1140.555457
1985.000000,-0.000000
2525.000000,-4373.428289
-6943.500001,-12026.494782
2633.000000,-0.000000
-6053.500000,10484.969564
-3253.500000,-5635.227302
-16226.000000,0.000002
-3982.500000,6897.892341
5027.500001,8707.885435
-18899.000000,0.000001
537.000000,-930.111284
1103.000000,1910.452041
-171.000000,0.000000
-84.000000,145.492268
9138.500002,15828.346304
21226.000000,-0.000001
8857.500000,-15341.640028
-797.500000,-1381.310519
21700.000000,-0.000000
-8045.499999,13935.214773
-6614.000001,-11455.784040
2193.000000,-0.000000
-866.000000,1499.955999
-9083.500001,-15733.083510
0.000000,-0.000000
-86.000000,148.956369
-29.500000,-51.095499
-2368.000000,0.000000
14602.500000,-25292.271918
1125.000000,1948.557158
-19503.000000,0.000000
3452.500000,-5979.905413
-7701.500002,-13339.389293
298.000000,-0.000000
-8326.499998,14421.921050
7006.500001,12135.613983
349.000000,-0.000000
-8258.499999,14304.141595
-1761.000000,-3050.141472
19026.000000,-0.000002
-4581.499999,7935.390776
-1706.500000,-2955.744703
-473.000000,0.000000
-9395.499999,16273.483363
192.500000,333.419780
2664.000000,0.000000
-5545.999999,9605.953780
-4584.000001,-7939.720901
349.000000,-0.000000
3880.999999,-6722.089185
-5317.000000,-9209.314144
16007.000000,-0.000001
-4488.500000,7774.310050
-898.500000,-1556.247651
-18809.000000,0.000001
-5804.999999,10054.554938
-9082.000001,-15730.485434
18674.000000,-0.000002
-4173.500000,7228.714046
13050.500000,22604.129064
-123.000000,0.000000
2912.500000,-5044.597977
-7971.000001,-13806.176987
22342.000000,-0.000002
120.500000,-208.712122
-6451.500000,-11174.325785
-470.000000,0.000000
5838.999999,-10113.444666
3458.000000,5989.431692
-523.000000,0.000000
-13143.999999,22766.075815
-5290.000000,-9162.548772
-16181.000000,0.000001
-14140.999997,24492.930471
-976.500000,-1691.347614
21175.000000,-0.000002
-9736.999999,16864.978714
-801.000000,-1387.372697
-123.000000,0.000000
-492.500000,853.035023
3985.500000,6903.088493
19671.000000,-0.000002
1008.000000,-1745.907214
-6465.000000,-11197.708471
517.000000,-0.000000
6325.500000,-10956.087383
-1809.000000,-3133.279911
-2503.000000,0.000000
-1988.000000,3443.317006
6604.000001,11438.463532
-2630.000000,0.000000
-2482.500000,4299.816130
11510.000001,19935.904794
16398.000000,-0.000000
-3105.500000,5378.883783
11392.500003,19732.388824
16398.000000,-0.000001
-2957.000000,5121.674238
11748.000002,20348.132886
-2151.000000,0.000000
-8537.999999,14788.249796
93.000000,161.080725
472.000000,-0.000000
755.500000,-1308.564385
3566.000000,6176.493180
-19204.000000,0.000000
787.000000,-1363.123986
-7627.000002,-13210.351508
-21525.000000,0.000002
-473.500000,820.126057
14152.000002,24511.983028
17006.000000,-0.000000
6075.499999,-10523.074682
7497.500000,12986.050930
-2495.000000,0.000000
5586.000000,-9675.235811
-9126.000001,-15806.695669
-19026.000000,0.000001
-4380.499999,7587.248563
-4701.500000,-8143.236872
2453.000000,0.000000
8643.499998,-14970.981157
-12160.000002,-21061.737819
-17176.000000,0.000001
-5656.499999,9797.345394
1730.500000,2997.313922
-2.000000,-0.000000
6885.000000,-11925.169810
-3497.000001,-6056.981674
16708.000000,-0.000001
2982.499999,-5165.841534
-4167.500000,-7218.321740
19200.000000,0.000000
7315.499999,-12670.817683
-13089.500000,-22671.679046
-18855.000000,0.000001
-277.000000,479.778074
-7644.000001,-13239.796373
-21572.000000,0.000002
8686.999999,-15046.325366
1840.500000,3187.839511
-21217.000000,0.000001
9834.499998,-17033.853668
965.500000,1672.295055
-39.000000,0.000000
8809.999999,-15259.367615
-12962.500000,-22451.708593
-16872.000000,0.000001
-4056.499999,7026.064101
-5289.000001,-9160.816721
-16874.000000,0.000002
-12997.499999,22512.330372
-778.500000,-1348.401554
-515.000000,0.000000
-10029.000000,17370.737549
5620.000001,9734.125538
-168.000000,0.000000
2696.500000,-4670.475003
1780.000000,3083.050437
3143.000000,-0.000000
-4648.000000,8050.572154
-4756.500001,-8238.499666
2676.000000,-0.000000
45.000000,-77.942286
-1760.500000,-3049.275447
21009.000000,-0.000002
-8354.500000,14470.418472
-6056.000001,-10489.299690
-16702.000000,0.000000
-12476.499998,21609.931902
4374.500001,7576.856257
-16699.000000,0.000001
-3952.500000,6845.930817
9286.000001,16083.823798
21313.000000,-0.000001
955.000000,-1654.108521
4379.000001,7584.650486
-16525.000000,0.000001
-2887.500000,5001.296707
5014.500001,8685.368774
-18899.000000,0.000001
776.000000,-1344.071427
-13.500000,-23.382686
301.000000,-0.000000
-475.500000,823.590159
-14464.000002,-25052.382879
-298.000000,0.000000
-3406.999999,5901.097102
11344.000001,19648.384361
18207.000000,-0.000002
-818.500000,1417.683586
-8173.500001,-14156.917275
2844.000000,-0.000000
-4962.499999,8595.302133
4649.000000,8052.304204
3143.000000,0.000000
10213.499999,-17690.300924
-4341.000001,-7518.832555
-645.000000,0.000000
13113.499998,-22713.248266
-3923.500000,-6795.701343
-2844.000000,-0.000000
-9216.499999,15963.446268
542.000000,938.771538
-21355.000000,0.000001
7197.999999,-12467.301714
-1408.000000,-2438.727537
-2495.000000,-0.000000
7278.999999,-12607.597829
5721.000000,9909.062670
19327.000000,-0.000001
1054.500000,-1826.447577
4576.000000,7925.864495
-16312.000000,0.000000
4766.499999,-8255.820175
1157.000000,2003.982784
18680.000000,-0.000001
13429.499997,-23260.576322
5559.500001,9629.336464
-2669.000000,0.000000
9383.499999,-16252.698753
1685.500000,2919.371636
-18682.000000,0.000001
3362.499999,-5824.020841
-8400.000001,-14549.226783
21178.000000,-0.000003
-9999.999999,17320.508076
-1392.500000,-2411.880750
2673.000000,-0.000000
-14111.000000,24440.968946
-4713.500001,-8164.021481
2842.000000,-0.000000
-1232.500000,2134.752620
521.500000,903.264496
19026.000000,-0.000002
5026.500000,-8706.153384
8634.499999,14955.392698
-2320.000000,0.000000
13617.499998,-23586.201873
-7911.500000,-13703.119964
-177.000000,0.000000
-424.500000,735.255568
-3460.000001,-5992.895794
-19503.000000,0.000001
8485.999999,-14698.183154
5488.500000,9506.360857
-2196.000000,0.000000
-7124.000000,12339.129953
7082.000001,12266.383819
-1849.000000,0.000000
6321.999999,-10950.025206
-1675.500000,-2902.051128
-304.000000,0.000000
-8517.999999,14753.608779
-345.000000,-597.557529
21397.000000,-0.000001
7789.000000,-13490.943740
-582.500000,-1008.919595
19026.000000,-0.000002
4918.000000,-8518.225872
-9645.000002,-16705.630038
-21183.000000,0.000001
-7765.500000,13450.240546
8571.000001,14845.407471
-2332.000000,0.000000
13980.999999,-24215.802341
4237.000001,7338.699271
16398.000000,-0.000001
-3217.500000,5572.873473
12292.500001,21291.234551
16745.000000,0.000000
5324.000000,-9221.438500
12605.000002,21832.500428
16223.000000,-0.000001
5270.999999,-9129.639807
3734.500000,6468.343741
512.000000,-0.000000
-12009.999999,20801.930200
2246.000000,3890.186114
343.000000,-0.000000
-3470.999999,6011.948353
3231.000000,5596.256159
18375.000000,-0.000000
-610.000000,1056.550993
408.500000,707.542755
45.000000,-0.000000
8738.999998,-15136.392008
4755.000001,8235.901590
19021.000000,-0.000000
370.500000,-641.724824
-269.500000,-466.787693
44.000000,-0.000000
-850.500000,1473.109212
4581.500001,7935.390775
19674.000000,-0.000000
-8311.999999,14396.806313
2739.000000,4744.087162
0.000000,-0.000000
5552.999999,-9618.078135
-55.500000,-96.128820
-19674.000000,0.000000
-13954.499998,24169.902995
903.000000,1564.041879
-44.000000,0.000000
8207.500000,-14215.807003
807.000000,1397.765002
-19195.000000,0.000003
-11731.499998,20319.554050
7676.500000,13296.088024
2154.000000,-0.000000
-5510.500000,9544.465975
-7518.000000,-13021.557972
2804.000000,-0.000000
3558.999999,-6164.368824
-4357.500000,-7547.411394
-18722.000000,0.000002
645.500000,-1118.038796
-8024.000000,-13897.975680
-21570.000000,0.000001
-724.000000,1254.004785
697.500000,1208.105438
-21051.000000,0.000002
-7559.999999,13094.304106
7320.500001,12679.477936
-2495.000000,0.000000
-2560.500000,4434.916093
12715.000001,22023.026018
18380.000000,-0.000002
8632.499999,-14951.928597
-89.500000,-155.018547
3013.000000,-0.000000
-12918.500000,22375.498357
-4791.500000,-8299.121444
174.000000,-0.000000
12813.499999,-22193.633023
4301.500001,7450.416548
18680.000000,-0.000001
-6917.500000,11981.461461
2338.500000,4050.400813
-19325.000000,0.000002
1005.000000,-1740.711062
5238.000001,9072.482129
-50.000000,0.000000
-5037.000000,8724.339918
-3318.000000,-5746.944579
-18674.000000,0.000000
-1018.000000,1763.227722
5838.500001,10112.578639
18983.000000,-0.000001
7114.500000,-12322.675470
-11955.000001,-20706.667404
-18852.000000,0.000000
728.000000,-1260.932988
9676.000002,16759.323613
-21223.000000,0.000001
655.500000,-1135.359304
1115.000000,1931.236650
-2543.000000,0.000000
13457.999998,-23309.939769
1392.000000,2411.014724
-19154.000000,0.000001
-3514.499999,6087.292564
8251.000001,14291.151213
18851.000000,-0.000000
5318.499999,-9211.912220
4670.000000,8088.677271
-2149.000000,0.000000
9126.999998,-15808.427722
1122.500000,1944.227031
-1678.000000,0.000000
14700.999998,-25462.878923
-740.000000,-1281.717598
-2842.000000,0.000000
6438.499998,-11151.809125
-149.500000,-258.941596
-19199.000000,0.000001
3792.499999,-6568.802688
-11420.000001,-19780.020222
-18900.000000,0.000002
645.500000,-1118.038796
10032.500002,17376.799726
-21868.000000,0.000001
9482.999998,-16425.037809
5252.500000,9097.596867
-2193.000000,0.000000
-8399.499999,14548.360759
-1320.500000,-2287.173091
176.000000,-0.000000
-9414.499998,16306.392329
-975.500000,-1689.615563
-347.000000,0.000000
-8356.999999,14474.748599
8970.500000,15537.361769
-18375.000000,0.000001
-3047.999999,5279.290862
4594.000000,7957.041410
-47.000000,0.000000
13664.999999,-23668.474286
-8220.000000,-14237.457638
-19328.000000,0.000001
-13114.499997,22714.980317
8217.500001,14233.127511
19198.000000,-0.000002
4218.000000,-7305.790307
4196.000000,7267.685189
16708.000000,-0.000001
4890.000000,-8469.728449
-1501.000000,-2599.808262
-5.000000,0.000000
1542.000000,-2670.822345
-4758.000001,-8241.097742
-16832.000000,0.000001
-4874.000000,8442.015636
31.000000,53.693575
21657.000000,-0.000003
-201.500000,349.008238
-5359.500001,-9282.926302
2329.000000,-0.000000
1750.000000,-3031.088913
3276.000000,5674.198445
-17350.000000,0.000000
-13036.499998,22579.880354
676.000000,1170.866346
2799.000000,-0.000000
-4819.500000,8347.618867
3394.000000,5878.580441
650.000000,-0.000000
-2457.500000,4256.514860
-1825.000000,-3160.992724
-3148.000000,0.000000
3538.500000,-6128.861783
-3128.500000,-5418.720951
-2799.000000,0.000000
-773.000000,1338.875274
13005.500001,22526.186778
19029.000000,-0.000002
-8821.000000,15278.420174
-1178.500000,-2041.221877
2672.000000,-0.000000
-12908.499998,22358.177851
4224.500000,7317.048636
-18725.000000,0.000002
10095.499997,-17485.918929
1652.000000,2861.347934
-21570.000000,0.000001
8971.499999,-15539.093821
-7839.000000,-13577.546280
-21046.000000,-0.000000
-707.000000,1224.559921
-8430.000001,-14601.188307
-2369.000000,0.000000
4328.999999,-7498.047946
-19.000000,-32.908965
-21348.000000,-0.000000
-488.500000,846.106820
-8163.500001,-14139.596767
-2374.000000,0.000000
5099.499999,-8832.593094
9482.000001,16423.305757
-21821.000000,0.000002
1244.000000,-2154.671205
13145.500000,22768.673891
19150.000000,-0.000001
1006.500000,-1743.309138
-4727.000000,-8187.404167
-18978.000000,0.000002
1051.000000,-1820.385399
13144.000000,22766.075815
18508.000000,-0.000001
532.500000,-922.317055
-1046.500000,-1812.591170
2675.000000,-0.000000
-3644.500000,6312.459168
-4444.500000,-7698.099814
-18725.000000,0.000001
8807.499998,-15255.037489
-6812.000001,-11798.730101
-21744.000000,0.000003
7640.999999,-13234.600221
-6239.000000,-10806.264988
-18852.000000,0.000001
3438.000000,-5954.790676
-148.500000,-257.209545
19327.000000,-0.000002
-3497.500000,6057.847700
-2060.500000,-3568.890689
44.000000,-0.000000
-9343.000000,16182.550695
-213.500000,-369.792847
18894.000000,-0.000002
12532.499998,-21706.926747
5268.500001,9125.309679
16052.000000,-0.000001
12359.500000,-21407.281956
-2551.500000,-4419.327635
45.000000,-0.000000
-6615.499999,11458.382118
-73.500000,-127.305734
21995.000000,-0.000002
-7939.500000,13751.617387
3451.000001,5977.307337
-18854.000000,0.000001
8961.500000,-15521.773312
-8252.000002,-14292.883263
-173.000000,0.000000
-9686.499999,16777.510148
-579.500000,-1003.723443
20882.000000,-0.000001
-593.000000,1027.106129
9589.000001,16608.635193
2495.000000,-0.000000
5051.500000,-8749.454655
-4015.500001,-6955.050017
-18856.000000,0.000001
964.000000,-1669.696979
3618.500000,6267.425847
19026.000000,-0.000002
-8050.499999,13943.875027
6176.000001,10697.145787
19550.000000,-0.000001
-3619.499999,6269.157898
-769.500000,-1332.813096
-2500.000000,-0.000000
5287.999999,-9159.084671
9631.000002,16681.381327
-22172.000000,0.000001
1319.500000,-2285.441041
13771.500001,23852.937696
-45.000000,-0.000000
-3729.000000,6458.817462
-4057.500001,-7027.796151
-15875.000000,0.000001
4745.499999,-8219.447108
-3861.000000,-6687.448168
2455.000000,0.000000
1685.500000,-2919.371636
4435.500000,7682.511357
-19542.000000,0.000001
10183.999998,-17639.205425
805.500000,1395.166925
-18724.000000,0.000002
-3242.500000,5616.174744
-5969.500000,-10339.477296
301.000000,-0.000000
-1937.500000,3355.848440
6607.000001,11443.659685
-470.000000,0.000000
740.000000,-1281.717598
-487.000000,-843.508743
21525.000000,-0.000001
728.000000,-1260.932988
3808.000000,6595.649475
2025.000000,-0.000000
1157.500000,-2004.848810
9220.500000,15970.374471
2498.000000,-0.000000
-4657.000000,8066.160611
-4971.500001,-8610.890589
132.000000,-0.000000
-2718.500000,4708.580121
8239.500000,14271.232629
-19373.000000,0.000002
4073.000000,-7054.642939
-11376.500002,-19704.676011
-18553.000000,0.000003
-510.500000,884.211937
1093.000000,1893.131533
-3013.000000,0.000000
12865.499999,-22283.699665
6065.000001,10504.888147
174.000000,-0.000000
-3588.999999,6216.330349
3137.500000,5434.309409
171.000000,-0.000000
-3366.000000,5830.083018
4508.500001,7808.951066
-3318.000000,0.000000
-1823.500000,3158.394648
6860.500002,11882.734564
817.000000,-0.000000
3805.000000,-6590.453323
-4690.000001,-8123.318287
346.000000,-0.000000
4538.000000,-7860.046565
-4322.500000,-7486.789616
18854.000000,-0.000002
-324.500000,562.050487
4114.000001,7125.657022
2847.000000,-0.000000
10094.500000,-17484.186877
-4159.500000,-7204.465334
2146.000000,-0.000000
10257.999999,-17767.377185
-4865.500001,-8427.293204
-19501.000000,0.000001
-75.000000,129.903811
-4650.000000,-8054.036255
18855.000000,0.000000
-9423.999999,16322.846811
7613.500002,13186.968823
21874.000000,-0.000001
975.000000,-1688.749537
4033.000000,6985.360907
2019.000000,-0.000000
1408.500000,-2439.593563
8505.500002,14731.958143
2022.000000,-0.000000
-4167.499999,7218.321741
-1213.000000,-2100.977630
21525.000000,-0.000000
-8893.999999,15404.859883
-1482.000000,-2566.899297
-473.000000,0.000000
-10094.999998,17485.052904
5488.500001,9506.360857
648.000000,-0.000000
-4756.499999,8238.499667
4650.000000,8054.036255
472.000000,-0.000000
13976.999997,-24208.874139
-8250.500001,-14290.285187
-21693.000000,0.000000
302.500000,-523.945369
74.500000,129.037785
-47.000000,0.000000
1618.000000,-2802.458207
3719.500001,6442.362978
-16653.000000,0.000002
-3501.500000,6064.775903
-1373.500000,-2378.971784
18981.000000,-0.000002
-3609.500000,6251.837390
-43.500000,-75.344210
-21995.000000,0.000003
8218.999999,-14235.725588
5497.500000,9521.949314
467.000000,-0.000000
-13199.499999,22862.204635
-4877.000000,-8447.211789
346.000000,-0.000000
4616.499999,-7996.012554
12595.500001,21816.045946
18550.000000,-0.000002
-7705.500000,13346.317498
7894.000001,13672.809074
21744.000000,-0.000001
8838.999998,-15309.597089
-565.000000,-978.608706
19023.000000,-0.000002
5926.500000,-10264.999111
-1331.500000,-2306.225650
-21178.000000,0.000001
-6522.000000,11296.435367
7081.000001,12264.651768
-2374.000000,0.000000
5392.000000,-9339.217955
-9169.000002,-15881.173854
-21348.000000,0.000001
463.000000,-801.939524
-20.000000,-34.641016
-2543.000000,0.000000
13360.499999,-23141.064815
-7005.500001,-12133.881932
-19024.000000,0.000001
3986.500000,-6904.820544
-4861.500000,-8420.365001
2971.000000,-0.000000
-7564.999999,13102.964360
-5615.500001,-9726.331309
-168.000000,0.000000
12670.000000,-21945.083732
-8583.500001,-14867.058106
-822.000000,0.000000
-1082.000000,1874.078974
-9188.500002,-15914.948844
2365.000000,-0.000000
-13590.999997,23540.302527
8262.000001,14310.203772
19373.000000,-0.000000
12424.999999,-21520.731285
-4399.000001,-7619.291502
16875.000000,-0.000001
-4756.499999,8238.499667
-732.500000,-1268.727216
-2156.000000,0.000000
5346.499999,-9260.409643
9182.500000,15904.556540
-304.000000,0.000000
9276.999998,-16068.235343
444.000000,769.030559
21693.000000,-0.000000
86.000000,-148.956369
-5695.500000,-9864.895374
47.000000,-0.000000
-4346.999999,7529.224861
2965.500000,5136.396670
16007.000000,-0.000000
-4402.499999,7625.353681
-908.500000,-1573.568159
-18505.000000,0.000002
-5351.499999,9269.069897
-12846.000002,-22249.924673
-50.000000,0.000000
5162.999999,-8942.578320
9319.500001,16141.847501
-19325.000000,0.000002
-4506.000000,7804.620939
193.500000,335.151831
19502.000000,-0.000003
4769.999999,-8261.882353
-1837.500000,-3182.643359
-2669.000000,0.000000
-2013.000000,3486.618276
8313.000000,14398.538363
-19159.000000,0.000003
-3856.499999,6679.653940
9306.500001,16119.330840
19499.000000,-0.000002
4887.000000,-8464.532297
-948.500000,-1642.850191
-2968.000000,0.000000
-4444.999999,7698.965840
5125.500000,8877.626414
-650.000000,0.000000
2889.000000,-5003.894783
1954.500000,3385.293303
3148.000000,-0.000000
3470.000000,-6010.216302
-13405.000001,-23218.141075
2799.000000,-0.000000
-8470.999999,14672.202391
-5944.500001,-10296.176025
-19198.000000,0.000001
-326.000000,564.648563
-8889.000001,-15396.199628
-348.000000,0.000000
-74.500000,129.037785
-1070.000000,-1853.294364
-298.000000,0.000000
-8863.500000,15352.032333
3675.500000,6366.152743
18855.000000,-0.000002
-742.500000,1286.047725
399.500000,691.954298
2371.000000,-0.000000
4177.000000,-7234.776223
385.500000,667.705586
124.000000,-0.000000
106.500000,-184.463411
-8770.000002,-15190.085581
-18677.000000,0.000001
-5113.000000,8855.975779
-193.000000,-334.285806
19153.000000,-0.000000
4627.499999,-8015.065112
758.000000,1312.894512
-21995.000000,0.000002
-908.000000,1572.702133
5469.500001,9473.451892
-346.000000,0.000000
-14681.999998,25429.969958
862.500000,1493.893822
2971.000000,-0.000000
3803.999999,-6588.721273
-4002.000001,-6931.667332
-18680.000000,0.000001
227.000000,-393.175533
-4801.000000,-8315.575927
16660.000000,0.000000
3245.999999,-5622.236922
-9914.500002,-17172.417731
171.000000,-0.000000
-7634.999999,13224.207917
2603.500000,4509.394277
-19162.000000,-0.000000
-6941.499998,12023.030682
12108.500002,20972.537202
16354.000000,-0.000001
5052.999999,-8752.052731
4217.000000,7304.058255
19074.000000,-0.000002
7227.499999,-12518.397212
-7826.500001,-13555.895645
21220.000000,-0.000001
-604.000000,1046.158688
9406.500001,16292.535921
2844.000000,-0.000000
4854.500000,-8408.240646
-5122.000000,-8871.564236
124.000000,-0.000000
-2954.999999,5118.210137
-207.500000,-359.400543
-19499.000000,0.000002
-6008.999999,10407.893303
314.000000,543.863954
21352.000000,-0.000001
-8604.999998,14904.297200
8088.500001,14009.692957
-168.000000,0.000000
8206.999999,-14214.940978
-6439.000000,-11152.675150
-19032.000000,0.000001
-4638.500000,8034.117671
9004.500001,15596.251496
171.000000,-0.000000
563.000000,-975.144605
4747.000000,8222.045183
17004.000000,-0.000001
13957.500000,-24175.099147
-613.500000,-1062.613170
219.000000,-0.000000
162.000000,-280.592231
-10170.500002,-17615.822737
18677.000000,-0.000001
3349.000000,-5800.638155
-8281.000001,-14343.112737
-18854.000000,0.000003
-4220.499999,7310.120434
4824.500001,8356.279120
2495.000000,-0.000000
8432.500000,-14605.518435
-8755.000001,-15164.104820
20705.000000,-0.000000
-752.000000,1302.502207
41.500000,71.880109
2371.000000,-0.000000
-4450.000000,7707.626094
8138.000001,14095.429471
22170.000000,-0.000001
-7056.999999,12223.082550
1676.500000,2903.783179
-475.000000,0.000000
-2224.000000,3852.080996
12255.000002,21226.282646
-475.000000,0.000000
-4391.999999,7607.167147
-1052.500000,-1822.983475
21694.000000,-0.000002
-8894.499999,15405.725908
-1440.500000,-2495.019188
-129.000000,0.000000
-10124.999998,17537.014428
5023.500000,8700.957232
19370.000000,0.000000
-643.000000,1113.708669
7611.500001,13183.504721
19547.000000,-0.000001
-3262.499999,5650.815760
-1849.500000,-3203.427969
-2501.000000,-0.000000
-2790.499999,4833.287779
7274.500001,12599.803599
-21524.000000,0.000001
-7525.999999,13035.414379
-932.500000,-1615.137378
123.000000,0.000000
-477.000000,826.188235
-13990.000003,-24231.390796
-19325.000000,0.000001
-9417.999998,16312.454507
4842.000000,8386.590010
19328.000000,-0.000002
7135.499999,-12359.048538
-13649.000000,-23640.761472
-295.000000,0.000000
-4465.499999,7734.472882
4874.000001,8442.015636
-523.000000,0.000000
3461.000000,-5994.627845
-3849.500000,-6667.529584
-16178.000000,0.000001
-12056.999997,20883.336588
7828.000001,13558.493721
21476.000000,-0.000003
1.000000,-1.732051
-3526.500000,-6108.077173
-18978.000000,0.000001
8426.000000,-14594.260105
4831.000001,8367.537451
16007.000000,-0.000002
-3092.000000,5355.501097
13039.000000,22584.210480
-130.000000,0.000000
4123.000000,-7141.245480
901.500000,1561.443803
515.000000,-0.000000
575.000000,-995.929214
3479.500000,6026.670785
16528.000000,-0.000001
5050.500000,-8747.722604
4726.000001,8185.672116
-2799.000000,0.000000
8607.999999,-14909.493352
6398.000000,11081.661067
168.000000,-0.000000
2768.500000,-4795.182661
-6919.500001,-11984.925562
0.000000,-0.000000
-1729.500000,2995.581872
6476.500002,11217.627054
-168.000000,0.000000
2844.000000,-4925.952497
1590.500000,2754.826809
2799.000000,-0.000000
-4705.500000,8150.165075
-3168.500001,-5488.002983
-16528.000000,0.000002
3599.000000,-6233.650857
1591.000000,2755.692835
-518.000000,0.000000
-586.000000,1014.981773
6152.000000,10655.576568
648.000000,-0.000000
2442.000000,-4229.668072
-11696.000002,-20258.066244
518.000000,-0.000000
12982.499998,-22486.349611
5020.000000,8694.895054
15705.000000,0.000000
4282.000000,-7416.641558
4886.000001,8462.800245
214.000000,-0.000000
-5272.999999,9133.103909
-877.500000,-1519.874584
19539.000000,0.000000
-2908.000000,5036.803749
11137.000002,19289.849843
16402.000000,-0.000001
4157.999999,-7201.867258
-4878.500001,-8449.809864
18719.000000,-0.000000
-807.000000,1397.765002
-954.500000,-1653.242496
2709.000000,-0.000000
-12539.999997,21719.917128
8204.500001,14210.610850
19370.000000,-0.000000
13271.999998,-22987.778319
5188.500000,8986.745615
16224.000000,-0.000001
5345.999999,-9259.543618
12766.500002,22112.226634
-2458.000000,0.000000
-8840.499999,15312.195165
3821.000000,6618.166136
19541.000000,-0.000001
-8988.999998,15569.404710
6722.000001,11642.845528
18899.000000,-0.000003
-2881.000000,4990.038377
11770.000000,20386.238005
-2498.000000,0.000000
-7219.000000,12503.674780
8729.500001,15119.937524
-21057.000000,0.000003
723.500000,-1253.138759
933.500000,1616.869429
-21353.000000,0.000002
88.500000,-153.286496
3878.000000,6716.893032
17001.000000,-0.000002
5481.999999,-9495.102528
-667.500000,-1156.143914
-2450.000000,0.000000
5763.000000,-9981.808804
12339.000002,21371.774913
19026.000000,-0.000003
-118.500000,205.248021
-13825.500001,-23946.468440
2667.000000,-0.000000
-533.500000,924.049106
-3707.500001,-6421.578369
-19499.000000,0.000001
-769.000000,1331.947071
4878.000000,8448.943839
18810.000000,-0.000002
-929.500000,1609.941226
-13797.000002,-23897.104991
-16181.000000,0.000001
-4240.500000,7344.761449
-5719.500002,-9906.464593
2321.000000,-0.000000
-7299.499999,12643.104870
7616.000001,13191.298950
21057.000000,-0.000001
7629.000000,-13213.815611
-8799.500001,-15241.181081
21356.000000,-0.000002
-127.000000,219.970453
-4845.000001,-8391.786162
-16533.000000,0.000001
-2922.000000,5061.052460
3945.000000,6832.940436
-19198.000000,0.000000
-8161.999999,14136.998692
3771.500001,6532.429620
18981.000000,-0.000001
131.000000,-226.898656
-5697.000001,-9867.493450
-18975.000000,0.000000
-278.500000,482.376150
-3624.500001,-6277.818152
18807.000000,-0.000001
-366.500000,634.796621
4457.500001,7720.616474
-16824.000000,0.000000
-4681.499999,8108.595856
1642.500000,2844.893451
2278.000000,-0.000000
-4659.999999,8071.356764
5231.000001,9060.357774
-15877.000000,0.000000
4355.499999,-7543.947293
-13243.500000,-22938.414870
-515.000000,0.000000
-4819.999999,8348.484893
4702.500001,8144.968922
-515.000000,0.000000
-4744.999999,8218.581082
4227.500000,7322.244789
-15880.000000,0.000001
-12102.999997,20963.010926
-5924.000001,-10260.668984
2630.000000,-0.000000
-660.500000,1144.019558
-13393.000001,-23197.356465
1985.000000,-0.000000
8767.500000,-15185.755456
-3480.500001,-6028.402835
-17046.000000,0.000001
5412.499999,-9374.724996
-4129.000000,-7151.637784
-16875.000000,0.000002
-3699.000000,6406.855937
539.500000,934.441411
304.000000,-0.000000
9277.499998,-16069.101368
-238.000000,-412.228092
-1844.000000,0.000000
5232.000000,-9062.089825
-10192.500000,-17653.927856
-2673.000000,0.000000
-3095.499999,5361.563275
8131.500001,14084.171141
-21524.000000,0.000002
472.500000,-818.394007
1189.000000,2059.408410
-174.000000,0.000000
-800.000000,1385.640646
174.500000,302.242866
-645.000000,0.000000
-1318.500000,2283.708990
-3928.000001,-6803.495572
476.000000,-0.000000
-6237.000000,10802.800887
-12878.500001,-22306.216325
2669.000000,-0.000000
-75.000000,129.903811
8150.500002,14117.080106
0.000000,-0.000000
-7069.500000,12244.733184
8109.000001,14045.199998
-2498.000000,0.000000
5612.499999,-9721.135158
14096.000003,24414.988182
-2495.000000,0.000000
1040.500000,-1802.198865
9394.500001,16271.751311
470.000000,-0.000000
9986.499999,-17297.125390
-3796.500001,-6575.730890
-19156.000000,0.000001
-117.000000,202.649944
5633.000001,9756.642199
16010.000000,-0.000000
4000.499999,-6929.069256
14001.500003,24251.309380
518.000000,-0.000000
-4702.000000,8144.102897
-3599.500000,-6234.516882
343.000000,-0.000000
4948.999999,-8571.919447
12414.000003,21501.678723
19029.000000,-0.000002
44.000000,-76.210236
-13825.500002,-23946.468439
169.000000,-0.000000
4354.499999,-7542.215242
-35.000000,-60.621778
-21997.000000,0.000002
-9306.999998,16120.196867
3827.000001,6628.558440
18981.000000,-0.000001
-8519.499999,14756.206856
3631.000000,6289.076482
-16007.000000,-0.000000
-3112.499999,5391.008139
4538.500001,7860.912590
124.000000,-0.000000
6377.499999,-11046.154026
8640.000001,14964.918977
-296.000000,0.000000
100.500000,-174.071106
-756.000000,-1309.430410
18851.000000,-0.000001
-4270.499999,7396.722974
-1160.000000,-2009.178937
-21826.000000,0.000002
-9208.999999,15950.455887
4608.500000,7982.156147
-2678.000000,0.000000
-8881.499998,15383.209248
12771.500001,22120.886888
-1980.000000,0.000000
-7831.499999,13564.555900
12016.000000,20812.322504
17043.000000,-0.000003
-3148.499999,5453.361968
11391.000001,19729.790748
16573.000000,-0.000002
-3151.000000,5457.692095
11393.000000,19733.254851
18896.000000,-0.000001
-7766.499998,13451.972598
8385.500001,14524.112046
-2.000000,0.000000
9418.999999,-16314.186557
491.500000,851.302972
-19203.000000,0.000001
-13093.000000,22677.741224
784.500000,1358.793858
2669.000000,-0.000000
2913.500000,-5046.330028
236.000000,408.763991
19029.000000,-0.000001
5408.500000,-9367.796793
3202.000000,5546.026686
-2968.000000,0.000000
-9144.499999,15838.738610
5176.000001,8965.094979
473.000000,-0.000000
-5708.500000,9887.412035
-4119.500001,-7135.183301
-18725.000000,0.000000
-318.000000,550.792157
-7418.500002,-12849.218915
-18899.000000,0.000001
3888.000000,-6734.213540
-3532.000000,-6117.603452
2669.000000,-0.000000
8180.499999,-14169.041632
-8134.000002,-14088.501268
18730.000000,-0.000002
3113.500000,-5392.740189
4958.500001,8588.373929
16357.000000,-0.000000
12028.999998,-20834.839165
-7142.000002,-12370.306867
-19330.000000,0.000002
-5702.000000,9876.153705
1849.000000,3202.561943
2148.000000,-0.000000
2117.000000,-3666.751560
-7524.000000,-13031.950276
2503.000000,-0.000000
-6161.499998,10672.031052
-8993.500002,-15577.198937
132.000000,-0.000000
-1298.000000,2248.201948
-7818.500001,-13542.039239
-18896.000000,-0.000000
-5449.499998,9438.810877
-4056.500001,-7026.064100
-16229.000000,0.000001
-12458.499998,21578.754987
3636.000000,6297.736736
2329.000000,0.000000
1027.000000,-1778.816179
8760.000002,15172.765073
21358.000000,-0.000001
8403.999998,-14556.154988
-13631.000001,-23609.584557
2498.000000,0.000000
656.500000,-1137.091355
-4952.500000,-8577.981625
-19026.000000,0.000001
517.500000,-896.336293
-215.500000,-373.256949
-2711.000000,0.000000
-3060.500000,5300.941497
8422.500000,14588.197927
-19370.000000,0.000001
-2962.999999,5132.066543
4449.000000,7705.894043
-16052.000000,0.000002
-2885.500000,4997.832605
-5818.500000,-10077.937624
-211.000000,0.000000
6335.499999,-10973.407892
-1062.000000,-1839.437958
-19541.000000,0.000002
-3123.500000,5410.060698
-5051.000000,-8748.588629
-16700.000000,0.000001
-3923.500000,6795.701344
212.000000,367.194771
-45.000000,0.000000
-278.000000,481.510125
1575.000000,2727.980022
-21175.000000,0.000002
54.500000,-94.396769
12921.500002,22380.694509
16832.000000,-0.000002
-3537.000000,6126.263707
-516.000000,-893.738217
176.000000,-0.000000
9080.000000,-15727.021333
-4553.000001,-7886.027326
-19207.000000,0.000001
1011.500000,-1751.969392
-8878.500002,-15378.013094
-21696.000000,0.000002
-1600.000000,2771.281292
-3361.000001,-5821.422764
18680.000000,-0.000001
-768.500000,1331.081046
9389.500002,16263.091056
2543.000000,-0.000000
3124.000000,-5410.926723
-7113.500001,-12320.943419
21871.000000,-0.000001
6608.500000,-11446.257762
-8937.000002,-15479.338066
18854.000000,-0.000002
5055.000000,-8755.516832
-1143.000000,-1979.734073
-18685.000000,0.000001
-4004.999999,6936.863485
-14021.000001,-24285.084372
-2.000000,0.000000
3588.000000,-6214.598298
-5099.000001,-8831.727067
18209.000000,-0.000001
-1674.500000,2900.319077
-9296.500001,-16102.010332
3016.000000,0.000000
-6032.499999,10448.596497
-13114.500003,-22714.980314
476.000000,-0.000000
5012.499999,-8681.904674
8642.500001,14969.249104
-346.000000,-0.000000
1899.000000,-3289.164484
4683.500001,8112.059957
-18854.000000,0.000001
10106.499998,-17504.971488
1231.000000,2132.154544
-2844.000000,0.000000
14225.999998,-24640.154789
4575.500000,7924.998470
-2969.000000,0.000000
-637.000000,1103.316365
-3006.000000,-5206.544727
-2199.000000,0.000000
8063.499999,-13966.391687
1845.500000,3196.499765
-18680.000000,0.000001
3363.999999,-5826.618917
-8250.000001,-14289.419162
21349.000000,-0.000003
-8787.499999,15220.396472
6887.500000,11929.499937
-299.000000,0.000000
-8722.999998,15108.679196
4202.000001,7278.077493
-1852.000000,0.000000
-8312.499999,14397.672339
8366.000000,14490.337056
-1678.000000,0.000000
13643.999999,-23632.101219
-8952.000001,-15505.318829
-3146.000000,0.000000
-4767.499999,8257.552225
4917.500000,8517.359846
-479.000000,0.000000
-5091.000000,8817.870661
9121.500001,15798.901440
515.000000,-0.000000
-451.000000,781.154914
-4621.000000,-8003.806782
16871.000000,-0.000002
-4212.000000,7295.398002
11503.000002,19923.780438
16742.000000,-0.000001
5323.999999,-9221.438500
3048.000000,5279.290861
16573.000000,-0.000002
-4404.500000,7628.817782
2990.000001,5178.831914
19192.000000,-0.000001
-8203.999999,14209.744826
2603.500001,4509.394277
-18812.000000,0.000002
-7145.499999,12376.369046
12895.500002,22335.661188
16652.000000,-0.000001
4726.500000,-8186.538142
-464.000000,-803.671575
219.000000,-0.000000
-938.500000,1625.529683
-9904.000002,-17154.231197
19021.000000,-0.000001
-4565.000000,7906.811937
-1534.000000,-2656.965939
47.000000,-0.000000
-138.500000,239.889037
-399.500000,-691.954298
18849.000000,-0.000001
6001.499999,-10394.902922
8162.500001,14137.864716
-21997.000000,0.000000
1006.000000,-1742.443112
5445.500001,9431.882672
299.000000,-0.000000
-3965.999999,6869.313503
4530.000001,7846.190158
2500.000000,-0.000000
8284.999999,-14350.040941
-8230.000002,-14254.778145
2326.000000,-0.000000
-13038.499997,22583.344456
2133.500000,3695.330398
2977.000000,-0.000000
-7625.499999,13207.753434
-5359.500000,-9282.926303
1980.000000,-0.000000
7838.499998,-13576.680256
-12920.500002,-22378.962458
-17347.000000,0.000000
-13979.999998,24214.070291
755.500000,1308.564385
1980.000000,-0.000000
2695.999999,-4669.608978
1887.500000,3269.245899
2498.000000,-0.000000
-4179.999999,7239.972376
8658.500000,14996.961917
346.000000,-0.000000
-7499.999998,12990.381058
11751.000002,20353.329039
17007.000000,-0.000000
4499.999999,-7794.228634
-9969.000001,-17266.814500
168.000000,-0.000000
-7613.000000,13186.102798
3663.000001,6344.502108
-19156.000000,0.000003
8263.999999,-14313.667875
-3473.500000,-6016.278480
16309.000000,-0.000002
-3567.500000,6179.091256
7093.500000,12286.302404
-18975.000000,0.000003
-12941.499998,22415.335527
-855.500000,-1481.769466
21474.000000,-0.000002
-86.500000,149.822395
-4476.000000,-7752.659415
-16477.000000,0.000001
4595.499999,-7959.639487
844.500000,1462.716907
18807.000000,-0.000002
12929.999999,-22395.416942
-7199.000001,-12469.033763
-19496.000000,0.000001
3598.999999,-6233.650857
843.500000,1460.984856
2320.000000,-0.000000
-4131.000000,7155.101886
357.500000,619.208164
-169.000000,0.000000
7528.500000,-13039.744505
-2870.500000,-4971.851843
645.000000,-0.000000
-4788.500000,8293.925292
-5976.000001,-10350.735625
346.000000,-0.000000
-3452.500000,5979.905413
3008.000000,5210.008829
18378.000000,-0.000002
-1487.000000,2575.559551
-9104.000002,-15768.590551
-129.000000,0.000000
-1576.000000,2729.712073
-4089.000000,-7082.355752
-2669.000000,0.000000
-9957.999999,17247.761942
4238.000001,7340.431322
301.000000,-0.000000
-5881.500000,10187.056825
-11970.500002,-20733.514191
-16531.000000,0.000000
3590.000000,-6218.062399
752.500000,1303.368233
2326.000000,-0.000000
-5466.999999,9469.121766
-9567.500001,-16571.396101
21527.000000,-0.000000
-9142.999999,15836.140534
8075.500000,13987.176296
175.000000,-0.000000
976.000000,-1690.481588
9416.000001,16308.990403
-171.000000,0.000000
1202.000000,-2081.925071
8420.500000,14584.733825
2323.000000,-0.000000
-3230.999999,5596.256160
-5365.000001,-9292.452582
-19198.000000,0.000001
-366.500000,634.796621
-2926.500000,-5068.846688
298.000000,-0.000000
-4905.999999,8497.441263
3624.000001,6276.952126
520.000000,-0.000000
5956.499999,-10316.960636
3959.000000,6857.189147
15882.000000,-0.000002
4027.000000,-6974.968602
4475.000001,7750.927363
-2498.000000,0.000000
-9114.999998,15787.643112
-208.500000,-361.132593
-18207.000000,0.000002
-4284.000000,7420.105660
-4726.000000,-8185.672117
128.000000,-0.000000
5416.499999,-9381.653200
-55.500000,-96.128820
-22040.000000,0.000002
637.500000,-1104.182390
-261.500000,-452.931286
-18722.000000,0.000001
-11623.999998,20133.358588
3587.000000,6212.866247
2627.000000,-0.000000
9926.499999,-17193.202342
-4780.500000,-8280.068886
-19674.000000,0.000001
-7124.499999,12339.995979
13307.000001,23048.400096
-2672.000000,0.000000
-861.000000,1491.295745
6149.000001,10650.380415
19547.000000,-0.000001
7596.500000,-13157.523960
-626.000000,-1084.263805
19375.000000,-0.000002
-2530.000000,4382.088543
7397.000002,12811.979823
-174.000000,0.000000
1879.000000,-3254.523467
3719.500000,6442.362978
-17178.000000,0.000002
-4398.999999,7619.291503
-8696.000002,-15061.913821
1980.000000,-0.000000
-6756.000000,11701.735256
-7808.000001,-13523.852705
2501.000000,-0.000000
-6473.499999,11212.430903
1719.500000,2978.261363
-171.000000,0.000000
7719.500000,-13370.566209
6346.000001,10991.594424
0.000000,-0.000000
-5317.499999,9210.180170
1674.500000,2900.319077
-2.000000,0.000000
7851.000000,-13598.330890
5661.000001,9805.139621
349.000000,-0.000000
-4298.999999,7446.086422
-1480.500000,-2564.301221
19325.000000,-0.000002
-3525.499999,6106.345123
-1008.000000,-1745.907214
-18981.000000,0.000001
-4762.999999,8249.757997
-963.500000,-1668.830953
19328.000000,-0.000002
-3685.999999,6384.339277
-2041.000000,-3535.115698
-168.000000,0.000000
-8521.999999,14760.536983
-5544.500000,-9603.355702
-17178.000000,-0.000000
-5688.499998,9852.771020
-7406.500001,-12828.434305
1979.000000,-0.000000
1666.500000,-2886.462671
-6565.500001,-11371.779577
3149.000000,0.000000
2444.000000,-4233.132174
-13187.500002,-22841.420023
0.000000,-0.000000
-3539.499999,6130.593834
12836.000001,22232.604165
-2501.000000,0.000000
1165.500000,-2018.705216
9451.000000,16369.612182
-1982.000000,0.000000
13242.499997,-22936.682821
-4095.500000,-7093.614082
16226.000000,-0.000002
2876.500000,-4982.244148
-4009.500000,-6944.657713
19547.000000,-0.000001
7967.999998,-13800.980836
-4298.500000,-7445.220396
-2.000000,0.000000
6804.499999,-11785.739721
8089.000000,14010.558982
-19677.000000,0.000001
-4789.999999,8296.523369
-7625.000001,-13206.887407
473.000000,-0.000000
-248.000000,429.548600
9363.500000,16218.057737
-2016.000000,0.000000
14897.000000,-25802.360881
-590.500000,-1022.776002
-349.000000,0.000000
625.000000,-1082.531755
-14155.000000,-24517.179181
-16658.000000,0.000001
-14258.999999,24697.312465
-1053.000000,-1823.849500
19328.000000,-0.000003
-3502.500000,6066.507954
6565.000002,11370.913551
-2796.000000,0.000000
-2268.000000,3928.291232
13306.000002,23046.668044
-3151.000000,0.000000
8753.499999,-15161.506745
5734.500001,9932.445355
349.000000,-0.000000
-4460.000000,7724.946602
-1405.000000,-2433.531385
21828.000000,-0.000001
-8251.000000,14291.151213
-6044.000002,-10468.515080
-16525.000000,0.000002
-4994.000000,8649.861733
-13183.000002,-22833.625795
-19245.000000,0.000001
690.500000,-1195.981083
-368.500000,-638.260723
-19539.000000,0.000002
-4960.000000,8590.972006
-8869.500002,-15362.424637
2627.000000,-0.000000
-14224.999997,24638.422739
-5257.500000,-9106.257121
-19024.000000,0.000002
-8108.499999,14044.333974
12526.500002,21696.534440
-2194.000000,0.000000
-8224.499998,14245.251868
-975.000000,-1688.749537
-2022.000000,-0.000000
5438.499998,-9419.758318
-728.000000,-1260.932988
-21522.000000,0.000001
1589.000000,-2752.228733
-1008.000000,-1745.907214
126.000000,0.000000
1351.000000,-2340.000641
-4767.000001,-8256.686199
-19669.000000,0.000001
1113.500000,-1928.638574
13458.500001,23310.805793
-216.000000,0.000000
-4768.499999,8259.284276
-12250.000000,-21217.622393
-16356.000000,0.000001
3469.499999,-6009.350277
1759.500000,3047.543396
-169.000000,0.000000
7636.499999,-13226.805993
-3611.500000,-6255.301491
19328.000000,-0.000001
-33.000000,57.157677
-5901.000001,-10220.831815
-18984.000000,0.000003
-7246.499999,12551.306178
13116.000000,22717.578392
18854.000000,-0.000001
8491.999998,-14708.575459
488.500000,846.106819
21696.000000,-0.000003
8442.999999,-14623.704969
-13384.500001,-23182.634034
-18981.000000,0.000002
-9289.500000,16089.885977
4801.500001,8316.441952
16483.000000,-0.000002
13155.999998,-22786.860426
89.500000,155.018547
-21347.000000,0.000002
938.500000,-1625.529683
-8846.500001,-15322.587468
-21575.000000,0.000003
-696.000000,1205.507362
-8685.000001,-15042.861263
-18852.000000,0.000002
-14476.499999,25074.033516
75.000000,129.903811
19504.000000,-0.000001
4843.999999,-8390.054112
7765.000002,13449.374520
-2495.000000,0.000000
6833.000000,-11835.103168
-888.000000,-1538.061117
-21527.000000,0.000001
1437.500000,-2489.823036
-1172.000000,-2029.963546
472.000000,-0.000000
-7956.999999,13781.928276
-6594.500001,-11422.009050
0.000000,-0.000000
-3082.500000,5339.046614
7883.000001,13653.756516
-470.000000,0.000000
964.500000,-1670.563004
8996.500002,15582.395089
21350.000000,-0.000001
9763.999998,-16911.744086
-4907.500000,-8500.039338
-19499.000000,0.000002
-12.000000,20.784610
-3063.500001,-5306.137649
-346.000000,0.000000
-6578.999999,11395.162264
712.500000,1234.086200
304.000000,-0.000000
194.000000,-336.017857
-545.000000,-943.967690
-18378.000000,0.000001
-12552.999997,21742.433789
-5924.000001,-10260.668984
-349.000000,0.000000
-3492.000000,6048.321420
13275.000003,22992.974469
-467.000000,0.000000
2720.499999,-4712.044222
-8219.000001,-14235.725587
21995.000000,-0.000000
-8173.999999,14157.783302
3534.000000,6121.067554
-18981.000000,0.000001
9385.999998,-16257.028881
4809.000001,8329.432333
16827.000000,-0.000000
-2366.500000,4098.898236
6305.500000,10921.446367
-1977.000000,0.000000
5416.499999,-9381.653200
-9916.500001,-17175.881832
-3149.000000,0.000000
-4786.499999,8290.461191
3909.000000,6770.586607
-476.000000,0.000000
-13478.499997,23345.446812
7793.500001,13498.737968
0.000000,-0.000000
-8906.999999,15427.376544
5281.500000,9147.826340
0.000000,-0.000000
-6288.000000,10891.135478
724.000000,1254.004785
2.000000,-0.000000
-1490.500000,2581.621729
-2858.000000,-4950.201208
303.000000,-0.000000
2249.500000,-3896.248292
-12488.000000,-21629.850485
-18553.000000,0.000003
-7401.999999,12820.640078
8727.000001,15115.607397
-21871.000000,0.000002
8119.499999,-14063.386532
-1904.500000,-3298.690763
-2194.000000,0.000000
-1491.000000,2582.487754
1081.000000,1872.346923
819.000000,-0.000000
945.000000,-1636.788013
2999.000001,5194.420372
-130.000000,0.000000
4842.000000,-8386.590010
-4162.000000,-7208.795461
15880.000000,-0.000002
4013.500000,-6951.585916
14293.500003,24757.068216
-2628.000000,0.000000
9136.000000,-15824.016178
5349.000001,9264.739769
-1678.000000,0.000000
0.000000,0.000000
-9516.500002,-16483.061509
-2028.000000,0.000000
5067.000000,-8776.301442
84.000000,145.492268
-21654.000000,0.000003
813.000000,-1408.157307
14035.000003,24309.333082
16184.000000,-0.000001
5082.500000,-8803.148230
13828.500002,23951.664592
174.000000,-0.000000
-4550.499999,7881.697200
-2890.000001,-5005.626833
-19029.000000,0.000001
8431.999998,-14604.652411
5573.500001,9653.585176
301.000000,-0.000000
-3804.499999,6589.587298
-5070.000001,-8781.497594
174.000000,-0.000000
4649.999999,-8054.036256
4657.500001,8067.026636
-3318.000000,0.000000
-8699.499999,15067.976001
12861.500001,22276.771461
819.000000,-0.000000
-3576.999999,6195.545739
-5722.000001,-9910.794720
168.000000,-0.000000
5601.499999,-9702.082599
4626.000000,8012.467036
-2971.000000,0.000000
209.000000,-361.998619
14046.500002,24329.251667
19677.000000,-0.000001
8356.499999,-14473.882574
-13738.500001,-23795.780019
2672.000000,-0.000000
-499.000000,864.293353
-13158.000002,-22790.324525
-19547.000000,0.000001
492.000000,-852.168997
9872.000001,17098.805572
-19373.000000,0.000002
-4724.000000,8182.208015
1576.000000,2729.712073
301.000000,-0.000000
-1112.500000,1926.906524
74.500000,129.037785
349.000000,-0.000000
-8238.999999,14270.366604
7616.000000,13191.298951
19026.000000,-0.000003
4919.499999,-8520.823948
-594.000000,-1028.838180
175.000000,-0.000000
-357.000000,618.342138
-14614.500000,-25313.056527
1847.000000,-0.000000
-9495.499998,16446.688444
-44.500000,-77.076261
2498.000000,-0.000000
-5621.499999,9736.723615
-4549.500001,-7879.965148
-173.000000,0.000000
4939.500000,-8555.464964
5037.500001,8725.205943
-472.000000,0.000000
3539.500000,-6130.593834
996.500000,1725.988630
22176.000000,-0.000001
1015.500000,-1758.897595
3659.000000,6337.573905
2323.000000,-0.000000
9110.499999,-15779.848883
-13082.000003,-22658.688663
-16832.000000,0.000001
-14121.000000,24458.289454
-225.500000,-390.577457
18683.000000,-0.000002
2933.000000,-5080.105019
5858.000001,10146.353630
-2669.000000,0.000000
175.500000,-303.974917
9142.000001,15834.408482
-18513.000000,0.000000
-11742.499998,20338.606609
7113.500002,12320.943419
19197.000000,-0.000002
-4020.500000,6963.710272
2887.000000,5000.430681
16877.000000,-0.000000
3613.499999,-6258.765593
-8540.000002,-14791.713895
-2151.000000,0.000000
13620.499997,-23591.398026
-497.000000,-860.829251
-177.000000,0.000000
710.000000,-1229.756073
-14193.500001,-24583.863137
-19674.000000,0.000002
-8413.499998,14572.609471
13780.500002,23868.526152
301.000000,-0.000000
4295.499999,-7440.024244
-3653.000000,-6327.181600
651.000000,0.000000
6569.999998,-11379.573807
7421.000001,12853.549042
-819.000000,0.000000
33.500000,-58.023702
-7969.500001,-13803.578911
2495.000000,0.000000
3330.499999,-5768.595215
-4790.000001,-8296.523368
2844.000000,-0.000000
-7969.999999,13804.444937
-1898.000000,-3287.432433
18378.000000,-0.000002
3148.500000,-5453.361968
-4682.500001,-8110.327906
-2151.000000,0.000000
-9471.999998,16405.985250
-138.000000,-239.023011
-2498.000000,0.000000
3587.000000,-6212.866247
6227.000000,10785.480379
-175.000000,0.000000
3880.999999,-6722.089185
-4108.000000,-7115.264717
-18207.000000,0.000002
567.500000,-982.938833
-8606.000000,-14906.029250
-2368.000000,0.000000
4019.999999,-6962.844247
-344.500000,-596.691503
176.000000,-0.000000
724.500000,-1254.870810
-6313.500000,-10935.302774
-177.000000,0.000000
-1763.000000,3053.605574
7144.000001,12373.770969
-21998.000000,0.000003
-7293.999999,12633.578591
11975.000000,20741.308420
19499.000000,-0.000001
-8450.000000,14635.829324
-6521.000001,-11294.703316
346.000000,-0.000000
-3039.500000,5264.568430
7880.500002,13649.426388
-304.000000,0.000000
1051.500000,-1821.251424
8961.500001,15521.773311
19198.000000,-0.000003
14220.499998,-24630.628510
-757.500000,-1312.028487
-2799.000000,0.000000
-2473.500000,4284.227673
12949.000002,22428.325906
-3148.000000,0.000000
361.500000,-626.136367
13726.000004,23774.129383
174.000000,-0.000000
-12536.499999,21713.854950
8537.000001,14786.517743
298.000000,-0.000000
-194.500000,336.883882
1725.000000,2987.787643
-18677.000000,0.000002
-4680.000000,8105.997780
9331.000002,16161.766085
19150.000000,-0.000001
13069.499998,-22637.038031
-7285.000001,-12617.990133
-21645.000000,0.000002
-53.000000,91.798693
14131.000003,24475.609960
18978.000000,-0.000001
8236.999999,-14266.902503
-12974.500001,-22472.493202
-16004.000000,-0.000000
-12208.499996,21145.742286
2369.000000,4103.228363
-222.000000,0.000000
6524.999999,-11301.631520
149.500000,258.941596
-19327.000000,-0.000000
3270.499999,-5664.672167
-8164.000002,-14140.462792
19026.000000,-0.000001
-4085.499999,7076.293575
11182.500001,19368.658155
19201.000000,-0.000000
22.000000,-38.105118
-14628.000003,-25336.439211
2709.000000,-0.000000
-9340.499998,16178.220569
-1740.000000,-3013.768405
18548.000000,-0.000002
-4983.499999,8631.675200
3301.500000,5718.365741
18900.000000,-0.000001
-1576.500000,2730.578098
-9771.500001,-16924.734465
21866.000000,-0.000003
-1170.000000,2026.499445
-13445.500000,-23288.289133
2369.000000,-0.000000
8181.999998,-14171.639709
545.000000,943.967690
21353.000000,-0.000003
8344.999999,-14453.963990
-13777.000000,-23862.463976
2327.000000,-0.000000
718.000000,-1243.612480
-4744.500001,-8217.715056
-16705.000000,0.000002
4103.999999,-7108.336515
-12873.000001,-22296.690046
2329.000000,-0.000000
-111.000000,192.257640
-771.000000,-1335.411173
21178.000000,-0.000003
8342.999999,-14450.499888
-12020.500001,-20820.116732
-18983.000000,0.000002
7362.000000,-12751.358046
-3382.000001,-5857.795831
16354.000000,-0.000002
3869.999999,-6703.036626
3981.500001,6896.160290
19544.000000,-0.000002
-96.500000,167.142903
-5383.000001,-9323.629497
210.000000,-0.000000
-3222.999999,5582.399753
11257.000003,19497.695939
16224.000000,-0.000002
-4212.500000,7296.264027
4043.000001,7002.681415
16875.000000,-0.000001
3505.000000,-6070.838080
-358.500000,-620.940214
512.000000,-0.000000
-7204.999999,12479.426069
2034.000000,3522.991342
-135.000000,0.000000
4973.999999,-8615.220717
-4922.500000,-8526.020100
16052.000000,-0.000002
3832.500000,-6638.084720
3178.000001,5504.457466
19243.000000,-0.000001
-8050.499998,13943.875027
7523.500001,13031.084250
19539.000000,0.000000
5874.499999,-10174.932469
7673.500002,13290.891871
-2627.000000,0.000000
-2374.500000,4112.754643
11469.000001,19864.890711
18376.000000,-0.000000
-7724.999999,13380.092489
7392.500002,12804.185594
2193.000000,-0.000000
-4329.999999,7499.779997
608.500000,1053.952916
2842.000000,-0.000000
-5486.999999,9503.762782
-326.500000,-565.514589
19023.000000,-0.000001
-4862.499999,8422.097052
3880.000000,6720.357133
-2450.000000,0.000000
-559.000000,968.216401
3599.500000,6234.516882
17001.000000,-0.000001
-3612.499999,6257.033543
-119.000000,-206.114046
-21527.000000,0.000000
8830.999999,-15295.740682
2191.000000,3794.923319
-18855.000000,0.000002
4390.499999,-7604.569071
684.500000,1185.588778
18986.000000,-0.000003
4571.999999,-7918.936293
670.500000,1161.340066
-19024.000000,0.000002
-5072.000000,8784.961696
-3937.500001,-6819.950054
-18556.000000,0.000003
-7303.499999,12650.033074
7126.500000,12343.460080
-2191.000000,0.000000
5188.000000,-8985.879590
-8961.000000,-15520.907287
-2839.000000,0.000000
4184.999999,-7248.632630
277.500000,480.644099
-19376.000000,0.000002
-4002.500000,6932.533357
-4932.000001,-8542.474582
-16354.000000,0.000003
-12161.499998,21064.335897
7902.500001,13687.531506
18809.000000,-0.000002
4724.500000,-8183.074041
-129.500000,-224.300580
-18975.000000,0.000001
-13986.999997,24226.194647
280.000000,484.974226
18978.000000,-0.000002
13069.999999,-22637.904056
194.500000,336.883882
-18846.000000,0.000001
-3103.500000,5375.419681
-4679.000001,-8104.265728
2453.000000,-0.000000
9888.999999,-17128.250437
-4962.500001,-8595.302132
-16875.000000,0.000001
-4175.000000,7231.312122
-12531.000001,-21704.328669
-19195.000000,0.000002
-333.500000,577.638944
14228.000003,24643.618888
18815.000000,-0.000001
9322.000000,-16146.177628
-4852.000001,-8403.910518
-16351.000000,0.000000
-11258.499999,19500.294018
3664.500001,6347.100184
-19071.000000,0.000001
656.500000,-1137.091355
1653.500000,2863.946010
-21735.000000,0.000000
7935.999999,-13745.555209
-7451.000002,-12905.510566
-19068.000000,0.000001
-5268.999999,9126.175706
-13526.000002,-23427.719222
-16224.000000,0.000000
-13464.999998,23322.064125
-5750.500001,-9960.158168
2154.000000,-0.000000
-950.500000,1646.314293
-9363.000001,-16217.191711
-645.000000,0.000000
-10060.999999,17426.163176
5380.500000,9319.299370
-2669.000000,0.000000
-538.500000,932.709360
13945.500002,24154.314536
171.000000,-0.000000
-4147.999999,7184.546750
624.000000,1080.799704
645.000000,-0.000000
8995.999998,-15581.529066
800.000000,1385.640646
177.000000,-0.000000
-292.500000,506.624861
134.500000,232.960834
21349.000000,-0.000002
-886.500000,1535.463041
-3514.500001,-6087.292563
-18851.000000,0.000003
9036.499998,-15651.677123
224.500000,388.845406
-351.000000,0.000000
-7006.999999,12136.480009
7244.000000,12546.976050
-298.000000,0.000000
512.000000,-886.810014
3900.000000,6754.998149
19029.000000,-0.000002
459.000000,-795.011321
-1277.000000,-2211.828881
-2.000000,0.000000
42.000000,-72.746134
-8654.500001,-14990.033714
-18685.000000,0.000002
-4993.500000,8648.995708
292.000000,505.758836
19029.000000,-0.000001
13321.999997,-23074.380860
4002.500000,6932.533357
19026.000000,-0.000002
1157.500000,-2004.848810
-4702.000001,-8144.102897
-18810.000000,0.000001
9254.000000,-16028.398173
4388.000000,7600.238943
16480.000000,-0.000002
-3536.000000,6124.531656
-106.000000,-183.597386
-21826.000000,0.000001
8055.500000,-13952.535280
6816.000001,11805.658304
171.000000,-0.000000
-4546.999999,7875.635022
9072.000002,15713.164925
19333.000000,-0.000001
6032.000000,-10447.730471
8258.000001,14303.275568
-19026.000000,0.000000
-2713.500000,4699.919867
-4978.000001,-8622.148919
-19204.000000,0.000001
1038.500000,-1798.734764
4209.500001,7291.067874
-2193.000000,0.000000
653.000000,-1131.029177
-162.500000,-281.458256
-2498.000000,0.000000
5440.000000,-9422.356393
14106.500002,24433.174716
-304.000000,0.000000
-4447.499999,7703.295967
9468.000002,16399.057045
21868.000000,-0.000002
469.500000,-813.197854
7630.000001,13215.547661
21567.000000,-0.000001
-7594.499999,13154.059859
6516.000000,11286.043062
19066.000000,-0.000002
-2988.499999,5176.233839
11348.000002,19655.312563
16570.000000,-0.000001
-3105.999999,5379.749809
11350.000001,19658.776665
16872.000000,0.000000
-2299.499999,3982.850832
6690.500001,11588.285927
-304.000000,0.000000
-94.000000,162.812776
-9182.500001,-15904.556540
2495.000000,-0.000000
-13167.499999,22806.779009
3491.000001,6046.589369
3143.000000,-0.000000
8961.999998,-15522.639338
-13676.000001,-23687.526844
-475.000000,0.000000
-4637.000000,8031.519595
3094.000000,5358.965199
18556.000000,-0.000001
-8981.999998,15557.280355
7896.500001,13677.139202
21525.000000,-0.000002
9362.499999,-16216.325686
-3804.000000,-6588.721272
-17001.000000,0.000003
-4660.499999,8072.222789
1544.500000,2675.152472
2450.000000,-0.000000
2710.000000,-4693.857689
-12476.500000,-21609.931901
-18378.000000,0.000001
-396.000000,685.892120
-8181.500001,-14170.773682
-2498.000000,0.000000
12862.499998,-22278.503513
5240.500000,9076.812257
15883.000000,-0.000001
12346.000000,-21383.899270
-2428.500000,-4206.285386
346.000000,-0.000000
3424.000000,-5930.541965
-3725.500001,-6452.755283
3143.000000,-0.000000
8718.500000,-15100.884966
-12903.500002,-22349.517594
2326.000000,-0.000000
-588.500000,1019.311900
-4446.500001,-7701.563915
1681.000000,-0.000000
-899.500000,1557.979701
1278.000000,2213.560932
1983.000000,-0.000000
3514.499999,-6087.292563
-2986.000001,-5171.903711
-16226.000000,0.000001
-2825.500000,4893.909557
4021.000001,6964.576297
-18722.000000,0.000001
1943.500000,-3366.240745
-1284.500000,-2224.819262
-2537.000000,0.000000
5059.000000,-8762.445036
-8488.000001,-14701.647254
-21868.000000,0.000001
-531.000000,919.718979
915.000000,1584.826489
-19201.000000,0.000002
-4756.500000,8238.499666
820.000000,1420.281662
-341.000000,0.000000
404.500000,-700.614552
13565.000001,23495.269204
135.000000,-0.000000
-3628.999999,6285.612381
-5387.500001,-9331.423725
-16055.000000,0.000001
-12400.499998,21478.296041
-5464.000000,-9463.925612
-19542.000000,-0.000000
-9391.499997,16266.555161
4320.500001,7483.325514
-213.000000,0.000000
-14149.999997,24508.518929
-5139.000000,-8901.009100
-15877.000000,-0.000000
-13364.999999,23148.859044
-5526.000001,-9571.312762
1977.000000,-0.000000
-8.500000,14.722432
429.000000,743.049796
2199.000000,-0.000000
3876.500000,-6714.294956
-204.000000,-353.338365
19029.000000,-0.000001
-2927.999999,5071.444765
12640.500001,21893.988232
-2669.000000,0.000000
8261.999999,-14310.203773
-7657.500000,-13263.179059
-19032.000000,0.000001
-14252.499997,24686.054137
560.000000,969.948452
2669.000000,-0.000000
-6506.999999,11270.454605
1277.500000,2212.694907
19505.000000,-0.000001
13263.499997,-22973.055888
-653.500000,-1131.895203
346.000000,-0.000000
729.000000,-1262.665039
-13802.000000,-23905.765246
169.000000,-0.000000
12344.000000,-21380.435169
-7856.500001,-13607.857169
-3315.000000,0.000000
3705.999999,-6418.980293
4608.500000,7982.156147
-177.000000,0.000000
-13918.499999,24107.549166
-4150.500001,-7188.876876
-18508.000000,0.000003
-1158.000000,2005.714835
5751.500001,9961.890219
16660.000000,-0.000001
3544.500000,-6139.254088
339.500000,588.031249
174.000000,-0.000000
-177.500000,307.439018
-3308.000001,-5729.624071
-19503.000000,0.000002
8637.999999,-14961.454876
5576.000001,9657.915302
-2714.000000,0.000000
1219.000000,-2111.369935
-562.000000,-973.412554
-18854.000000,0.000002
-4713.500000,8164.021482
-8685.500002,-15043.727288
-2.000000,0.000000
-1944.000000,3367.106770
-4712.500001,-8162.289430
19204.000000,-0.000002
-10118.999999,17526.622122
-523.000000,-905.862572
21223.000000,-0.000001
6811.999999,-11798.730102
-8152.500001,-14120.544208
2842.000000,-0.000000
-5879.999999,10184.458749
-13115.500003,-22716.712365
471.000000,-0.000000
5185.999999,-8982.415489
7689.500001,13318.604684
-472.000000,0.000000
-7231.499999,12525.325415
7798.000002,13506.532196
21048.000000,-0.000001
749.000000,-1297.306055
8160.000001,14133.534589
-304.000000,0.000000
-493.500000,854.767074
-2945.000001,-5100.889628
-2325.000000,0.000000
-990.000000,1714.730300
14280.500002,24734.551557
19671.000000,-0.000000
9405.499999,-16290.803871
-5500.500000,-9527.145467
2711.000000,-0.000000
-8313.499998,14399.404390
-714.500000,-1237.550302
18719.000000,-0.000000
4198.499999,-7272.015316
12411.500000,21497.348598
16570.000000,-0.000001
-3920.999999,6791.371217
3048.000000,5279.290861
16745.000000,-0.000002
-4318.499999,7479.861413
12516.500001,21679.213933
16522.000000,-0.000001
5861.499999,-10152.415809
8460.500001,14654.015857
-18812.000000,0.000003
-11652.499998,20182.722036
7317.500000,12674.281784
18848.000000,-0.000002
5094.500000,-8823.932839
4461.000001,7726.678652
-2149.000000,0.000000
-298.500000,517.017166
961.000000,1664.500826
-2329.000000,0.000000
4755.000000,-8235.901590
14075.500002,24379.481141
-2326.000000,0.000000
293.500000,-508.356912
161.000000,278.860180
-2500.000000,0.000000
4842.500000,-8387.456036
3835.500001,6643.280872
-299.000000,0.000000
-13737.999998,23794.913996
-1006.000000,-1742.443112
21997.000000,-0.000002
205.000000,-355.070416
-5871.000001,-10168.870291
-18849.000000,0.000001
347.000000,-601.021630
-8307.000002,-14388.146057
-45.000000,0.000000
356.000000,-616.610088
3441.000001,5959.986828
-19196.000000,0.000001
-6187.500000,10717.064372
8703.000003,15074.038177
-21741.000000,0.000002
8507.999999,-14736.288271
-6436.000001,-11147.478997
-18722.000000,0.000001
-4316.000000,7475.531285
4619.000000,8000.342680
2802.000000,-0.000000
9014.499999,-15613.572005
-13481.000003,-23349.776935
2326.000000,-0.000000
551.000000,-954.359995
-6345.500001,-10990.728399
2197.000000,-0.000000
-7146.999999,12378.967122
6252.000001,10828.781648
18381.000000,-0.000001
-4210.999999,7293.665951
4690.000001,8123.318287
-2672.000000,0.000000
174.000000,-301.376841
9120.000002,15796.303364
-18510.000000,0.000001
-4786.499999,8290.461191
-8176.500001,-14162.113427
18679.000000,-0.000000
3852.499999,-6672.725736
12907.500000,22356.445798
352.000000,-0.000000
-11826.499997,20484.098877
3279.000000,5679.394598
298.000000,-0.000000
5498.499999,-9523.681366
61.500000,106.521125
-19026.000000,0.000002
-4920.499999,8522.555999
-13933.000002,-24132.663901
-346.000000,0.000000
3564.499999,-6173.895104
-3438.000000,-5954.790676
-168.000000,0.000000
2206.499999,-3821.770107
-13025.000002,-22559.961767
3144.000000,-0.000000
-8515.999999,14750.144678
-6480.000000,-11223.689233
2027.000000,-0.000000
-1199.500000,2077.594944
-8800.000002,-15242.047106
21175.000000,-0.000003
-1069.000000,1851.562313
-4788.500000,-8293.925292
-18981.000000,0.000002
-8077.499999,13990.640398
12878.500000,22306.216325
16653.000000,-0.000003
4518.499999,-7826.271574
412.500000,714.470958
45.000000,-0.000000
-1187.000000,2055.944309
736.500000,1275.655420
21223.000000,-0.000001
-594.000000,1028.838180
8536.500001,14785.651718
21353.000000,-0.000002
300.500000,-520.481268
-3717.500001,-6438.898877
-16356.000000,0.000001
3154.499999,-5463.754273
-13040.000001,-22585.942530
2797.000000,-0.000000
-8868.999999,15361.558613
-5467.000001,-9469.121764
-168.000000,0.000000
5511.000000,-9545.332001
8046.000003,13936.080796
-647.000000,0.000000
1408.500000,-2439.593563
-887.500000,-1537.195092
3.000000,-0.000000
889.500000,-1540.659193
-1375.500000,-2382.435886
127.000000,-0.000000
-7808.999999,13525.584757
-5956.000001,-10316.094609
-16827.000000,0.000001
-14193.000000,24582.997112
342.500000,593.227402
21476.000000,-0.000000
8368.999999,-14495.533209
-4757.500001,-8240.231716
-18981.000000,0.000001
-7957.000000,13781.928276
3642.000001,6308.129041
16354.000000,-0.000000
3744.999999,-6486.530275
4327.000001,7494.583844
18730.000000,-0.000002
252.000000,-436.476804
9112.500001,15783.312983
2667.000000,-0.000000
-4344.999999,7525.760759
-4132.000000,-7156.833937
-19200.000000,0.000002
33.000000,-57.157677
5412.000001,9373.858970
-515.000000,0.000000
-5659.999999,9803.407571
527.000000,912.790776
2976.000000,-0.000000
-12637.499997,21888.792083
2948.500000,5106.951806
-18899.000000,0.000001
637.000000,-1103.316364
-8526.500001,-14768.331210
-19200.000000,0.000002
-13231.499996,22917.630262
7450.000001,12903.778516
21699.000000,-0.000001
489.000000,-846.972845
-713.000000,-1234.952226
19375.000000,-0.000002
12901.999999,-22346.919520
-8996.000002,-15581.529064
-2799.000000,0.000000
-3317.499999,5746.078554
12044.500001,20861.685951
-2847.000000,0.000000
1091.500000,-1890.533457
-542.500000,-939.637563
-18378.000000,0.000003
-12813.999997,22194.499050
-4963.000000,-8596.168158
2799.000000,-0.000000
-662.000000,1146.617635
-4029.000000,-6978.432704
2326.000000,-0.000000
9089.499998,-15743.475816
-4049.000000,-7013.073720
2025.000000,-0.000000
8344.499999,-14453.097964
-8904.000000,-15422.180391
21351.000000,-0.000001
19.500000,-33.774991
-5356.500001,-9277.730150
2371.000000,-0.000000
8161.999999,-14136.998692
-9038.500002,-15655.141223
21522.000000,-0.000002
-9307.500000,16121.062892
-6611.000001,-11450.587888
-472.000000,0.000000
-3483.000000,6032.732963
13100.500003,22690.731603
-2.000000,0.000000
-4763.500000,8250.624022
-4726.000001,-8185.672116
174.000000,-0.000000
-3479.500000,6026.670785
12940.500003,22413.603474
-3016.000000,0.000000
962.500000,-1667.098902
9860.000001,17078.020962
-18378.000000,0.000003
-4144.499999,7178.484572
-3673.500001,-6362.688641
2802.000000,0.000000
7802.000000,-13513.460401
-12539.000004,-21718.185074
2151.000000,-0.000000
7813.499999,-13533.378986
-11870.000001,-20559.443085
-19499.000000,0.000002
148.500000,-257.209545
13203.500002,22869.132836
18677.000000,-0.000003
810.000000,-1402.961154
-1143.000000,-1979.734073
216.000000,0.000000
-777.500000,1346.669503
-3795.500000,-6573.998840
16874.000000,-0.000001
2843.999999,-4925.952497
5149.500000,8919.195633
16700.000000,-0.000002
12325.499999,-21348.392229
-7945.500001,-13762.009691
-21829.000000,0.000001
72.000000,-124.707658
4192.500001,7261.623010
298.000000,0.000000
-13289.999996,23018.955235
-4636.500000,-8030.653569
2672.000000,-0.000000
8488.500000,-14702.513280
161.000000,278.860180
-645.000000,0.000000
-428.000000,741.317746
-4456.000001,-7718.018398
-2368.000000,0.000000
-9763.499998,16910.878061
622.500000,1078.201628
-18207.000000,0.000002
-4312.999999,7470.335134
4830.500000,8366.671426
-177.000000,0.000000
6045.000000,-10470.247132
13015.500001,22543.507285
-2971.000000,0.000000
-7574.499999,13119.418842
12043.000003,20859.087874
19373.000000,-0.000001
-806.000000,1396.032951
-10004.000001,-17327.436278
22045.000000,-0.000003
-9455.999997,16378.272438
-6626.000000,-11476.568651
-171.000000,0.000000
-2857.000000,4948.469157
8228.500001,14252.180069
-19547.000000,0.000000
-4204.999999,7283.273646
-2943.000001,-5097.425526
-16874.000000,0.000001
-5760.999999,9978.344703
537.000000,930.111284
2633.000000,-0.000000
-14205.000001,24603.781721
-4810.500001,-8332.030409
2628.000000,-0.000001
507.500000,-879.015785
4862.500001,8422.097051
-17001.000000,0.000001
-3542.499999,6135.789986
8259.000000,14305.007619
21178.000000,-0.000002
-7704.499998,13344.585448
7989.500001,13838.219926
-470.000000,0.000000
-524.000000,907.594623
5323.500001,9220.572473
0.000000,0.000000
-14568.999999,25234.248216
-576.500000,-998.527290
298.000000,-0.000000
-9156.999998,15860.389246
-102.000000,-176.669182
-18848.000000,0.000002
-4862.500000,8422.097052
-1047.500000,-1814.323221
21479.000000,-0.000003
-8347.999998,14459.160142
-4918.000001,-8518.225871
-16353.000000,-0.000000
3198.000000,-5539.098483
-12746.500000,-22077.585619
2498.000000,-0.000000
-1177.500000,2039.489826
-9143.500001,-15837.006559
18508.000000,-0.000002
3598.500000,-6232.784831
120.000000,207.846097
-18981.000000,-0.000001
-12629.999997,21875.801701
7332.500002,12700.262545
19499.000000,-0.000000
4918.499998,-8519.091898
-10151.000000,-17582.047748
-2669.000000,0.000000
3987.000000,-6905.686570
-8034.500001,-13916.162213
-19159.000000,0.000002
-4800.499999,8314.709902
9463.000002,16390.396791
18680.000000,-0.000001
12563.999997,-21761.486348
-3728.500001,-6457.951435
-470.000000,0.000000
-14787.999995,25613.567345
485.000000,840.044642
2495.000000,-0.000000
-6628.000000,11480.032753
1769.500000,3064.863904
3146.000000,-0.000000
-4560.499999,7899.017708
4725.500001,8184.806091
0.000000,-0.000000
14402.499997,-24945.861758
4583.000000,7937.988851
-3317.000000,0.000000
-8861.499997,15348.568233
4103.500000,7107.470489
174.000000,-0.000000
-14796.999999,25629.155800
-427.500000,-740.451720
472.000000,-0.000000
-8268.999999,14322.328129
8968.500002,15533.897666
-21525.000000,0.000002
1213.000000,-2100.977630
13845.000002,23980.243430
-2022.000000,0.000000
1247.000000,-2159.867357
-1201.000000,-2080.193020
-2196.000000,0.000000
5186.000000,-8982.415488
-9440.000002,-16350.559623
-19328.000000,0.000001
-14399.999998,24941.531630
248.500000,430.414626
21826.000000,-0.000002
8077.499998,-13990.640399
-4267.000001,-7390.660795
2030.000000,-0.000000
77.000000,-133.367912
-218.000000,-377.587076
2146.000000,0.000000
-12908.499999,22358.177850
4226.500001,7320.512738
-18851.000000,0.000001
1199.000000,-2076.728918
12982.500001,22486.349609
19330.000000,-0.000002
-190.000000,329.089653
-13718.000003,-23760.272977
0.000000,-0.000000
5500.000000,-9526.279442
8408.000003,14563.083189
-19330.000000,-0.000000
-4613.500000,7990.816401
-9213.000000,-15957.384090
18851.000000,-0.000001
-4181.999999,7243.436478
11642.000001,20164.535501
-2799.000000,0.000000
-8882.499999,15384.941299
5455.500001,9449.203180
-2154.000000,-0.000000
-1009.000000,1747.639265
14298.000005,24764.862444
19671.000000,-0.000000
1093.000000,-1893.131533
2889.000000,5003.894783
2543.000000,-0.000000
-7081.000000,12264.651768
7719.500001,13370.566208
21348.000000,-0.000003
9168.999999,-15881.173855
-4385.500001,-7595.908816
2374.000000,-0.000000
21.500000,-37.239092
219.000000,379.319127
21004.000000,-0.000000
7156.999998,-12396.287631
-11761.500000,-20371.515573
-17003.000000,0.000001
-4415.000000,7647.004316
8887.500001,15393.601552
2324.000000,-0.000000
-5319.999999,9214.510297
-8203.500002,-14208.878799
21530.000000,-0.000002
7485.999998,-12966.132347
1080.000000,1870.614872
-2.000000,0.000000
9598.499997,-16625.089678
237.500000,411.362067
-21183.000000,0.000002
-8326.999999,14422.787075
4844.000001,8390.054111
16525.000000,-0.000001
12338.999998,-21371.774916
4423.500001,7661.726747
19074.000000,-0.000002
-581.500000,1007.187545
-10214.500000,-17692.032974
21392.000000,-0.000003
-10022.000000,17358.613193
-151.500000,-262.405697
-478.000000,0.000000
-1458.000000,2525.330078
5779.000001,10009.521616
341.000000,-0.000000
-5131.499999,8888.018720
-789.000000,-1366.588087
19376.000000,-0.000002
5126.499999,-8879.358466
2921.000001,5059.320409
18852.000000,-0.000003
995.500000,-1724.256579
-4702.000000,-8144.102897
-16483.000000,-0.000000
3331.000000,-5769.461240
-8457.500002,-14648.819704
21474.000000,-0.000001
-9168.999998,15881.173856
-5858.000001,-10146.353630
-19152.000000,0.000002
-106.000000,183.597386
5101.000001,8835.191169
18855.000000,-0.000003
178.500000,-309.171069
7364.500002,12755.688171
21696.000000,-0.000000
-7902.999999,13688.397533
-6002.000000,-10395.768947
-19158.000000,0.000001
-9221.999998,15972.972549
4148.000001,7184.546750
19026.000000,-0.000002
-536.500000,929.245258
-1693.000000,-2932.362017
19203.000000,0.000001
4713.000000,-8163.155456
-8682.000003,-15037.665110
-21699.000000,0.000000
-618.000000,1070.407399
2073.500000,3591.407349
-19375.000000,0.000002
3631.000000,-6289.076482
907.000000,1570.970082
2802.000000,-0.000000
-3741.499999,6480.468097
-4874.500001,-8442.881661
2500.000000,0.000000
9039.499998,-15656.873276
938.000000,1624.663657
0.000000,-0.000000
1245.000000,-2156.403256
8090.000000,14012.291033
-2495.000000,0.000000
5837.000000,-10109.980564
4507.500001,7807.219015
-2673.000000,0.000000
-312.000000,540.399852
1542.500000,2671.688370
-20874.000000,0.000002
537.500000,-930.977309
9558.000000,16554.941619
123.000000,-0.000000
10018.999996,-17353.417043
-3716.500000,-6437.166826
-19325.000000,0.000002
106.500000,-184.463411
4636.500001,8030.653569
19330.000000,-0.000001
-994.500000,1722.524528
-14537.000004,-25178.822587
177.000000,-0.000000
5617.999998,-9730.661438
-1189.000000,-2059.408410
-22046.000000,0.000004
299.000000,-517.883191
-7625.000001,-13206.887407
-18556.000000,0.000002
-4414.000000,7645.272265
4780.500001,8280.068885
2.000000,-0.000000
14142.499997,-24495.528548
5397.000001,9347.878208
18209.000000,-0.000002
8579.999997,-14860.995930
-89.500000,-155.018547
3013.000000,-0.000001
-11860.500000,20542.988603
2161.500000,3743.827820
343.000000,-0.000000
-2510.000000,4347.447527
12198.000003,21127.555749
15880.000000,-0.000001
4221.499999,-7311.852485
5923.500001,10259.802958
-2625.000000,0.000000
6750.500001,-11692.208976
-3010.000001,-5213.472930
-2202.000000,0.000000
-9495.500000,16446.688443
712.000000,1233.220175
-18677.000000,0.000000
-4714.999999,8166.619558
8475.500000,14679.996619
21651.000000,-0.000002
358.000000,-620.074189
-14045.000002,-24326.653591
-19325.000000,0.000003
11.000000,-19.052559
4106.000001,7111.800615
-2368.000000,-0.000000
-8498.500000,14719.833788
-118.000000,-204.381995
475.000000,-0.000000
7686.999999,-13314.274558
-12846.500001,-22250.790699
-18858.000000,0.000002
-7582.500000,13133.275249
8056.000001,13953.401305
-2669.000000,0.000000
4441.999999,-7693.769688
5353.500001,9272.533998
18550.000000,0.000000
-462.000000,800.207473
9581.500004,16595.644811
47.000000,-0.000000
8920.999998,-15451.625255
5751.000000,9961.024194
19153.000000,-0.000002
8193.499999,-14191.558292
-13308.000002,-23050.132146
-16658.000000,0.000003
-13927.999998,24124.003649
680.000000,1177.794549
-346.000000,-0.000000
7570.499998,-13112.490640
6332.000000,10967.345714
-2193.000000,0.000000
46.500000,-80.540363
461.000000,798.475422
-21527.000000,0.000002
-8226.499999,14248.715969
12848.500002,22254.254800
173.000000,-0.000000
-12675.499997,21954.610013
7056.000002,12221.350497
19502.000000,-0.000002
-2504.999999,4338.787273
8212.000000,14223.601232
-21826.000000,0.000001
1225.500000,-2122.628265
13886.500001,24052.123538
-2027.000000,0.000000
1288.500000,-2231.747466
-1116.500000,-1933.834727
-2326.000000,0.000000
4574.999999,-7924.132445
-4535.000001,-7854.850412
-2802.000000,0.000000
-9011.499997,15608.375854
12247.000000,21212.426240
19373.000000,-0.000004
275.000000,-476.313972
-1612.000000,-2792.065902
21871.000000,-0.000000
-7187.499999,12449.115180
1774.000000,3072.658132
2022.000000,-0.000000
1082.000000,-1874.078974
256.000000,443.405007
2495.000000,-0.000000
4651.000000,-8055.768306
-4982.500001,-8629.943148
-174.000000,0.000000
4732.500000,-8196.930447
-3405.000000,-5897.632999
-298.000000,0.000000
2826.000000,-4894.775582
-94.500000,-163.678801
19330.000000,-0.000002
4614.999999,-7993.414478
-8499.000001,-14720.699813
-19026.000000,0.000003
-4152.500000,7192.340978
4119.500001,7135.183301
-19376.000000,-0.000000
-7939.000000,13750.751362
4213.000002,7297.130051
301.000000,-0.000000
-6136.999999,10629.595807
-12760.000001,-22100.968304
523.000000,-0.000000
4682.000000,-8109.461881
12089.000002,20938.762211
16181.000000,-0.000003
-3437.999999,5954.790677
-87.000000,-150.688420
-21009.000000,-0.000000
452.500000,-783.752990
9598.000004,16624.223649
-2329.000000,0.000000
5793.999999,-10035.502380
13247.500001,22945.343073
16705.000000,-0.000002
4723.500000,-8181.341990
177.000000,306.572993
-2327.000000,0.000000
4534.499999,-7853.984387
1254.500000,2172.857738
-21353.000000,-0.000000
8103.999998,-14036.539746
-8182.000000,-14171.639708
-2369.000000,0.000000
4199.999999,-7274.613392
-8429.500001,-14600.322282
-21866.000000,0.000003
-427.000000,739.585695
681.500000,1180.392625
-18900.000000,0.000001
-5183.499999,8978.085362
-12368.500004,-21422.870411
-18548.000000,0.000000
-426.000000,737.853644
-147.500000,-255.477494
-2715.000000,0.000000
4437.000000,-7685.109433
-8019.000001,-13889.315425
-19156.000000,0.000002
2204.500000,-3818.306005
-7103.000002,-12302.756885
19200.000000,-0.000001
3156.499999,-5467.218375
3982.500000,6897.892341
16528.000000,-0.000002
4885.999998,-8462.800247
203.500000,352.472339
-21313.000000,0.000002
983.000000,-1702.605944
12993.000002,22504.536142
16697.000000,-0.000000
-3025.000000,5239.453693
12413.500003,21500.812698
16403.000000,-0.000001
13315.999997,-23063.988556
5854.000001,10139.425427
-2332.000000,0.000000
1211.000000,-2097.513528
8559.500000,14825.488887
-21012.000000,0.000004
-8272.500000,14328.390306
4710.500001,8158.825329
16699.000000,-0.000001
2837.500000,-4914.694167
4279.000000,7411.445405
17049.000000,-0.000002
-3144.499999,5446.433765
6821.500001,11815.184583
-2633.000000,0.000000
5948.000000,-10302.238203
3896.000001,6748.069946
-2631.000000,-0.000000
-8035.499999,13917.894265
11824.000002,20479.768747
17176.000000,-0.000001
-2582.000000,4472.155185
6476.000001,11216.761030
346.000000,-0.000000
-7632.499999,13219.877789
-6198.000001,-10735.250905
2664.000000,-0.000000
487.000000,-843.508743
-5189.500002,-8988.477665
-475.000000,-0.000000
5633.499999,-9757.508225
13363.000005,23145.394938
18725.000000,-0.000001
-557.500000,965.618325
-666.000000,-1153.545838
18725.000000,-0.000002
-3838.000000,6647.611000
13125.500003,22734.032873
-475.000000,0.000000
3061.499999,-5302.673548
-7497.500002,-12986.050928
3315.000000,-0.000000
-5719.499999,9906.464594
-14140.000000,-24491.198419
-168.000000,0.000000
4614.999999,-7993.414478
4833.000001,8371.001553
-518.000000,0.000000
4284.499999,-7420.971685
-3018.500001,-5228.195362
-16356.000000,0.000001
-3557.999999,6162.636774
8464.000003,14660.078034
-346.000000,0.000000
-8711.499997,15088.760612
5340.000000,9249.151312
-2664.000000,0.000000
7380.000000,-12782.534960
6492.500001,11245.339868
301.000000,-0.000000
-4842.499999,8387.456036
-4264.000001,-7385.464643
-15708.000000,0.000001
-12121.999997,20995.919891
2562.500000,4438.380194
-518.000000,0.000000
5632.499998,-9755.776175
4766.000000,8254.954149
3.000000,-0.000000
-3790.000000,6564.472561
4499.500001,7793.362608
2.000000,-0.000000
13113.999998,-22714.114292
-3666.000001,-6349.698260
-344.000000,0.000000
-13880.499996,24041.731237
-5308.000000,-9193.725687
-18722.000000,0.000003
-416.000000,720.533136
-8749.500001,-15154.578540
-19246.000000,0.000004
-13668.499999,23674.536464
-3763.000001,-6517.707189
-16351.000000,0.000001
3645.999999,-6315.057245
75.500000,130.769836
18815.000000,-0.000002
4704.499999,-8148.433025
-9580.000002,-16593.046735
-19195.000000,0.000003
-12403.000000,21482.626166
3318.500000,5747.810605
-16877.000000,-0.000000
-3611.500000,6255.301492
658.500000,1140.555457
1985.000000,-0.000000
2525.000000,-4373.428289
-6943.500001,-12026.494782
2633.000000,-0.000000
-6053.500001,10484.969563
-3253.500001,-5635.227302
-16226.000000,0.000003
-3982.500000,6897.892341
5027.500002,8707.885434
-18899.000000,0.000000
537.000000,-930.111284
1103.000000,1910.452041
-171.000000,0.000000
-84.000000,145.492268
9138.500001,15828.346304
21226.000000,-0.000003
8857.499999,-15341.640029
-797.500000,-1381.310519
21700.000000,-0.000004
-8045.500000,13935.214772
-6614.000002,-11455.784040
2193.000000,-0.000000
-866.000000,1499.955999
-9083.500000,-15733.083510
0.000000,-0.000000
-86.000000,148.956369
-29.500000,-51.095499
-2368.000000,0.000000
14602.499998,-25292.271919
1125.000000,1948.557158
-19503.000000,-0.000001
3452.499999,-5979.905414
-7701.500003,-13339.389293
298.000000,-0.000000
-8326.499999,14421.921050
7006.500000,12135.613983
349.000000,-0.000000
-8258.500000,14304.141595
-1761.000000,-3050.141472
19026.000000,-0.000003
-4581.499999,7935.390775
-1706.500000,-2955.744703
-473.000000,0.000000
-9395.499998,16273.483364
192.500000,333.419780
2664.000000,-0.000000
-5545.999998,9605.953780
-4584.000000,-7939.720902
349.000000,-0.000000
3881.000000,-6722.089184
-5317.000001,-9209.314143
16007.000000,-0.000001
-4488.499999,7774.310050
-898.500000,-1556.247650
-18809.000000,0.000002
-5804.999998,10054.554939
-9082.000000,-15730.485434
18674.000000,-0.000003
-4173.500000,7228.714045
13050.500001,22604.129064
-123.000000,0.000000
2912.500000,-5044.597977
-7971.000002,-13806.176986
22342.000000,-0.000001
120.500000,-208.712122
-6451.500001,-11174.325785
-470.000000,0.000000
5838.999998,-10113.444666
3458.000000,5989.431693
-523.000000,0.000000
-13144.000000,22766.075815
-5290.000001,-9162.548772
-16181.000000,0.000000
-14140.999998,24492.930471
-976.500000,-1691.347613
21175.000000,-0.000001
-9736.999998,16864.978714
-801.000000,-1387.372697
-123.000000,0.000000
-492.500000,853.035023
3985.500001,6903.088493
19671.000000,-0.000004
1008.000000,-1745.907214
-6465.000001,-11197.708470
517.000000,-0.000000
6325.499999,-10956.087384
-1809.000000,-3133.279911
-2503.000000,0.000000
-1988.000000,3443.317006
6604.000001,11438.463533
-2630.000000,0.000000
-2482.500000,4299.816130
11510.000003,19935.904794
16398.000000,-0.000003
-3105.500000,5378.883783
11392.500004,19732.388823
16398.000000,-0.000000
-2957.000000,5121.674238
11748.000001,20348.132887
-2151.000000,0.000000
-8537.999998,14788.249796
93.000000,161.080725
472.000000,-0.000000
755.500000,-1308.564385
3566.000001,6176.493179
-19204.000000,-0.000001
787.000000,-1363.123986
-7627.000003,-13210.351508
-21525.000000,0.000001
-473.500000,820.126057
14152.000001,24511.983028
17006.000000,-0.000002
6075.500000,-10523.074682
7497.500001,12986.050929
-2495.000000,0.000000
5585.999999,-9675.235812
-9126.000003,-15806.695668
-19026.000000,-0.000000
-4380.499999,7587.248563
-4701.500000,-8143.236872
2453.000000,-0.000000
8643.499997,-14970.981157
-12160.000001,-21061.737819
-17176.000000,0.000002
-5656.500000,9797.345393
1730.500000,2997.313922
-2.000000,0.000000
6884.999999,-11925.169811
-3497.000001,-6056.981673
16708.000000,-0.000002
2982.499999,-5165.841534
-4167.500000,-7218.321741
19200.000000,-0.000001
7315.500000,-12670.817683
-13089.500001,-22671.679045
-18855.000000,0.000002
-277.000000,479.778074
-7644.000002,-13239.796372
-21572.000000,0.000001
8686.999998,-15046.325366
1840.500000,3187.839511
-21217.000000,0.000003
9834.499997,-17033.853669
965.500000,1672.295055
-39.000000,0.000000
8810.000000,-15259.367615
-12962.500002,-22451.708592
-16872.000000,0.000000
-4056.500000,7026.064101
-5289.000001,-9160.816721
-16874.000000,0.000001
-12997.499997,22512.330373
-778.500000,-1348.401554
-515.000000,0.000000
-10029.000001,17370.737549
5620.000000,9734.125538
-168.000000,0.000000
2696.500000,-4670.475003
1780.000000,3083.050437
3143.000000,-0.000000
-4647.999999,8050.572154
-4756.500001,-8238.499666
2676.000000,-0.000000
45.000000,-77.942286
-1760.500000,-3049.275447
21009.000000,-0.000003
-8354.500000,14470.418472
-6056.000002,-10489.299690
-16702.000000,0.000003
-12476.499999,21609.931901
4374.500001,7576.856257
-16699.000000,0.000001
-3952.499999,6845.930817
9286.000001,16083.823799
21313.000000,-0.000002
955.000000,-1654.108521
4379.000001,7584.650486
-16525.000000,0.000003
-2887.500000,5001.296707
5014.500001,8685.368774
-18899.000000,-0.000000
776.000000,-1344.071427
-13.500000,-23.382686
301.000000,-0.000000
-475.500000,823.590159
-14464.000001,-25052.382880
-298.000000,0.000000
-3407.000000,5901.097102
11344.000002,19648.384360
18207.000000,-0.000003
-818.500000,1417.683586
-8173.500002,-14156.917274
2844.000000,0.000000
-4962.499999,8595.302133
4649.000000,8052.304204
3143.000000,-0.000000
10213.499998,-17690.300924
-4341.000000,-7518.832555
-645.000000,0.000000
13113.499999,-22713.248266
-3923.500001,-6795.701343
-2844.000000,0.000000
-9216.499998,15963.446269
542.000000,938.771538
-21355.000000,0.000000
7197.999998,-12467.301714
-1408.000000,-2438.727537
-2495.000000,0.000000
7279.000000,-12607.597828
5721.000001,9909.062670
19327.000000,-0.000002
1054.500000,-1826.447577
4576.000001,7925.864495
-16312.000000,0.000001
4766.499999,-8255.820175
1157.000000,2003.982784
18680.000000,-0.000002
13429.499996,-23260.576323
5559.500000,9629.336465
-2669.000000,0.000000
9383.500000,-16252.698753
1685.500000,2919.371636
-18682.000000,0.000000
3362.500000,-5824.020841
-8400.000002,-14549.226782
21178.000000,-0.000002
-9999.999998,17320.508077
-1392.500000,-2411.880749
2673.000000,-0.000000
-14111.000001,24440.968945
-4713.500000,-8164.021481
2842.000000,-0.000001
-1232.500000,2134.752620
521.500000,903.264496
19026.000000,-0.000001
5026.499999,-8706.153385
8634.500002,14955.392697
-2320.000000,0.000000
13617.499996,-23586.201874
-7911.500001,-13703.119963
-177.000000,0.000000
-424.500000,735.255568
-3460.000001,-5992.895794
-19503.000000,0.000004
8485.999999,-14698.183153
5488.500001,9506.360857
-2196.000000,0.000000
-7123.999999,12339.129954
7082.000001,12266.383819
-1849.000000,0.000000
6321.999998,-10950.025206
-1675.500000,-2902.051128
-304.000000,0.000000
-8518.000000,14753.608779
-345.000000,-597.557529
21397.000000,0.000000
7788.999999,-13490.943741
-582.500000,-1008.919595
19026.000000,-0.000001
4917.999999,-8518.225872
-9645.000001,-16705.630038
-21183.000000,0.000002
-7765.499999,13450.240547
8571.000002,14845.407471
-2332.000000,0.000000
13980.999997,-24215.802342
4237.000001,7338.699271
16398.000000,-0.000000
-3217.500000,5572.873474
12292.500000,21291.234552
16745.000000,-0.000001
5323.999999,-9221.438500
12605.000001,21832.500429
16223.000000,-0.000002
5270.999999,-9129.639807
3734.500001,6468.343740
512.000000,-0.000000
-12009.999997,20801.930200
2246.000001,3890.186113
343.000000,-0.000000
-3470.999999,6011.948354
3231.000000,5596.256159
18375.000000,-0.000001
-610.000000,1056.550993
408.500000,707.542755
45.000000,-0.000000
8738.999999,-15136.392008
4755.000001,8235.901589
19021.000000,-0.000002
370.500000,-641.724824
-269.500000,-466.787693
44.000000,-0.000000
-850.500000,1473.109212
4581.500000,7935.390775
19674.000000,-0.000002
-8312.000000,14396.806313
2739.000000,4744.087162
0.000000,-0.000000
5552.999999,-9618.078135
-55.500000,-96.128820
-19674.000000,0.000002
-13954.499996,24169.902996
903.000000,1564.041879
-44.000000,0.000000
8207.500000,-14215.807003
807.000000,1397.765002
-19195.000000,0.000004
-11731.499999,20319.554049
7676.500001,13296.088024
2154.000000,-0.000000
-5510.499999,9544.465976
-7518.000002,-13021.557970
2804.000000,-0.000000
3558.999999,-6164.368825
-4357.500001,-7547.411394
-18722.000000,0.000003
645.500000,-1118.038796
-8024.000001,-13897.975680
-21570.000000,0.000005
-724.000000,1254.004785
697.500000,1208.105438
-21051.000000,0.000001
-7559.999999,13094.304106
7320.500001,12679.477936
-2495.000000,0.000000
-2560.499999,4434.916093
12715.000002,22023.026017
18380.000000,-0.000003
8632.500000,-14951.928596
-89.500000,-155.018547
3013.000000,-0.000000
-12918.499999,22375.498358
-4791.500001,-8299.121444
174.000000,-0.000000
12813.499997,-22193.633024
4301.500000,7450.416548
18680.000000,-0.000002
-6917.499999,11981.461462
2338.500001,4050.400813
-19325.000000,0.000004
1005.000000,-1740.711062
5238.000002,9072.482129
-50.000000,0.000000
-5036.999999,8724.339918
-3318.000000,-5746.944579
-18674.000000,0.000001
-1018.000000,1763.227722
5838.500001,10112.578640
18983.000000,-0.000003
7114.499999,-12322.675471
-11955.000003,-20706.667403
-18852.000000,-0.000001
728.000000,-1260.932988
9676.000003,16759.323612
-21223.000000,0.000000
655.500000,-1135.359304
1115.000000,1931.236650
-2543.000000,0.000000
13457.999999,-23309.939769
1392.000000,2411.014724
-19154.000000,0.000003
-3514.499999,6087.292564
8251.000002,14291.151212
18851.000000,-0.000002
5318.499999,-9211.912221
4670.000000,8088.677271
-2149.000000,0.000000
9126.999997,-15808.427723
1122.500000,1944.227031
-1678.000000,0.000000
14700.999999,-25462.878923
-740.000000,-1281.717598
-2842.000000,0.000000
6438.499999,-11151.809125
-149.500000,-258.941596
-19199.000000,0.000002
3792.499999,-6568.802688
-11420.000000,-19780.020223
-18900.000000,0.000003
645.500000,-1118.038796
10032.500001,17376.799726
-21868.000000,0.000002
9482.999999,-16425.037809
5252.500001,9097.596866
-2193.000000,0.000000
-8399.499998,14548.360759
-1320.500000,-2287.173091
176.000000,-0.000000
-9414.499997,16306.392329
-975.500000,-1689.615563
-347.000000,0.000000
-8357.000000,14474.748599
8970.500001,15537.361769
-18375.000000,0.000004
-3048.000000,5279.290862
4594.000001,7957.041409
-47.000000,0.000000
13664.999997,-23668.474287
-8220.000001,-14237.457638
-19328.000000,0.000002
-13114.499996,22714.980318
8217.500002,14233.127510
19198.000000,-0.000003
4218.000000,-7305.790306
4196.000000,7267.685188
16708.000000,-0.000000
4889.999999,-8469.728449
-1501.000000,-2599.808262
-5.000000,0.000000
1542.000000,-2670.822345
-4758.000001,-8241.097742
-16832.000000,0.000002
-4873.999999,8442.015636
31.000000,53.693575
21657.000000,-0.000004
-201.500000,349.008238
-5359.500002,-9282.926302
2329.000000,-0.000000
1750.000000,-3031.088913
3276.000000,5674.198446
-17350.000000,0.000001
-13036.499997,22579.880355
676.000000,1170.866346
2799.000000,-0.000000
-4819.499999,8347.618867
3394.000001,5878.580440
650.000000,0.000000
-2457.499999,4256.514860
-1825.000001,-3160.992723
-3148.000000,0.000000
3538.499999,-6128.861783
-3128.500000,-5418.720951
-2799.000000,0.000000
-773.000000,1338.875274
13005.500002,22526.186777
19029.000000,-0.000003
-8820.999999,15278.420174
-1178.500000,-2041.221877
2672.000000,0.000000
-12908.499997,22358.177852
4224.500000,7317.048637
-18725.000000,0.000001
10095.499996,-17485.918930
1652.000000,2861.347934
-21570.000000,0.000002
8971.499999,-15539.093821
-7839.000001,-13577.546280
-21046.000000,0.000001
-707.000000,1224.559921
-8430.000002,-14601.188306
-2369.000000,0.000000
4328.999999,-7498.047947
-19.000000,-32.908965
-21348.000000,0.000001
-488.500000,846.106819
-8163.500001,-14139.596767
-2374.000000,0.000000
5099.500000,-8832.593093
9482.000002,16423.305756
-21821.000000,0.000001
1244.000000,-2154.671205
13145.500004,22768.673889
19150.000000,-0.000002
1006.500000,-1743.309138
-4727.000000,-8187.404167
-18978.000000,0.000003
1051.000000,-1820.385399
13144.000001,22766.075814
18508.000000,-0.000002
532.500000,-922.317055
-1046.500000,-1812.591170
2675.000000,-0.000000
-3644.499999,6312.459169
-4444.500001,-7698.099814
-18725.000000,0.000002
8807.499997,-15255.037489
-6812.000000,-11798.730101
-21744.000000,0.000004
7641.000000,-13234.600221
-6239.000001,-10806.264988
-18852.000000,0.000000
3438.000000,-5954.790677
-148.500000,-257.209545
19327.000000,-0.000002
-3497.499999,6057.847700
-2060.500000,-3568.890689
44.000000,-0.000000
-9343.000001,16182.550695
-213.500000,-369.792847
18894.000000,-0.000004
12532.499999,-21706.926746
5268.500001,9125.309679
16052.000000,-0.000000
12359.499998,-21407.281957
-2551.500000,-4419.327635
45.000000,-0.000000
-6615.499998,11458.382118
-73.500000,-127.305734
21995.000000,-0.000003
-7939.499999,13751.617387
3451.000001,5977.307336
-18854.000000,-0.000000
8961.499999,-15521.773312
-8252.000003,-14292.883262
-173.000000,0.000000
-9686.499998,16777.510148
-579.500000,-1003.723443
20882.000000,-0.000002
-593.000000,1027.106129
9589.000002,16608.635193
2495.000000,-0.000000
5051.499999,-8749.454655
-4015.500001,-6955.050017
-18856.000000,-0.000000
964.000000,-1669.696979
3618.500000,6267.425847
19026.000000,-0.000001
-8050.499998,13943.875027
6176.000001,10697.145787
19550.000000,-0.000002
-3619.500000,6269.157898
-769.500000,-1332.813096
-2500.000000,0.000000
5287.999999,-9159.084671
9631.000003,16681.381326
-22172.000000,-0.000000
1319.500000,-2285.441041
13771.500000,23852.937696
-45.000000,0.000000
-3729.000000,6458.817461
-4057.500000,-7027.796151
-15875.000000,0.000002
4745.499999,-8219.447108
-3861.000001,-6687.448168
2455.000000,-0.000000
1685.500000,-2919.371636
4435.500001,7682.511356
-19542.000000,0.000002
10183.999997,-17639.205426
805.500000,1395.166925
-18724.000000,0.000001
-3242.500000,5616.174744
-5969.500001,-10339.477295
301.000000,-0.000000
-1937.500000,3355.848440
6607.000002,11443.659685
-470.000000,0.000000
740.000000,-1281.717598
-487.000000,-843.508743
21525.000000,-0.000003
728.000000,-1260.932988
3808.000000,6595.649475
2025.000000,-0.000000
1157.500000,-2004.848810
9220.500001,15970.374470
2498.000000,-0.000000
-4656.999999,8066.160611
-4971.500001,-8610.890589
132.000000,-0.000000
-2718.499999,4708.580121
8239.500001,14271.232628
-19373.000000,0.000003
4073.000000,-7054.642939
-11376.500003,-19704.676011
-18553.000000,0.000004
-510.500000,884.211937
1093.000000,1893.131533
-3013.000000,0.000000
12865.499998,-22283.699666
6065.000000,10504.888148
174.000000,-0.000000
-3588.999999,6216.330349
3137.500001,5434.309408
171.000000,-0.000000
-3366.000000,5830.083018
4508.500001,7808.951065
-3318.000000,-0.000000
-1823.500000,3158.394648
6860.500003,11882.734564
817.000000,-0.000000
3804.999999,-6590.453323
-4690.000000,-8123.318287
346.000000,-0.000000
4538.000000,-7860.046565
-4322.500001,-7486.789615
18854.000000,-0.000003
-324.500000,562.050487
4114.000001,7125.657022
2847.000000,0.000000
10094.499999,-17484.186878
-4159.500000,-7204.465334
2146.000000,-0.000000
10257.999998,-17767.377185
-4865.500001,-8427.293204
-19501.000000,0.000002
-75.000000,129.903811
-4650.000001,-8054.036255
18855.000000,-0.000001
-9423.999998,16322.846812
7613.500002,13186.968822
21874.000000,-0.000000
975.000000,-1688.749538
4033.000000,6985.360907
2019.000000,-0.000000
1408.500000,-2439.593562
8505.500001,14731.958143
2022.000000,-0.000000
-4167.499999,7218.321741
-1213.000000,-2100.977629
21525.000000,-0.000002
-8893.999998,15404.859884
-1482.000000,-2566.899297
-473.000000,0.000000
-10094.999997,17485.052904
5488.500000,9506.360857
648.000000,-0.000000
-4756.500000,8238.499666
4650.000001,8054.036255
472.000000,-0.000000
13976.999998,-24208.874139
-8250.500002,-14290.285187
-21693.000000,0.000002
302.500000,-523.945369
74.500000,129.037785
-47.000000,0.000000
1617.999999,-2802.458207
3719.500000,6442.362979
-16653.000000,0.000003
-3501.500000,6064.775903
-1373.500000,-2378.971784
18981.000000,-0.000001
-3609.499999,6251.837390
-43.500000,-75.344210
-21995.000000,0.000002
8218.999998,-14235.725589
5497.500001,9521.949314
467.000000,-0.000000
-13199.500000,22862.204634
-4877.000000,-8447.211788
346.000000,-0.000000
4616.500000,-7996.012553
12595.500002,21816.045945
18550.000000,-0.000001
-7705.499999,13346.317499
7894.000001,13672.809075
21744.000000,-0.000002
8838.999997,-15309.597090
-565.000000,-978.608706
19023.000000,-0.000003
5926.500000,-10264.999111
-1331.500000,-2306.225650
-21178.000000,-0.000000
-6521.999999,11296.435367
7081.000001,12264.651768
-2374.000000,0.000000
5391.999999,-9339.217955
-9169.000001,-15881.173854
-21348.000000,0.000003
463.000000,-801.939524
-20.000000,-34.641016
-2543.000000,0.000000
13360.500000,-23141.064815
-7005.500002,-12133.881931
-19024.000000,0.000000
3986.500000,-6904.820545
-4861.500000,-8420.365001
2971.000000,-0.000000
-7564.999998,13102.964360
-5615.500001,-9726.331310
-168.000000,0.000000
12669.999998,-21945.083733
-8583.500002,-14867.058106
-822.000000,-0.000000
-1082.000000,1874.078974
-9188.500003,-15914.948844
2365.000000,-0.000000
-13590.999998,23540.302527
8262.000000,14310.203772
19373.000000,-0.000002
12425.000000,-21520.731284
-4399.000001,-7619.291502
16875.000000,-0.000002
-4756.499999,8238.499667
-732.500000,-1268.727216
-2156.000000,0.000000
5346.499999,-9260.409643
9182.500003,15904.556539
-304.000000,0.000000
9276.999997,-16068.235344
444.000000,769.030559
21693.000000,-0.000002
86.000000,-148.956369
-5695.500001,-9864.895374
47.000000,-0.000000
-4346.999999,7529.224861
2965.500001,5136.396669
16007.000000,-0.000002
-4402.499999,7625.353681
-908.500000,-1573.568159
-18505.000000,0.000003
-5351.499998,9269.069898
-12846.000001,-22249.924674
-50.000000,0.000000
5163.000000,-8942.578320
9319.500002,16141.847500
-19325.000000,0.000001
-4505.999999,7804.620939
193.500000,335.151831
19502.000000,-0.000002
4769.999999,-8261.882353
-1837.500000,-3182.643359
-2669.000000,0.000000
-2013.000000,3486.618276
8313.000001,14398.538363
-19159.000000,0.000004
-3856.500000,6679.653940
9306.500002,16119.330840
19499.000000,-0.000001
4886.999999,-8464.532297
-948.500000,-1642.850191
-2968.000000,0.000000
-4444.999999,7698.965840
5125.500001,8877.626414
-650.000000,0.000000
2889.000000,-5003.894783
1954.500000,3385.293303
3148.000000,-0.000000
3470.000000,-6010.216302
-13405.000003,-23218.141074
2799.000000,-0.000000
-8470.999998,14672.202392
-5944.500001,-10296.176025
-19198.000000,0.000002
-326.000000,564.648563
-8889.000002,-15396.199627
-348.000000,0.000000
-74.500000,129.037785
-1070.000000,-1853.294364
-298.000000,0.000000
-8863.499999,15352.032334
3675.500000,6366.152743
18855.000000,-0.000001
-742.500000,1286.047725
399.500000,691.954298
2371.000000,-0.000000
4176.999999,-7234.776224
385.500000,667.705586
124.000000,0.000000
106.500000,-184.463411
-8770.000003,-15190.085581
-18677.000000,0.000000
-5112.999999,8855.975780
-193.000000,-334.285806
19153.000000,-0.000002
4627.500000,-8015.065112
758.000000,1312.894512
-21995.000000,0.000003
-908.000000,1572.702133
5469.500001,9473.451891
-346.000000,-0.000000
-14681.999996,25429.969959
862.500000,1493.893821
2971.000000,-0.000000
3803.999999,-6588.721273
-4002.000000,-6931.667332
-18680.000000,0.000002
227.000000,-393.175533
-4801.000001,-8315.575927
16660.000000,-0.000003
3245.999999,-5622.236922
-9914.500003,-17172.417730
171.000000,-0.000000
-7634.999998,13224.207917
2603.500000,4509.394278
-19162.000000,0.000001
-6941.499997,12023.030682
12108.500001,20972.537203
16354.000000,-0.000002
5053.000000,-8752.052731
4217.000001,7304.058255
19074.000000,-0.000001
7227.499999,-12518.397213
-7826.500002,-13555.895644
21220.000000,-0.000002
-604.000000,1046.158688
9406.500000,16292.535921
2844.000000,-0.000000
4854.500000,-8408.240645
-5122.000001,-8871.564236
124.000000,-0.000000
-2955.000000,5118.210137
-207.500000,-359.400543
-19499.000000,0.000001
-6008.999999,10407.893303
314.000000,543.863954
21352.000000,-0.000003
-8604.999997,14904.297201
8088.500000,14009.692957
-168.000000,0.000000
8207.000000,-14214.940978
-6439.000001,-11152.675149
-19032.000000,0.000000
-4638.499999,8034.117671
9004.500002,15596.251496
171.000000,-0.000000
563.000000,-975.144605
4747.000001,8222.045183
17004.000000,-0.000002
13957.500001,-24175.099146
-613.500000,-1062.613170
219.000000,-0.000000
162.000000,-280.592231
-10170.500001,-17615.822738
18677.000000,-0.000000
3349.000000,-5800.638155
-8281.000000,-14343.112737
-18854.000000,0.000002
-4220.499999,7310.120434
4824.500001,8356.279121
2495.000000,-0.000000
8432.499999,-14605.518436
-8755.000002,-15164.104819
20705.000000,0.000001
-752.000000,1302.502207
41.500000,71.880109
2371.000000,-0.000000
-4449.999999,7707.626094
8138.000001,14095.429472
22170.000000,-0.000002
-7057.000000,12223.082549
1676.500000,2903.783179
-475.000000,0.000000
-2224.000000,3852.080996
12255.000003,21226.282645
-475.000000,-0.000000
-4391.999999,7607.167148
-1052.500000,-1822.983475
21694.000000,-0.000001
-8894.499998,15405.725909
-1440.500000,-2495.019188
-129.000000,0.000000
-10124.999999,17537.014427
5023.500001,8700.957231
19370.000000,-0.000003
-643.000000,1113.708669
7611.500002,13183.504721
19547.000000,0.000000
-3262.499999,5650.815760
-1849.500000,-3203.427969
-2501.000000,0.000000
-2790.499999,4833.287779
7274.500001,12599.803599
-21524.000000,0.000003
-7525.999999,13035.414378
-932.500000,-1615.137378
123.000000,-0.000000
-477.000000,826.188235
-13990.000004,-24231.390795
-19325.000000,0.000002
-9417.999997,16312.454507
4842.000000,8386.590010
19328.000000,-0.000001
7135.500000,-12359.048537
-13649.000002,-23640.761472
-295.000000,0.000000
-4465.499999,7734.472882
4874.000001,8442.015635
-523.000000,0.000000
3460.999999,-5994.627845
-3849.500000,-6667.529583
-16178.000000,0.000002
-12056.999996,20883.336589
7828.000000,13558.493722
21476.000000,-0.000004
1.000000,-1.732051
-3526.500000,-6108.077173
-18978.000000,0.000000
8425.999999,-14594.260105
4831.000001,8367.537451
16007.000000,-0.000001
-3091.999999,5355.501097
13039.000002,22584.210479
-130.000000,0.000000
4123.000000,-7141.245479
901.500000,1561.443803
515.000000,-0.000000
575.000000,-995.929214
3479.500001,6026.670785
16528.000000,-0.000001
5050.499999,-8747.722604
4726.000000,8185.672116
-2799.000000,0.000000
8607.999998,-14909.493353
6398.000001,11081.661066
168.000000,-0.000000
2768.500000,-4795.182661
-6919.500002,-11984.925562
0.000000,0.000000
-1729.500000,2995.581872
6476.500002,11217.627054
-168.000000,0.000000
2843.999999,-4925.952497
1590.500000,2754.826809
2799.000000,-0.000000
-4705.500000,8150.165075
-3168.500001,-5488.002983
-16528.000000,0.000003
3598.999999,-6233.650857
1591.000000,2755.692835
-518.000000,-0.000000
-586.000000,1014.981773
6152.000002,10655.576567
648.000000,-0.000000
2442.000000,-4229.668072
-11696.000001,-20258.066245
518.000000,-0.000000
12982.499999,-22486.349610
5020.000001,8694.895053
15705.000000,-0.000003
4281.999999,-7416.641559
4886.000002,8462.800245
214.000000,-0.000000
-5272.999998,9133.103909
-877.500000,-1519.874584
19539.000000,-0.000001
-2907.999999,5036.803749
11137.000001,19289.849843
16402.000000,-0.000002
4158.000000,-7201.867258
-4878.500001,-8449.809864
18719.000000,-0.000001
-807.000000,1397.765002
-954.500000,-1653.242496
2709.000000,-0.000000
-12539.999996,21719.917129
8204.500000,14210.610851
19370.000000,-0.000001
13272.000000,-22987.778318
5188.500001,8986.745615
16224.000000,-0.000002
5345.999999,-9259.543618
12766.500003,22112.226633
-2458.000000,0.000000
-8840.499998,15312.195166
3821.000000,6618.166136
19541.000000,-0.000003
-8988.999997,15569.404711
6722.000000,11642.845528
18899.000000,-0.000004
-2881.000000,4990.038377
11770.000002,20386.238004
-2498.000000,0.000000
-7218.999999,12503.674780
8729.500002,15119.937523
-21057.000000,0.000002
723.500000,-1253.138759
933.500000,1616.869429
-21353.000000,0.000003
88.500000,-153.286496
3878.000000,6716.893032
17001.000000,-0.000004
5482.000000,-9495.102527
-667.500000,-1156.143914
-2450.000000,0.000000
5762.999999,-9981.808805
12339.000001,21371.774914
19026.000000,-0.000002
-118.500000,205.248021
-13825.500003,-23946.468439
2667.000000,-0.000000
-533.500000,924.049106
-3707.500001,-6421.578368
-19499.000000,-0.000000
-769.000000,1331.947071
4878.000001,8448.943839
18810.000000,-0.000001
-929.500000,1609.941226
-13797.000001,-23897.104991
-16181.000000,0.000002
-4240.500000,7344.761450
-5719.500001,-9906.464593
2321.000000,-0.000000
-7299.500000,12643.104870
7616.000002,13191.298949
21057.000000,-0.000000
7628.999999,-13213.815611
-8799.500004,-15241.181079
21356.000000,-0.000001
-127.000000,219.970453
-4845.000001,-8391.786162
-16533.000000,0.000002
-2922.000000,5061.052460
3945.000001,6832.940435
-19198.000000,0.000004
-8161.999998,14136.998692
3771.500001,6532.429620
18981.000000,-0.000000
131.000000,-226.898656
-5697.000000,-9867.493451
-18975.000000,0.000001
-278.500000,482.376150
-3624.500000,-6277.818152
18807.000000,-0.000003
-366.500000,634.796621
4457.500001,7720.616474
-16824.000000,0.000001
-4681.499999,8108.595856
1642.500001,2844.893451
2278.000000,-0.000000
-4659.999998,8071.356764
5231.000000,9060.357774
-15877.000000,0.000001
4355.500000,-7543.947292
-13243.500002,-22938.414869
-515.000000,0.000000
-4819.999999,8348.484893
4702.500001,8144.968922
-515.000000,0.000000
-4744.999999,8218.581083
4227.500000,7322.244789
-15880.000000,0.000002
-12102.999996,20963.010927
-5924.000000,-10260.668984
2630.000000,-0.000000
-660.500000,1144.019558
-13393.000002,-23197.356464
1985.000000,-0.000000
8767.499998,-15185.755456
-3480.500001,-6028.402835
-17046.000000,0.000002
5412.499998,-9374.724997
-4129.000000,-7151.637785
-16875.000000,0.000003
-3699.000000,6406.855937
539.500000,934.441411
304.000000,-0.000000
9277.499999,-16069.101368
-238.000000,-412.228092
-1844.000000,0.000000
5231.999999,-9062.089826
-10192.500001,-17653.927856
-2673.000000,0.000000
-3095.499999,5361.563275
8131.500002,14084.171141
-21524.000000,0.000004
472.500000,-818.394007
1189.000000,2059.408410
-174.000000,0.000000
-800.000000,1385.640646
174.500000,302.242866
-645.000000,0.000000
-1318.500000,2283.708990
-3928.000000,-6803.495572
476.000000,-0.000000
-6236.999999,10802.800887
-12878.500003,-22306.216324
2669.000000,-0.000000
-75.000000,129.903811
8150.500003,14117.080106
0.000000,-0.000000
-7069.499999,12244.733185
8109.000002,14045.199998
-2498.000000,0.000000
5612.499999,-9721.135158
14096.000002,24414.988182
-2495.000000,0.000000
1040.500000,-1802.198865
9394.500002,16271.751310
470.000000,-0.000000
9986.499998,-17297.125391
-3796.500001,-6575.730890
-19156.000000,0.000000
-117.000000,202.649944
5633.000000,9756.642199
16010.000000,-0.000001
4000.499999,-6929.069256
14001.500002,24251.309381
518.000000,-0.000000
-4701.999999,8144.102898
-3599.500001,-6234.516881
343.000000,0.000000
4948.999999,-8571.919447
12414.000004,21501.678723
19029.000000,-0.000001
44.000000,-76.210236
-13825.500001,-23946.468440
169.000000,-0.000000
4354.500000,-7542.215242
-35.000000,-60.621778
-21997.000000,0.000003
-9306.999998,16120.196867
3827.000001,6628.558440
18981.000000,-0.000002
-8519.499998,14756.206856
3631.000000,6289.076482
-16007.000000,0.000001
-3112.499999,5391.008139
4538.500000,7860.912590
124.000000,-0.000000
6377.499999,-11046.154026
8640.000002,14964.918976
-296.000000,0.000000
100.500000,-174.071106
-756.000000,-1309.430410
18851.000000,-0.000002
-4270.499999,7396.722974
-1160.000000,-2009.178937
-21826.000000,0.000004
-9209.000000,15950.455887
4608.500000,7982.156146
-2678.000000,0.000000
-8881.499999,15383.209248
12771.500003,22120.886887
-1980.000000,0.000000
-7831.499998,13564.555900
12016.000001,20812.322503
17043.000000,-0.000002
-3148.499999,5453.361968
11391.000000,19729.790749
16573.000000,-0.000003
-3151.000000,5457.692095
11393.000001,19733.254850
18896.000000,-0.000000
-7766.499999,13451.972598
8385.500002,14524.112046
-2.000000,0.000000
9418.999998,-16314.186558
491.500000,851.302972
-19203.000000,0.000003
-13093.000001,22677.741223
784.500000,1358.793858
2669.000000,-0.000001
2913.500000,-5046.330028
236.000000,408.763991
19029.000000,-0.000000
5408.499999,-9367.796793
3202.000001,5546.026685
-2968.000000,0.000000
-9144.499998,15838.738611
5176.000001,8965.094980
473.000000,-0.000000
-5708.499999,9887.412035
-4119.500001,-7135.183301
-18725.000000,0.000004
-318.000000,550.792157
-7418.500003,-12849.218914
-18899.000000,0.000001
3887.999999,-6734.213540
-3532.000000,-6117.603452
2669.000000,-0.000000
8180.499998,-14169.041633
-8134.000001,-14088.501268
18730.000000,-0.000003
3113.499999,-5392.740190
4958.500001,8588.373929
16357.000000,0.000000
12028.999997,-20834.839166
-7142.000003,-12370.306866
-19330.000000,0.000001
-5701.999999,9876.153705
1849.000000,3202.561943
2148.000000,-0.000000
2117.000000,-3666.751560
-7524.000001,-13031.950275
2503.000000,-0.000000
-6161.499999,10672.031051
-8993.500003,-15577.198936
132.000000,0.000000
-1298.000000,2248.201948
-7818.500000,-13542.039239
-18896.000000,0.000001
-5449.499998,9438.810877
-4056.500000,-7026.064101
-16229.000000,0.000002
-12458.499999,21578.754987
3636.000001,6297.736736
2329.000000,-0.000000
1027.000000,-1778.816179
8760.000003,15172.765073
21358.000000,-0.000003
8403.999997,-14556.154988
-13631.000000,-23609.584558
2498.000000,-0.000000
656.500000,-1137.091355
-4952.500001,-8577.981624
-19026.000000,0.000002
517.500000,-896.336293
-215.500000,-373.256949
-2711.000000,0.000000
-3060.499999,5300.941497
8422.500001,14588.197926
-19370.000000,0.000003
-2962.999999,5132.066543
4449.000000,7705.894043
-16052.000000,0.000003
-2885.500000,4997.832605
-5818.500001,-10077.937623
-211.000000,0.000000
6335.499999,-10973.407892
-1062.000000,-1839.437957
-19541.000000,0.000002
-3123.499999,5410.060698
-5051.000001,-8748.588629
-16700.000000,0.000002
-3923.500000,6795.701343
212.000000,367.194771
-45.000000,0.000000
-278.000000,481.510125
1575.000000,2727.980022
-21175.000000,0.000001
54.500000,-94.396769
12921.500003,22380.694508
16832.000000,-0.000002
-3536.999999,6126.263707
-516.000000,-893.738217
176.000000,-0.000000
9080.000000,-15727.021333
-4553.000001,-7886.027326
-19207.000000,0.000004
1011.500000,-1751.969392
-8878.500003,-15378.013093
-21696.000000,0.000001
-1600.000000,2771.281292
-3361.000000,-5821.422764
18680.000000,-0.000002
-768.500000,1331.081046
9389.500002,16263.091057
2543.000000,-0.000000
3123.999999,-5410.926723
-7113.500002,-12320.943418
21871.000000,0.000000
6608.499999,-11446.257762
-8937.000003,-15479.338065
18854.000000,-0.000001
5054.999999,-8755.516833
-1143.000000,-1979.734073
-18685.000000,0.000002
-4005.000000,6936.863485
-14021.000003,-24285.084371
-2.000000,0.000000
3587.999999,-6214.598298
-5099.000002,-8831.727067
18209.000000,-0.000000
-1674.499999,2900.319078
-9296.500000,-16102.010333
3016.000000,-0.000000
-6032.499999,10448.596497
-13114.500001,-22714.980315
476.000000,-0.000000
5012.499999,-8681.904673
8642.500002,14969.249103
-346.000000,0.000000
1899.000000,-3289.164484
4683.500001,8112.059956
-18854.000000,0.000000
10106.499997,-17504.971489
1231.000000,2132.154544
-2844.000000,0.000000
14226.000000,-24640.154789
4575.500001,7924.998470
-2969.000000,0.000000
-637.000000,1103.316364
-3006.000001,-5206.544727
-2199.000000,0.000000
8063.499998,-13966.391688
1845.500000,3196.499765
-18680.000000,0.000003
3363.999999,-5826.618917
-8250.000000,-14289.419162
21349.000000,-0.000002
-8787.500000,15220.396472
6887.500001,11929.499937
-299.000000,0.000000
-8722.999999,15108.679195
4202.000001,7278.077493
-1852.000000,0.000000
-8312.499998,14397.672339
8366.000001,14490.337055
-1678.000000,0.000000
13644.000001,-23632.101218
-8952.000001,-15505.318829
-3146.000000,0.000001
-4767.500000,8257.552225
4917.500001,8517.359846
-479.000000,0.000000
-5090.999999,8817.870662
9121.500002,15798.901440
515.000000,-0.000000
-451.000000,781.154914
-4621.000001,-8003.806781
16871.000000,-0.000003
-4212.000000,7295.398001
11503.000003,19923.780438
16742.000000,-0.000004
5324.000000,-9221.438500
3048.000001,5279.290861
16573.000000,-0.000001
-4404.499999,7628.817782
2990.000000,5178.831914
19192.000000,-0.000002
-8203.999998,14209.744827
2603.500001,4509.394277
-18812.000000,0.000003
-7145.500000,12376.369045
12895.500004,22335.661187
16652.000000,0.000000
4726.500000,-8186.538142
-464.000000,-803.671575
219.000000,-0.000000
-938.500000,1625.529683
-9904.000001,-17154.231198
19021.000000,-0.000002
-4565.000000,7906.811937
-1534.000000,-2656.965939
47.000000,-0.000000
-138.500000,239.889037
-399.500000,-691.954298
18849.000000,-0.000000
6001.499999,-10394.902922
8162.500000,14137.864717
-21997.000000,0.000002
1006.000000,-1742.443113
5445.500001,9431.882672
299.000000,-0.000000
-3965.999999,6869.313503
4530.000001,7846.190158
2500.000000,-0.000000
8284.999998,-14350.040942
-8230.000003,-14254.778145
2326.000000,-0.000000
-13038.499996,22583.344457
2133.500000,3695.330398
2977.000000,-0.000000
-7625.500000,13207.753433
-5359.500001,-9282.926303
1980.000000,-0.000000
7838.499999,-13576.680256
-12920.500003,-22378.962457
-17347.000000,0.000001
-13979.999996,24214.070292
755.500000,1308.564385
1980.000000,-0.000000
2695.999999,-4669.608978
1887.500000,3269.245899
2498.000000,-0.000000
-4180.000000,7239.972376
8658.500001,14996.961917
346.000000,-0.000000
-7499.999999,12990.381057
11751.000003,20353.329038
17007.000000,-0.000002
4499.999999,-7794.228635
-9969.000000,-17266.814501
168.000000,-0.000000
-7613.000000,13186.102798
3663.000000,6344.502108
-19156.000000,0.000004
8263.999999,-14313.667874
-3473.500001,-6016.278480
16309.000000,-0.000001
-3567.499999,6179.091256
7093.500002,12286.302402
-18975.000000,0.000002
-12941.499996,22415.335528
-855.500000,-1481.769466
21474.000000,-0.000004
-86.500000,149.822395
-4476.000000,-7752.659414
-16477.000000,0.000004
4595.500000,-7959.639486
844.500000,1462.716907
18807.000000,-0.000001
12929.999997,-22395.416943
-7199.000001,-12469.033763
-19496.000000,0.000002
3598.999999,-6233.650857
843.500000,1460.984856
2320.000000,-0.000000
-4131.000000,7155.101886
357.500000,619.208164
-169.000000,0.000000
7528.499999,-13039.744505
-2870.500001,-4971.851843
645.000000,-0.000000
-4788.499999,8293.925293
-5976.000001,-10350.735626
346.000000,-0.000000
-3452.500000,5979.905413
3008.000001,5210.008829
18378.000000,-0.000003
-1487.000000,2575.559551
-9104.000003,-15768.590550
-129.000000,0.000000
-1576.000000,2729.712073
-4089.000000,-7082.355752
-2669.000000,0.000000
-9957.999998,17247.761943
4238.000001,7340.431322
301.000000,-0.000000
-5881.499999,10187.056825
-11970.500003,-20733.514190
-16531.000000,-0.000001
3589.999999,-6218.062400
752.500000,1303.368233
2326.000000,-0.000000
-5466.999998,9469.121766
-9567.500001,-16571.396101
21527.000000,-0.000002
-9142.999999,15836.140534
8075.500001,13987.176296
175.000000,-0.000000
976.000000,-1690.481588
9416.000002,16308.990403
-171.000000,0.000000
1202.000000,-2081.925071
8420.500000,14584.733825
2323.000000,-0.000000
-3230.999999,5596.256160
-5365.000000,-9292.452582
-19198.000000,0.000002
-366.500000,634.796621
-2926.500001,-5068.846688
298.000000,-0.000000
-4905.999999,8497.441262
3624.000001,6276.952126
520.000000,-0.000000
5956.499998,-10316.960636
3959.000000,6857.189147
15882.000000,-0.000003
4027.000000,-6974.968602
4475.000000,7750.927364
-2498.000000,0.000000
-9114.999999,15787.643111
-208.500000,-361.132593
-18207.000000,0.000001
-4283.999999,7420.105660
-4726.000001,-8185.672116
128.000000,-0.000000
5416.499998,-9381.653200
-55.500000,-96.128820
-22040.000000,0.000004
637.500000,-1104.182390
-261.500000,-452.931286
-18722.000000,0.000004
-11623.999999,20133.358588
3587.000001,6212.866246
2627.000000,-0.000000
9926.499998,-17193.202343
-4780.500001,-8280.068885
-19674.000000,0.000003
-7124.499998,12339.995980
13307.000003,23048.400095
-2672.000000,0.000001
-861.000000,1491.295745
6149.000001,10650.380415
19547.000000,-0.000000
7596.499999,-13157.523960
-626.000000,-1084.263805
19375.000000,-0.000001
-2529.999999,4382.088543
7397.000001,12811.979823
-174.000000,0.000000
1879.000000,-3254.523468
3719.500001,6442.362978
-17178.000000,0.000003
-4399.000000,7619.291503
-8696.000003,-15061.913821
1980.000000,-0.000000
-6755.999999,11701.735257
-7808.000000,-13523.852705
2501.000000,-0.000000
-6473.499998,11212.430904
1719.500000,2978.261363
-171.000000,0.000000
7719.499999,-13370.566210
6346.000002,10991.594424
0.000000,0.000000
-5317.499999,9210.180170
1674.500001,2900.319077
-2.000000,0.000000
7850.999999,-13598.330891
5661.000000,9805.139621
349.000000,-0.000000
-4299.000000,7446.086422
-1480.500000,-2564.301220
19325.000000,-0.000003
-3525.499999,6106.345122
-1008.000000,-1745.907214
-18981.000000,-0.000000
-4762.999999,8249.757997
-963.500000,-1668.830953
19328.000000,-0.000001
-3685.999999,6384.339278
-2041.000000,-3535.115698
-168.000000,0.000000
-8521.999999,14760.536983
-5544.500001,-9603.355702
-17178.000000,0.000001
-5688.499999,9852.771019
-7406.500002,-12828.434305
1979.000000,-0.000000
1666.499999,-2886.462671
-6565.500000,-11371.779577
3149.000000,-0.000000
2444.000000,-4233.132174
-13187.500001,-22841.420024
0.000000,-0.000000
-3539.500000,6130.593834
12836.000003,22232.604164
-2501.000000,0.000000
1165.500000,-2018.705216
9451.000003,16369.612181
-1982.000000,0.000000
13242.499996,-22936.682822
-4095.500000,-7093.614082
16226.000000,-0.000003
2876.500000,-4982.244148
-4009.500000,-6944.657713
19547.000000,-0.000003
7967.999999,-13800.980835
-4298.500001,-7445.220396
-2.000000,0.000000
6804.499998,-11785.739721
8089.000001,14010.558982
-19677.000000,0.000003
-4789.999998,8296.523369
-7625.000002,-13206.887407
473.000000,-0.000000
-248.000000,429.548600
9363.500001,16218.057736
-2016.000000,0.000000
14896.999998,-25802.360882
-590.500000,-1022.776002
-349.000000,0.000000
625.000000,-1082.531755
-14155.000002,-24517.179180
-16658.000000,0.000002
-14259.000001,24697.312465
-1053.000000,-1823.849500
19328.000000,-0.000004
-3502.500000,6066.507954
6565.000002,11370.913550
-2796.000000,0.000000
-2268.000000,3928.291232
13306.000001,23046.668045
-3151.000000,0.000000
8753.499998,-15161.506745
5734.500001,9932.445355
349.000000,-0.000000
-4459.999999,7724.946602
-1405.000000,-2433.531384
21828.000000,0.000000
-8250.999999,14291.151214
-6044.000002,-10468.515080
-16525.000000,0.000001
-4993.999999,8649.861734
-13183.000001,-22833.625796
-19245.000000,0.000002
690.500000,-1195.981083
-368.500000,-638.260723
-19539.000000,0.000003
-4959.999999,8590.972006
-8869.500003,-15362.424636
2627.000000,0.000000
-14224.999996,24638.422740
-5257.500000,-9106.257121
-19024.000000,0.000001
-8108.499998,14044.333974
12526.500001,21696.534440
-2194.000000,0.000000
-8224.499999,14245.251867
-975.000000,-1688.749537
-2022.000000,0.000000
5438.499999,-9419.758318
-728.000000,-1260.932988
-21522.000000,0.000000
1588.999999,-2752.228734
-1008.000000,-1745.907214
126.000000,-0.000000
1351.000000,-2340.000641
-4767.000001,-8256.686199
-19669.000000,0.000003
1113.500000,-1928.638574
13458.500003,23310.805792
-216.000000,0.000000
-4768.499999,8259.284277
-12250.000004,-21217.622390
-16356.000000,0.000002
3469.499999,-6009.350278
1759.500000,3047.543396
-169.000000,0.000000
7636.500000,-13226.805992
-3611.500001,-6255.301491
19328.000000,-0.000003
-33.000000,57.157677
-5901.000001,-10220.831815
-18984.000000,0.000002
-7246.499998,12551.306178
13116.000002,22717.578391
18854.000000,-0.000003
8491.999997,-14708.575460
488.500000,846.106819
21696.000000,-0.000004
8443.000000,-14623.704969
-13384.500002,-23182.634033
-18981.000000,0.000001
-9289.499999,16089.885978
4801.500001,8316.441952
16483.000000,-0.000002
13155.999996,-22786.860426
89.500000,155.018547
-21347.000000,0.000003
938.500000,-1625.529683
-8846.500002,-15322.587468
-21575.000000,0.000005
-696.000000,1205.507362
-8685.000002,-15042.861263
-18852.000000,0.000001
-14476.499997,25074.033517
75.000000,129.903811
19504.000000,-0.000002
4843.999999,-8390.054113
7765.000001,13449.374520
-2495.000000,0.000000
6833.000000,-11835.103168
-888.000000,-1538.061117
-21527.000000,-0.000000
1437.500000,-2489.823036
-1172.000000,-2029.963546
472.000000,-0.000000
-7956.999998,13781.928277
-6594.500001,-11422.009050
0.000000,-0.000000
-3082.500000,5339.046615
7883.000002,13653.756515
-470.000000,0.000000
964.500000,-1670.563004
8996.500003,15582.395089
21350.000000,-0.000000
9763.999999,-16911.744086
-4907.500000,-8500.039338
-19499.000000,0.000001
-12.000000,20.784610
-3063.500000,-5306.137649
-346.000000,0.000000
-6578.999999,11395.162263
712.500000,1234.086200
304.000000,-0.000000
194.000000,-336.017857
-545.000000,-943.967690
-18378.000000,0.000000
-12552.999996,21742.433790
-5924.000000,-10260.668984
-349.000000,0.000000
-3492.000000,6048.321420
13275.000002,22992.974469
-467.000000,0.000000
2720.500000,-4712.044222
-8219.000002,-14235.725586
21995.000000,-0.000002
-8173.999998,14157.783302
3534.000001,6121.067553
-18981.000000,0.000003
9385.999997,-16257.028882
4809.000000,8329.432333
16827.000000,-0.000001
-2366.500000,4098.898236
6305.500001,10921.446367
-1977.000000,0.000000
5416.499999,-9381.653200
-9916.500003,-17175.881832
-3149.000000,0.000000
-4786.499999,8290.461191
3909.000000,6770.586607
-476.000000,0.000000
-13478.499995,23345.446813
7793.500001,13498.737968
0.000000,-0.000000
-8906.999999,15427.376543
5281.500001,9147.826340
0.000000,-0.000000
-6287.999999,10891.135479
724.000000,1254.004785
2.000000,-0.000000
-1490.500000,2581.621729
-2858.000001,-4950.201208
303.000000,-0.000000
2249.500000,-3896.248292
-12488.000001,-21629.850484
-18553.000000,0.000004
-7401.999999,12820.640078
8727.000002,15115.607397
-21871.000000,0.000001
8119.499998,-14063.386533
-1904.500000,-3298.690763
-2194.000000,0.000000
-1491.000000,2582.487754
1081.000000,1872.346923
819.000000,-0.000000
945.000000,-1636.788013
2999.000001,5194.420371
-130.000000,0.000000
4841.999999,-8386.590011
-4162.000001,-7208.795461
15880.000000,-0.000001
4013.499999,-6951.585917
14293.500002,24757.068217
-2628.000000,0.000000
9135.999999,-15824.016179
5349.000001,9264.739769
-1678.000000,0.000000
0.000000,0.000000
-9516.500003,-16483.061508
-2028.000000,0.000000
5066.999999,-8776.301442
84.000000,145.492268
-21654.000000,0.000002
813.000000,-1408.157307
14035.000002,24309.333083
16184.000000,-0.000002
5082.499999,-8803.148230
13828.500003,23951.664591
174.000000,0.000000
-4550.499999,7881.697200
-2890.000001,-5005.626833
-19029.000000,0.000000
8431.999997,-14604.652411
5573.500000,9653.585176
301.000000,-0.000000
-3804.500000,6589.587298
-5070.000001,-8781.497594
174.000000,-0.000000
4649.999999,-8054.036256
4657.500001,8067.026636
-3318.000000,0.000000
-8699.499998,15067.976002
12861.500005,22276.771459
819.000000,-0.000000
-3576.999999,6195.545739
-5722.000000,-9910.794721
168.000000,-0.000000
5601.500000,-9702.082599
4626.000001,8012.467035
-2971.000000,0.000000
209.000000,-361.998619
14046.500004,24329.251666
19677.000000,-0.000002
8356.499998,-14473.882575
-13738.500000,-23795.780020
2672.000000,-0.000000
-499.000000,864.293353
-13158.000001,-22790.324525
-19547.000000,0.000002
492.000000,-852.168997
9872.000002,17098.805571
-19373.000000,0.000001
-4723.999999,8182.208015
1576.000000,2729.712072
301.000000,-0.000000
-1112.500000,1926.906524
74.500000,129.037785
349.000000,-0.000000
-8239.000000,14270.366604
7616.000001,13191.298950
19026.000000,-0.000004
4919.499999,-8520.823948
-594.000000,-1028.838180
175.000000,-0.000000
-357.000000,618.342138
-14614.500002,-25313.056526
1847.000000,-0.000000
-9495.499997,16446.688445
-44.500000,-77.076261
2498.000000,-0.000000
-5621.500000,9736.723615
-4549.500001,-7879.965149
-173.000000,0.000000
4939.499999,-8555.464964
5037.500001,8725.205942
-472.000000,0.000000
3539.499999,-6130.593834
996.500000,1725.988630
22176.000000,-0.000003
1015.500000,-1758.897595
3659.000001,6337.573904
2323.000000,-0.000000
9110.500000,-15779.848883
-13082.000004,-22658.688662
-16832.000000,0.000000
-14120.999998,24458.289455
-225.500000,-390.577457
18683.000000,-0.000002
2932.999999,-5080.105019
5858.000001,10146.353630
-2669.000000,0.000000
175.500000,-303.974917
9142.000002,15834.408481
-18513.000000,-0.000001
-11742.499997,20338.606610
7113.500003,12320.943418
19197.000000,-0.000001
-4020.499999,6963.710272
2887.000000,5000.430681
16877.000000,-0.000002
3613.500000,-6258.765593
-8540.000001,-14791.713896
-2151.000000,0.000000
13620.499998,-23591.398026
-497.000000,-860.829251
-177.000000,-0.000000
710.000000,-1229.756073
-14193.500005,-24583.863134
-19674.000000,0.000001
-8413.499997,14572.609471
13780.500001,23868.526153
301.000000,-0.000000
4295.500000,-7440.024244
-3653.000001,-6327.181600
651.000000,-0.000000
6569.999999,-11379.573806
7421.000002,12853.549042
-819.000000,0.000000
33.500000,-58.023702
-7969.500000,-13803.578911
2495.000000,-0.000000
3330.499999,-5768.595215
-4790.000000,-8296.523368
2844.000000,-0.000000
-7969.999999,13804.444937
-1898.000000,-3287.432433
18378.000000,-0.000001
3148.499999,-5453.361968
-4682.500001,-8110.327906
-2151.000000,0.000000
-9471.999997,16405.985251
-138.000000,-239.023011
-2498.000000,0.000000
3587.000000,-6212.866247
6227.000001,10785.480378
-175.000000,0.000000
3881.000000,-6722.089184
-4108.000001,-7115.264717
-18207.000000,0.000001
567.500000,-982.938833
-8606.000001,-14906.029249
-2368.000000,0.000000
4019.999999,-6962.844247
-344.500000,-596.691503
176.000000,-0.000000
724.500000,-1254.870810
-6313.500001,-10935.302773
-177.000000,0.000000
-1763.000000,3053.605574
7144.000002,12373.770968
-21998.000000,0.000002
-7293.999998,12633.578591
11975.000002,20741.308420
19499.000000,-0.000003
-8450.000000,14635.829324
-6521.000002,-11294.703315
346.000000,-0.000000
-3039.500000,5264.568430
7880.500003,13649.426387
-304.000000,0.000000
1051.500000,-1821.251424
8961.500001,15521.773312
19198.000000,-0.000002
14220.499996,-24630.628511
-757.500000,-1312.028487
-2799.000000,0.000000
-2473.500000,4284.227673
12949.000003,22428.325905
-3148.000000,-0.000000
361.500000,-626.136367
13726.000005,23774.129382
174.000000,-0.000000
-12536.499998,21713.854950
8537.000001,14786.517744
298.000000,-0.000000
-194.500000,336.883882
1725.000000,2987.787643
-18677.000000,0.000003
-4679.999999,8105.997780
9331.000003,16161.766084
19150.000000,0.000000
13069.499996,-22637.038032
-7285.000003,-12617.990131
-21645.000000,0.000001
-53.000000,91.798693
14131.000001,24475.609961
18978.000000,-0.000002
8236.999999,-14266.902502
-12974.500003,-22472.493201
-16004.000000,0.000003
-12208.499998,21145.742286
2369.000001,4103.228363
-222.000000,0.000000
6524.999998,-11301.631521
149.500000,258.941596
-19327.000000,0.000001
3270.499999,-5664.672167
-8164.000001,-14140.462792
19026.000000,-0.000002
-4085.500000,7076.293575
11182.500002,19368.658154
19201.000000,-0.000001
22.000000,-38.105118
-14628.000005,-25336.439210
2709.000000,-0.000000
-9340.499997,16178.220570
-1740.000000,-3013.768405
18548.000000,-0.000001
-4983.500000,8631.675200
3301.500000,5718.365741
18900.000000,-0.000003
-1576.500000,2730.578098
-9771.500002,-16924.734465
21866.000000,-0.000002
-1170.000000,2026.499445
-13445.500002,-23288.289132
2369.000000,-0.000000
8181.999997,-14171.639709
545.000000,943.967690
21353.000000,-0.000004
8345.000000,-14453.963989
-13777.000002,-23862.463975
2327.000000,-0.000000
718.000000,-1243.612480
-4744.500001,-8217.715056
-16705.000000,0.000002
4103.999999,-7108.336515
-12873.000002,-22296.690045
2329.000000,-0.000000
-111.000000,192.257640
-771.000000,-1335.411173
21178.000000,-0.000004
8342.999999,-14450.499888
-12020.500002,-20820.116731
-18983.000000,0.000001
7361.999999,-12751.358046
-3382.000000,-5857.795831
16354.000000,-0.000002
3869.999999,-6703.036626
3981.500001,6896.160290
19544.000000,-0.000003
-96.500000,167.142903
-5383.000002,-9323.629496
210.000000,0.000000
-3223.000000,5582.399753
11257.000004,19497.695938
16224.000000,-0.000001
-4212.499999,7296.264027
4043.000000,7002.681415
16875.000000,-0.000002
3505.000000,-6070.838081
-358.500000,-620.940214
512.000000,-0.000000
-7204.999999,12479.426069
2034.000001,3522.991342
-135.000000,0.000000
4973.999999,-8615.220717
-4922.500002,-8526.020099
16052.000000,-0.000001
3832.499999,-6638.084720
3178.000000,5504.457466
19243.000000,-0.000002
-8050.499999,13943.875027
7523.500002,13031.084250
19539.000000,-0.000004
5874.499999,-10174.932470
7673.500002,13290.891870
-2627.000000,0.000000
-2374.499999,4112.754643
11469.000000,19864.890712
18376.000000,-0.000001
-7724.999998,13380.092489
7392.500001,12804.185594
2193.000000,-0.000000
-4329.999999,7499.779997
608.500000,1053.952916
2842.000000,-0.000000
-5486.999999,9503.762782
-326.500000,-565.514589
19023.000000,-0.000003
-4862.499998,8422.097053
3880.000000,6720.357133
-2450.000000,0.000000
-559.000000,968.216401
3599.500001,6234.516882
17001.000000,-0.000002
-3612.499999,6257.033543
-119.000000,-206.114046
-21527.000000,0.000002
8830.999998,-15295.740683
2191.000000,3794.923319
-18855.000000,0.000003
4390.499998,-7604.569072
684.500000,1185.588778
18986.000000,-0.000004
4572.000000,-7918.936292
670.500000,1161.340066
-19024.000000,0.000001
-5071.999999,8784.961696
-3937.500001,-6819.950054
-18556.000000,0.000002
-7303.499998,12650.033074
7126.500001,12343.460079
-2191.000000,0.000000
5188.000000,-8985.879590
-8961.000001,-15520.907286
-2839.000000,0.000001
4185.000000,-7248.632630
277.500000,480.644099
-19376.000000,0.000001
-4002.499999,6932.533358
-4932.000000,-8542.474583
-16354.000000,0.000002
-12161.499996,21064.335898
7902.500002,13687.531506
18809.000000,-0.000003
4724.500000,-8183.074040
-129.500000,-224.300580
-18975.000000,-0.000000
-13986.999999,24226.194646
280.000000,484.974226
18978.000000,-0.000001
13069.999997,-22637.904056
194.500000,336.883882
-18846.000000,0.000002
-3103.500000,5375.419681
-4679.000001,-8104.265728
2453.000000,-0.000000
9888.999998,-17128.250437
-4962.500002,-8595.302132
-16875.000000,0.000000
-4175.000000,7231.312122
-12531.000005,-21704.328667
-19195.000000,0.000001
-333.500000,577.638944
14228.000002,24643.618889
18815.000000,-0.000002
9321.999999,-16146.177629
-4852.000001,-8403.910518
-16351.000000,0.000003
-11258.499997,19500.294019
3664.500001,6347.100184
-19071.000000,0.000000
656.500000,-1137.091355
1653.500000,2863.946010
-21735.000000,0.000002
7935.999998,-13745.555210
-7451.000001,-12905.510567
-19068.000000,0.000003
-5268.999999,9126.175706
-13526.000003,-23427.719221
-16224.000000,0.000001
-13464.999997,23322.064126
-5750.500002,-9960.158168
2154.000000,-0.000000
-950.500000,1646.314293
-9363.000001,-16217.191711
-645.000000,0.000000
-10060.999999,17426.163175
5380.500001,9319.299370
-2669.000000,0.000000
-538.500000,932.709360
13945.500004,24154.314535
171.000000,-0.000000
-4147.999999,7184.546750
624.000000,1080.799704
645.000000,-0.000000
8995.999997,-15581.529067
800.000000,1385.640646
177.000000,-0.000000
-292.500000,506.624861
134.500000,232.960834
21349.000000,-0.000001
-886.500000,1535.463041
-3514.500001,-6087.292563
-18851.000000,0.000002
9036.499997,-15651.677124
224.500000,388.845406
-351.000000,0.000000
-7007.000000,12136.480009
7244.000001,12546.976050
-298.000000,0.000000
512.000000,-886.810014
3900.000001,6754.998149
19029.000000,-0.000001
459.000000,-795.011321
-1277.000000,-2211.828881
-2.000000,0.000000
42.000000,-72.746134
-8654.500002,-14990.033713
-18685.000000,0.000003
-4993.500000,8648.995708
292.000000,505.758836
19029.000000,-0.000000
13321.999998,-23074.380859
4002.500001,6932.533357
19026.000000,-0.000001
1157.500000,-2004.848810
-4702.000001,-8144.102897
-18810.000000,0.000002
9253.999999,-16028.398174
4388.000001,7600.238943
16480.000000,-0.000003
-3536.000000,6124.531656
-106.000000,-183.597386
-21826.000000,0.000000
8055.499999,-13952.535281
6816.000002,11805.658303
171.000000,-0.000000
-4546.999999,7875.635023
9072.000001,15713.164926
19333.000000,-0.000003
6031.999999,-10447.730472
8258.000002,14303.275568
-19026.000000,0.000004
-2713.499999,4699.919867
-4978.000002,-8622.148919
-19204.000000,0.000001
1038.500000,-1798.734764
4209.500000,7291.067874
-2193.000000,0.000000
653.000000,-1131.029177
-162.500000,-281.458256
-2498.000000,0.000000
5439.999999,-9422.356394
14106.500004,24433.174715
-304.000000,-0.000000
-4447.499999,7703.295967
9468.000004,16399.057044
21868.000000,-0.000001
469.500000,-813.197854
7630.000001,13215.547661
21567.000000,-0.000002
-7594.499999,13154.059858
6516.000001,11286.043061
19066.000000,-0.000003
-2988.499999,5176.233839
11348.000003,19655.312562
16570.000000,-0.000002
-3105.999999,5379.749809
11350.000000,19658.776666
16872.000000,-0.000001
-2299.499999,3982.850833
6690.500001,11588.285928
-304.000000,0.000000
-94.000000,162.812776
-9182.500002,-15904.556539
2495.000000,-0.000000
-13167.499997,22806.779010
3491.000001,6046.589369
3143.000000,-0.000000
8961.999997,-15522.639339
-13676.000000,-23687.526844
-475.000000,0.000000
-4637.000000,8031.519595
3094.000000,5358.965198
18556.000000,-0.000002
-8981.999999,15557.280354
7896.500002,13677.139201
21525.000000,-0.000001
9362.499998,-16216.325687
-3804.000000,-6588.721272
-17001.000000,0.000002
-4660.499998,8072.222790
1544.500000,2675.152472
2450.000000,-0.000000
2710.000000,-4693.857689
-12476.500002,-21609.931900
-18378.000000,0.000000
-396.000000,685.892120
-8181.500002,-14170.773681
-2498.000000,0.000000
12862.499997,-22278.503514
5240.500001,9076.812257
15883.000000,-0.000002
12346.000001,-21383.899270
-2428.500001,-4206.285386
346.000000,-0.000000
3424.000000,-5930.541965
-3725.500001,-6452.755283
3143.000000,-0.000000
8718.499999,-15100.884967
-12903.500003,-22349.517594
2326.000000,-0.000000
-588.500000,1019.311900
-4446.500001,-7701.563915
1681.000000,-0.000000
-899.500000,1557.979701
1278.000000,2213.560932
1983.000000,-0.000000
3514.500000,-6087.292563
-2986.000001,-5171.903711
-16226.000000,0.000001
-2825.500000,4893.909557
4021.000000,6964.576297
-18722.000000,0.000002
1943.499999,-3366.240745
-1284.500000,-2224.819262
-2537.000000,0.000000
5058.999999,-8762.445036
-8488.000002,-14701.647253
-21868.000000,-0.000000
-531.000000,919.718979
915.000000,1584.826489
-19201.000000,0.000001
-4756.499999,8238.499667
820.000000,1420.281662
-341.000000,0.000000
404.500000,-700.614552
13565.000003,23495.269203
135.000000,-0.000000
-3628.999999,6285.612381
-5387.500002,-9331.423725
-16055.000000,-0.000000
-12400.499996,21478.296041
-5464.000000,-9463.925613
-19542.000000,0.000001
-9391.499996,16266.555161
4320.500000,7483.325514
-213.000000,0.000000
-14149.999998,24508.518928
-5139.000001,-8901.009099
-15877.000000,0.000001
-13364.999997,23148.859045
-5526.000002,-9571.312762
1977.000000,-0.000000
-8.500000,14.722432
429.000000,743.049796
2199.000000,-0.000000
3876.500000,-6714.294956
-204.000000,-353.338365
19029.000000,-0.000002
-2928.000000,5071.444765
12640.500003,21893.988231
-2669.000000,0.000000
8261.999998,-14310.203773
-7657.500001,-13263.179058
-19032.000000,0.000003
-14252.499995,24686.054138
560.000000,969.948452
2669.000000,-0.000001
-6507.000000,11270.454605
1277.500000,2212.694907
19505.000000,-0.000000
13263.499998,-22973.055887
-653.500000,-1131.895203
346.000000,-0.000000
729.000000,-1262.665039
-13802.000002,-23905.765245
169.000000,-0.000000
12344.000001,-21380.435168
-7856.500002,-13607.857168
-3315.000000,0.000001
3706.000000,-6418.980293
4608.500001,7982.156146
-177.000000,0.000000
-13918.499998,24107.549166
-4150.500001,-7188.876876
-18508.000000,0.000002
-1158.000000,2005.714835
5751.500001,9961.890219
16660.000000,-0.000003
3544.500000,-6139.254087
339.500000,588.031249
174.000000,-0.000000
-177.500000,307.439018
-3308.000001,-5729.624071
-19503.000000,0.000001
8637.999998,-14961.454877
5576.000000,9657.915303
-2714.000000,0.000000
1219.000000,-2111.369935
-562.000000,-973.412554
-18854.000000,0.000003
-4713.499999,8164.021482
-8685.500003,-15043.727288
-2.000000,-0.000000
-1944.000000,3367.106770
-4712.500002,-8162.289430
19204.000000,-0.000001
-10118.999998,17526.622123
-523.000000,-905.862572
21223.000000,-0.000003
6811.999999,-11798.730102
-8152.500002,-14120.544208
2842.000000,-0.000001
-5879.999999,10184.458749
-13115.500004,-22716.712364
471.000000,-0.000000
5185.999998,-8982.415489
7689.500000,13318.604685
-472.000000,0.000000
-7231.499998,12525.325416
7798.000001,13506.532197
21048.000000,-0.000003
749.000000,-1297.306055
8160.000002,14133.534589
-304.000000,0.000000
-493.500000,854.767074
-2945.000001,-5100.889628
-2325.000000,0.000000
-990.000000,1714.730300
14280.500000,24734.551557
19671.000000,-0.000002
9405.500000,-16290.803871
-5500.500001,-9527.145467
2711.000000,-0.000000
-8313.499999,14399.404389
-714.500000,-1237.550302
18719.000000,-0.000002
4198.499999,-7272.015316
12411.499999,21497.348599
16570.000000,-0.000002
-3920.999999,6791.371217
3048.000000,5279.290861
16745.000000,-0.000003
-4318.500000,7479.861413
12516.500002,21679.213932
16522.000000,-0.000001
5861.499999,-10152.415809
8460.500002,14654.015856
-18812.000000,0.000002
-11652.499997,20182.722037
7317.500001,12674.281784
18848.000000,-0.000003
5094.500000,-8823.932839
4461.000000,7726.678652
-2149.000000,0.000000
-298.500000,517.017166
961.000000,1664.500826
-2329.000000,0.000000
4754.999999,-8235.901590
14075.500004,24379.481140
-2326.000000,0.000000
293.500000,-508.356912
161.000000,278.860180
-2500.000000,0.000000
4842.500000,-8387.456036
3835.500001,6643.280872
-299.000000,0.000000
-13737.999999,23794.913995
-1006.000000,-1742.443112
21997.000000,-0.000001
205.000000,-355.070416
-5871.000001,-10168.870291
-18849.000000,0.000002
347.000000,-601.021630
-8307.000002,-14388.146057
-45.000000,0.000000
356.000000,-616.610087
3441.000001,5959.986828
-19196.000000,0.000000
-6187.499999,10717.064372
8703.000004,15074.038176
-21741.000000,0.000001
8507.999998,-14736.288272
-6436.000001,-11147.478997
-18722.000000,0.000002
-4315.999999,7475.531286
4619.000001,8000.342680
2802.000000,-0.000001
9014.500000,-15613.572005
-13481.000002,-23349.776936
2326.000000,-0.000000
551.000000,-954.359995
-6345.500000,-10990.728399
2197.000000,-0.000000
-7146.999998,12378.967123
6252.000002,10828.781648
18381.000000,-0.000005
-4210.999999,7293.665951
4690.000001,8123.318287
-2672.000000,-0.000000
174.000000,-301.376841
9120.000001,15796.303364
-18510.000000,0.000003
-4786.499998,8290.461191
-8176.500000,-14162.113428
18679.000000,-0.000002
3852.500001,-6672.725736
12907.500005,22356.445796
352.000000,-0.000000
-11826.499998,20484.098877
3279.000001,5679.394598
298.000000,0.000000
5498.500000,-9523.681366
61.500000,106.521125
-19026.000000,0.000003
-4920.499998,8522.556000
-13933.000001,-24132.663901
-346.000000,0.000000
3564.499999,-6173.895104
-3438.000001,-5954.790676
-168.000000,0.000000
2206.500000,-3821.770107
-13025.000004,-22559.961766
3144.000000,0.000000
-8515.999999,14750.144678
-6480.000001,-11223.689232
2027.000000,-0.000000
-1199.500000,2077.594944
-8800.000001,-15242.047106
21175.000000,-0.000002
-1069.000000,1851.562313
-4788.500002,-8293.925291
-18981.000000,0.000001
-8077.499998,13990.640399
12878.500004,22306.216323
16653.000000,0.000000
4518.500000,-7826.271574
412.500000,714.470958
45.000000,-0.000000
-1187.000000,2055.944309
736.500000,1275.655420
21223.000000,-0.000003
-594.000000,1028.838180
8536.500004,14785.651717
21353.000000,-0.000001
300.500000,-520.481268
-3717.500000,-6438.898877
-16356.000000,0.000000
3154.499998,-5463.754273
-13040.000003,-22585.942529
2797.000000,-0.000001
-8869.000000,15361.558612
-5467.000001,-9469.121765
-168.000000,0.000000
5510.999998,-9545.332002
8046.000003,13936.080796
-647.000000,0.000000
1408.500000,-2439.593563
-887.500000,-1537.195092
3.000000,-0.000000
889.500000,-1540.659193
-1375.500000,-2382.435886
127.000000,-0.000000
-7809.000000,13525.584756
-5956.000001,-10316.094609
-16827.000000,0.000002
-14192.999995,24582.997115
342.500000,593.227402
21476.000000,-0.000002
8368.999998,-14495.533210
-4757.500000,-8240.231717
-18981.000000,0.000005
-7956.999999,13781.928277
3642.000001,6308.129041
16354.000000,0.000000
3745.000000,-6486.530274
4327.000001,7494.583844
18730.000000,-0.000003
252.000000,-436.476804
9112.500001,15783.312984
2667.000000,-0.000000
-4345.000001,7525.760759
-4132.000002,-7156.833936
-19200.000000,0.000005
33.000000,-57.157677
5412.000001,9373.858970
-515.000000,-0.000000
-5660.000000,9803.407571
527.000000,912.790776
2976.000000,-0.000000
-12637.499995,21888.792083
2948.500000,5106.951806
-18899.000000,0.000002
637.000000,-1103.316364
-8526.500003,-14768.331209
-19200.000000,0.000001
-13231.499997,22917.630262
7450.000002,12903.778515
21699.000000,0.000000
489.000000,-846.972845
-713.000000,-1234.952226
19375.000000,-0.000003
12902.000000,-22346.919519
-8996.000001,-15581.529064
-2799.000000,0.000000
-3317.499999,5746.078555
12044.500005,20861.685949
-2847.000000,0.000000
1091.500000,-1890.533457
-542.500000,-939.637563
-18378.000000,0.000000
-12813.999999,22194.499049
-4963.000001,-8596.168157
2799.000000,-0.000001
-662.000000,1146.617635
-4029.000000,-6978.432703
2326.000000,-0.000000
9089.499997,-15743.475817
-4049.000002,-7013.073719
2025.000000,-0.000000
8344.499998,-14453.097965
-8903.999999,-15422.180391
21351.000000,-0.000000
19.500000,-33.774991
-5356.500001,-9277.730150
2371.000000,-0.000000
8162.000000,-14136.998692
-9038.500001,-15655.141223
21522.000000,-0.000003
-9307.499997,16121.062893
-6611.000003,-11450.587887
-472.000000,0.000000
-3482.999999,6032.732963
13100.499999,22690.731605
-2.000000,0.000000
-4763.499999,8250.624022
-4726.000001,-8185.672116
174.000000,-0.000000
-3479.500000,6026.670785
12940.500002,22413.603474
-3016.000000,0.000000
962.500000,-1667.098902
9860.000001,17078.020962
-18378.000000,0.000002
-4144.499999,7178.484573
-3673.500000,-6362.688642
2802.000000,-0.000001
7801.999999,-13513.460401
-12539.000003,-21718.185074
2151.000000,0.000000
7813.499999,-13533.378985
-11870.000002,-20559.443085
-19499.000000,0.000003
148.500000,-257.209545
13203.500001,22869.132837
18677.000000,-0.000002
810.000000,-1402.961154
-1143.000000,-1979.734073
216.000000,-0.000000
-777.500000,1346.669503
-3795.500001,-6573.998839
16874.000000,0.000000
2844.000000,-4925.952497
5149.500001,8919.195633
16700.000000,-0.000003
12325.499995,-21348.392232
-7945.500001,-13762.009691
-21829.000000,0.000003
72.000000,-124.707658
4192.500002,7261.623010
298.000000,-0.000000
-13289.999997,23018.955234
-4636.500001,-8030.653568
2672.000000,-0.000000
8488.499999,-14702.513281
161.000000,278.860180
-645.000000,0.000000
-428.000000,741.317746
-4456.000001,-7718.018398
-2368.000000,0.000000
-9763.499997,16910.878062
622.500000,1078.201628
-18207.000000,0.000001
-4312.999999,7470.335134
4830.500002,8366.671425
-177.000000,0.000000
6044.999999,-10470.247132
13015.500003,22543.507284
-2971.000000,0.000001
-7574.500000,13119.418842
12043.000002,20859.087875
19373.000000,-0.000003
-806.000000,1396.032951
-10004.000004,-17327.436276
22045.000000,-0.000002
-9455.999998,16378.272438
-6626.000000,-11476.568651
-171.000000,0.000000
-2857.000000,4948.469157
8228.500002,14252.180069
-19547.000000,0.000004
-4205.000000,7283.273646
-2943.000000,-5097.425526
-16874.000000,0.000003
-5760.999998,9978.344704
537.000000,930.111284
2633.000000,-0.000000
-14204.999996,24603.781724
-4810.500000,-8332.030410
2628.000000,-0.000000
507.500000,-879.015785
4862.500001,8422.097051
-17001.000000,0.000004
-3542.500000,6135.789986
8259.000001,14305.007619
21178.000000,-0.000003
-7704.499997,13344.585449
7989.500001,13838.219927
-470.000000,0.000000
-524.000000,907.594623
5323.500000,9220.572474
0.000000,-0.000000
-14568.999997,25234.248217
-576.500000,-998.527290
298.000000,0.000000
-9156.999999,15860.389245
-102.000000,-176.669182
-18848.000000,0.000003
-4862.499998,8422.097053
-1047.500000,-1814.323221
21479.000000,-0.000002
-8348.000001,14459.160141
-4918.000000,-8518.225872
-16353.000000,0.000005
3197.999999,-5539.098483
-12746.500004,-22077.585616
2498.000000,-0.000000
-1177.500000,2039.489826
-9143.500002,-15837.006558
18508.000000,-0.000003
3598.499999,-6232.784832
120.000000,207.846097
-18981.000000,0.000002
-12630.000001,21875.801699
7332.500000,12700.262546
19499.000000,-0.000001
4918.499999,-8519.091898
-10151.000003,-17582.047746
-2669.000000,0.000000
3986.999999,-6905.686570
-8034.500002,-13916.162212
-19159.000000,0.000004
-4800.500000,8314.709902
9463.000001,16390.396791
18680.000000,-0.000003
12564.000001,-21761.486346
-3728.500002,-6457.951435
-470.000000,0.000000
-14787.999996,25613.567344
485.000000,840.044642
2495.000000,-0.000000
-6627.999999,11480.032753
1769.500000,3064.863904
3146.000000,-0.000001
-4560.500000,7899.017708
4725.500001,8184.806091
0.000000,-0.000000
14402.499995,-24945.861759
4583.000002,7937.988850
-3317.000000,0.000000
-8861.499998,15348.568233
4103.500000,7107.470489
174.000000,-0.000000
-14796.999998,25629.155801
-427.500000,-740.451720
472.000000,-0.000000
-8268.999999,14322.328128
8968.500002,15533.897667
-21525.000000,-0.000002
1213.000000,-2100.977630
13845.000007,23980.243427
-2022.000000,0.000000
1247.000000,-2159.867357
-1201.000000,-2080.193020
-2196.000000,0.000000
5185.999999,-8982.415489
-9440.000003,-16350.559622
-19328.000000,0.000004
-14399.999999,24941.531630
248.500000,430.414626
21826.000000,-0.000004
8077.499997,-13990.640400
-4267.000000,-7390.660796
2030.000000,-0.000000
77.000000,-133.367912
-218.000000,-377.587076
2146.000000,-0.000000
-12908.499997,22358.177851
4226.500001,7320.512737
-18851.000000,0.000000
1199.000000,-2076.728918
12982.500003,22486.349608
19330.000000,-0.000003
-190.000000,329.089653
-13718.000002,-23760.272977
0.000000,-0.000000
5500.000000,-9526.279441
8408.000000,14563.083190
-19330.000000,0.000001
-4613.499999,7990.816401
-9213.000003,-15957.384088
18851.000000,-0.000000
-4181.999999,7243.436478
11642.000003,20164.535500
-2799.000000,0.000001
-8882.499996,15384.941300
5455.500001,9449.203180
-2154.000000,0.000000
-1009.000000,1747.639265
14298.000000,24764.862446
19671.000000,-0.000002
1093.000000,-1893.131533
2889.000001,5003.894782
2543.000000,-0.000000
-7080.999999,12264.651769
7719.500002,13370.566208
21348.000000,-0.000004
9169.000000,-15881.173855
-4385.500001,-7595.908816
2374.000000,-0.000000
21.500000,-37.239092
219.000000,379.319127
21004.000000,-0.000002
7156.999998,-12396.287631
-11761.500004,-20371.515571
-17003.000000,0.000001
-4414.999999,7647.004316
8887.500002,15393.601551
2324.000000,-0.000000
-5320.000000,9214.510296
-8203.500001,-14208.878799
21530.000000,-0.000003
7486.000000,-12966.132345
1080.000001,1870.614872
-2.000000,0.000000
9598.499997,-16625.089678
237.500000,411.362067
-21183.000000,0.000001
-8326.999999,14422.787075
4844.000001,8390.054111
16525.000000,-0.000004
12338.999999,-21371.774915
4423.500001,7661.726747
19074.000000,0.000001
-581.500000,1007.187545
-10214.500005,-17692.032971
21392.000000,-0.000002
-10021.999997,17358.613195
-151.500000,-262.405697
-478.000000,0.000000
-1458.000000,2525.330078
5779.000002,10009.521616
341.000000,-0.000000
-5131.499999,8888.018719
-789.000000,-1366.588087
19376.000000,0.000001
5126.499998,-8879.358466
2921.000000,5059.320409
18852.000000,-0.000002
995.500000,-1724.256579
-4702.000000,-8144.102897
-16483.000000,0.000001
3330.999999,-5769.461240
-8457.500003,-14648.819703
21474.000000,-0.000000
-9168.999999,15881.173855
-5858.000001,-10146.353630
-19152.000000,0.000004
-106.000000,183.597386
5101.000001,8835.191169
18855.000000,-0.000002
178.500000,-309.171069
7364.500000,12755.688172
21696.000000,-0.000002
-7902.999998,13688.397533
-6002.000002,-10395.768946
-19158.000000,0.000000
-9221.999999,15972.972548
4148.000001,7184.546749
19026.000000,-0.000004
-536.500000,929.245258
-1693.000000,-2932.362017
19203.000000,-0.000003
4713.000000,-8163.155456
-8682.000000,-15037.665111
-21699.000000,0.000002
-618.000000,1070.407399
2073.500001,3591.407349
-19375.000000,0.000001
3630.999999,-6289.076483
907.000000,1570.970082
2802.000000,-0.000001
-3741.500000,6480.468097
-4874.500001,-8442.881661
2500.000000,-0.000000
9039.500000,-15656.873275
938.000000,1624.663657
0.000000,-0.000000
1245.000000,-2156.403256
8090.000003,14012.291031
-2495.000000,0.000000
5836.999999,-10109.980564
4507.500001,7807.219014
-2673.000000,0.000001
-312.000000,540.399852
1542.500000,2671.688371
-20874.000000,0.000003
537.500000,-930.977309
9558.000005,16554.941616
123.000000,-0.000000
10018.999997,-17353.417043
-3716.500000,-6437.166826
-19325.000000,0.000001
106.500000,-184.463411
4636.500001,8030.653568
19330.000000,-0.000004
-994.500000,1722.524528
-14537.000003,-25178.822588
177.000000,0.000000
5618.000000,-9730.661437
-1189.000001,-2059.408410
-22046.000000,0.000003
299.000000,-517.883192
-7625.000000,-13206.887408
-18556.000000,0.000001
-4413.999999,7645.272265
4780.500002,8280.068885
2.000000,-0.000000
14142.499998,-24495.528547
5397.000001,9347.878208
18209.000000,0.000001
8579.999996,-14860.995931
-89.500000,-155.018547
3013.000000,-0.000000
-11860.499996,20542.988605
2161.500000,3743.827821
343.000000,-0.000000
-2509.999999,4347.447527
12198.000004,21127.555748
15880.000000,-0.000000
4221.499999,-7311.852484
5923.500001,10259.802958
-2625.000000,0.000001
6750.499997,-11692.208978
-3010.000000,-5213.472931
-2202.000000,0.000000
-9495.500001,16446.688443
712.000000,1233.220175
-18677.000000,0.000002
-4714.999999,8166.619558
8475.500003,14679.996618
21651.000000,-0.000001
358.000000,-620.074189
-14044.999998,-24326.653593
-19325.000000,0.000004
11.000000,-19.052559
4106.000001,7111.800615
-2368.000000,0.000000
-8498.500000,14719.833788
-118.000000,-204.381995
475.000000,-0.000000
7686.999998,-13314.274559
-12846.500005,-22250.790697
-18858.000000,0.000001
-7582.499999,13133.275249
8056.000002,13953.401304
-2669.000000,0.000001
4442.000000,-7693.769687
5353.500001,9272.533998
18550.000000,-0.000003
-462.000000,800.207473
9581.500001,16595.644812
47.000000,-0.000000
8920.999997,-15451.625256
5751.000002,9961.024193
19153.000000,-0.000001
8193.499998,-14191.558293
-13308.000004,-23050.132145
-16658.000000,0.000004
-13927.999999,24124.003649
680.000000,1177.794549
-346.000000,0.000000
7570.500000,-13112.490639
6332.000001,10967.345713
-2193.000000,0.000000
46.500000,-80.540363
461.000000,798.475422
-21527.000000,0.000001
-8226.499998,14248.715969
12848.500004,22254.254799
173.000000,-0.000000
-12675.499999,21954.610012
7056.000002,12221.350497
19502.000000,0.000001
-2505.000000,4338.787273
8212.000004,14223.601229
-21826.000000,0.000003
1225.500000,-2122.628265
13886.500000,24052.123539
-2027.000000,0.000000
1288.500000,-2231.747466
-1116.500000,-1933.834726
-2326.000000,0.000001
4574.999999,-7924.132445
-4535.000001,-7854.850412
-2802.000000,-0.000000
-9011.499996,15608.375855
12247.000002,21212.426239
19373.000000,-0.000003
275.000000,-476.313972
-1612.000000,-2792.065902
21871.000000,-0.000002
-7187.499998,12449.115180
1774.000001,3072.658132
2022.000000,-0.000000
1082.000000,-1874.078974
256.000000,443.405007
2495.000000,0.000000
4650.999998,-8055.768307
-4982.500001,-8629.943148
-174.000000,0.000000
4732.500000,-8196.930447
-3405.000000,-5897.633000
-298.000000,0.000000
2825.999999,-4894.775583
-94.500000,-163.678801
19330.000000,-0.000001
4614.999999,-7993.414477
-8498.999999,-14720.699814
-19026.000000,0.000004
-4152.499998,7192.340980
4119.500001,7135.183301
-19376.000000,0.000003
-7939.000000,13750.751361
4213.000000,7297.130052
301.000000,-0.000000
-6136.999998,10629.595807
-12760.000005,-22100.968302
523.000000,-0.000000
4681.999999,-8109.461882
12088.999999,20938.762213
16181.000000,-0.000004
-3438.000000,5954.790677
-87.000000,-150.688420
-21009.000000,0.000004
452.500000,-783.752990
9598.000001,16624.223651
-2329.000000,0.000000
5793.999998,-10035.502380
13247.500005,22945.343070
16705.000000,-0.000001
4723.499999,-8181.341990
177.000000,306.572993
-2327.000000,0.000001
4534.499999,-7853.984387
1254.500000,2172.857738
-21353.000000,0.000004
8104.000000,-14036.539745
-8182.000001,-14171.639707
-2369.000000,0.000000
4199.999999,-7274.613393
-8429.500000,-14600.322282
-21866.000000,0.000002
-427.000000,739.585695
681.500000,1180.392625
-18900.000000,0.000005
-5183.499999,8978.085361
-12368.500003,-21422.870412
-18548.000000,-0.000001
-426.000000,737.853644
-147.500000,-255.477494
-2715.000000,0.000000
4436.999998,-7685.109434
-8019.000000,-13889.315426
-19156.000000,0.000002
2204.499999,-3818.306006
-7103.000002,-12302.756885
19200.000000,-0.000005
3156.500000,-5467.218374
3982.500001,6897.892341
16528.000000,0.000000
4886.000000,-8462.800246
203.500000,352.472339
-21313.000000,0.000003
983.000000,-1702.605944
12993.000001,22504.536142
16697.000000,-0.000002
-3024.999999,5239.453693
12413.500005,21500.812697
16403.000000,-0.000001
13315.999998,-23063.988555
5854.000002,10139.425427
-2332.000000,-0.000000
1210.999999,-2097.513528
8559.500001,14825.488887
-21012.000000,0.000003
-8272.500000,14328.390305
4710.500000,8158.825329
16699.000000,-0.000002
2837.499999,-4914.694167
4279.000002,7411.445405
17049.000000,-0.000001
-3144.499999,5446.433765
6821.499999,11815.184584
-2633.000000,-0.000000
5947.999997,-10302.238205
3896.000001,6748.069946
-2631.000000,0.000000
-8035.500000,13917.894264
11824.000001,20479.768748
17176.000000,-0.000002
-2581.999999,4472.155186
6476.000003,11216.761028
346.000000,-0.000000
-7632.499998,13219.877790
-6197.999999,-10735.250906
2664.000000,-0.000001
487.000000,-843.508743
-5189.500001,-8988.477665
-475.000000,0.000000
5633.500000,-9757.508224
13363.000002,23145.394941
18725.000000,-0.000002
-557.500000,965.618325
-666.000000,-1153.545838
18725.000000,-0.000001
-3837.999999,6647.611000
13125.500004,22734.032872
-475.000000,0.000000
3061.500000,-5302.673548
-7497.500002,-12986.050929
3315.000000,-0.000001
-5719.500000,9906.464594
-14140.000002,-24491.198418
-168.000000,0.000000
4614.999998,-7993.414478
4833.000000,8371.001553
-518.000000,0.000000
4284.499999,-7420.971686
-3018.500001,-5228.195362
-16356.000000,0.000004
-3557.999999,6162.636774
8464.000002,14660.078034
-346.000000,-0.000000
-8711.500000,15088.760610
5340.000001,9249.151312
-2664.000000,0.000000
7379.999997,-12782.534961
6492.500000,11245.339868
301.000000,-0.000000
-4842.499999,8387.456036
-4264.000002,-7385.464643
-15708.000000,0.000004
-12121.999998,20995.919890
2562.500001,4438.380194
-518.000000,-0.000000
5632.500000,-9755.776174
4766.000001,8254.954148
3.000000,-0.000000
-3789.999999,6564.472562
4499.500000,7793.362608
2.000000,-0.000000
13113.999996,-22714.114293
-3666.000001,-6349.698260
-344.000000,0.000000
-13880.499997,24041.731236
-5308.000002,-9193.725686
-18722.000000,-0.000000
-416.000000,720.533136
-8749.500002,-15154.578540
-19246.000000,0.000003
-13668.500000,23674.536463
-3763.000000,-6517.707189
-16351.000000,0.000002
3645.999999,-6315.057245
75.500000,130.769836
18815.000000,-0.000001
4704.499999,-8148.433025
-9579.999999,-16593.046737
-19195.000000,0.000000
-12402.999994,21482.626170
3318.500001,5747.810605
-16877.000000,0.000003
-3611.500000,6255.301492
658.500000,1140.555457
1985.000000,-0.000000
2524.999999,-4373.428290
-6943.500003,-12026.494781
2633.000000,-0.000000
-6053.499999,10484.969564
-3253.500000,-5635.227303
-16226.000000,0.000000
-3982.500000,6897.892341
5027.500001,8707.885434
-18899.000000,0.000004
537.000000,-930.111284
1103.000000,1910.452041
-171.000000,0.000000
-84.000000,145.492268
9138.500004,15828.346303
21226.000000,-0.000002
8857.499998,-15341.640029
-797.500000,-1381.310519
21700.000000,-0.000006
-8045.499999,13935.214773
-6614.000002,-11455.784040
2193.000000,-0.000000
-866.000000,1499.955999
-9083.500001,-15733.083510
0.000000,-0.000000
-86.000000,148.956369
-29.500000,-51.095499
-2368.000000,0.000000
14602.499996,-25292.271920
1125.000000,1948.557158
-19503.000000,0.000005
3452.499999,-5979.905413
-7701.500002,-13339.389293
298.000000,0.000000
-8326.499999,14421.921050
7006.500001,12135.613983
349.000000,-0.000000
-8258.499997,14304.141596
-1761.000000,-3050.141472
19026.000000,-0.000002
-4581.500001,7935.390775
-1706.500001,-2955.744703
-473.000000,0.000000
-9395.499998,16273.483363
192.500000,333.419780
2664.000000,0.000000
-5546.000000,9605.953779
-4584.000001,-7939.720901
349.000000,-0.000000
3880.999998,-6722.089185
-5317.000000,-9209.314144
16007.000000,-0.000002
-4488.499999,7774.310051
-898.500000,-1556.247650
-18809.000000,0.000001
-5804.999999,10054.554939
-9082.000003,-15730.485433
18674.000000,0.000000
-4173.500000,7228.714046
13050.500003,22604.129063
-123.000000,0.000000
2912.500000,-5044.597977
-7971.000001,-13806.176987
22342.000000,-0.000003
120.500000,-208.712122
-6451.500003,-11174.325783
-470.000000,0.000000
5838.999999,-10113.444666
3458.000000,5989.431693
-523.000000,0.000000
-13143.999998,22766.075816
-5290.000001,-9162.548771
-16181.000000,0.000003
-14141.000000,24492.930470
-976.500000,-1691.347614
21175.000000,-0.000003
-9736.999997,16864.978715
-801.000000,-1387.372697
-123.000000,0.000000
-492.500000,853.035023
3985.500000,6903.088494
19671.000000,-0.000000
1008.000000,-1745.907214
-6465.000002,-11197.708470
517.000000,-0.000000
6325.500000,-10956.087383
-1809.000000,-3133.279911
-2503.000000,0.000000
-1987.999999,3443.317006
6604.000003,11438.463531
-2630.000000,0.000000
-2482.499999,4299.816130
11509.999999,19935.904795
16398.000000,-0.000004
-3105.500000,5378.883783
11392.500003,19732.388824
16398.000000,-0.000003
-2957.000000,5121.674238
11748.000002,20348.132886
-2151.000000,0.000000
-8537.999997,14788.249797
93.000000,161.080725
472.000000,-0.000000
755.500000,-1308.564385
3566.000000,6176.493180
-19204.000000,0.000005
787.000000,-1363.123986
-7627.000002,-13210.351508
-21525.000000,-0.000000
-473.500000,820.126057
14152.000003,24511.983027
17006.000000,-0.000003
6075.499998,-10523.074683
7497.500001,12986.050929
-2495.000000,0.000000
5586.000001,-9675.235811
-9126.000004,-15806.695668
-19026.000000,0.000005
-4380.499999,7587.248563
-4701.500001,-8143.236871
2453.000000,0.000000
8643.499999,-14970.981156
-12160.000002,-21061.737819
-17176.000000,0.000003
-5656.499998,9797.345394
1730.500000,2997.313922
-2.000000,0.000000
6884.999998,-11925.169811
-3497.000001,-6056.981673
16708.000000,-0.000001
2982.499999,-5165.841534
-4167.500001,-7218.321740
19200.000000,-0.000000
7315.499999,-12670.817683
-13089.500003,-22671.679044
-18855.000000,0.000003
-277.000000,479.778074
-7644.000001,-13239.796373
-21572.000000,0.000003
8686.999997,-15046.325367
1840.500001,3187.839511
-21217.000000,0.000002
9834.499998,-17033.853668
965.500000,1672.295055
-39.000000,0.000000
8809.999999,-15259.367615
-12962.500003,-22451.708591
-16872.000000,0.000003
-4056.500000,7026.064101
-5289.000001,-9160.816721
-16874.000000,0.000002
-12997.499996,22512.330374
-778.500000,-1348.401553
-515.000000,0.000000
-10028.999997,17370.737551
5620.000000,9734.125539
-168.000000,0.000000
2696.500000,-4670.475003
1780.000000,3083.050437
3143.000000,-0.000001
-4648.000000,8050.572154
-4756.500001,-8238.499666
2676.000000,-0.000000
45.000000,-77.942286
-1760.500001,-3049.275446
21009.000000,-0.000002
-8354.499998,14470.418473
-6056.000000,-10489.299691
-16702.000000,0.000001
-12476.499998,21609.931902
4374.500001,7576.856257
-16699.000000,0.000004
-3952.500000,6845.930817
9286.000002,16083.823798
21313.000000,-0.000003
955.000000,-1654.108521
4379.000000,7584.650486
-16525.000000,0.000002
-2887.499999,5001.296707
5014.500000,8685.368775
-18899.000000,0.000005
776.000000,-1344.071427
-13.500000,-23.382686
301.000000,0.000000
-475.500000,823.590159
-14464.000003,-25052.382879
-298.000000,0.000000
-3406.999999,5901.097102
11344.000001,19648.384360
18207.000000,-0.000002
-818.500000,1417.683586
-8173.500000,-14156.917276
2844.000000,-0.000001
-4962.499999,8595.302133
4649.000001,8052.304204
3143.000000,-0.000000
10213.499999,-17690.300924
-4341.000001,-7518.832555
-645.000000,0.000000
13113.499994,-22713.248268
-3923.500000,-6795.701343
-2844.000000,0.000000
-9216.500001,15963.446268
542.000000,938.771538
-21355.000000,0.000002
7197.999998,-12467.301714
-1408.000000,-2438.727537
-2495.000000,0.000000
7278.999999,-12607.597829
5721.000001,9909.062669
19327.000000,-0.000004
1054.500000,-1826.447577
4576.000001,7925.864495
-16312.000000,0.000002
4766.499998,-8255.820175
1157.000001,2003.982784
18680.000000,-0.000002
13429.499997,-23260.576322
5559.500000,9629.336465
-2669.000000,0.000000
9383.499999,-16252.698754
1685.500000,2919.371636
-18682.000000,0.000004
3362.500000,-5824.020841
-8400.000001,-14549.226783
21178.000000,0.000002
-9999.999996,17320.508078
-1392.500001,-2411.880749
2673.000000,-0.000000
-14110.999996,24440.968948
-4713.500000,-8164.021482
2842.000000,-0.000000
-1232.500000,2134.752620
521.500000,903.264496
19026.000000,-0.000004
5026.500000,-8706.153384
8634.500002,14955.392697
-2320.000000,0.000000
13617.499995,-23586.201875
-7911.500004,-13703.119962
-177.000000,0.000000
-424.500000,735.255568
-3460.000000,-5992.895794
-19503.000000,0.000001
8485.999998,-14698.183154
5488.500002,9506.360856
-2196.000000,0.000000
-7123.999999,12339.129953
7082.000001,12266.383818
-1849.000000,0.000000
6321.999997,-10950.025207
-1675.500000,-2902.051128
-304.000000,0.000000
-8517.999997,14753.608780
-345.000000,-597.557529
21397.000000,-0.000001
7788.999998,-13490.943741
-582.500000,-1008.919595
19026.000000,-0.000000
4917.999999,-8518.225872
-9645.000002,-16705.630038
-21183.000000,0.000004
-7765.499997,13450.240548
8571.000001,14845.407471
-2332.000000,0.000000
13981.000001,-24215.802340
4237.000000,7338.699272
16398.000000,-0.000005
-3217.499999,5572.873474
12292.500004,21291.234550
16745.000000,-0.000000
5323.999999,-9221.438500
12605.000003,21832.500428
16223.000000,-0.000003
5270.999998,-9129.639808
3734.500001,6468.343741
512.000000,-0.000000
-12010.000001,20801.930198
2246.000001,3890.186113
343.000000,-0.000000
-3470.999999,6011.948354
3231.000001,5596.256159
18375.000000,-0.000000
-610.000000,1056.550993
408.500000,707.542755
45.000000,-0.000000
8739.000000,-15136.392008
4755.000001,8235.901590
19021.000000,-0.000003
370.500000,-641.724824
-269.500000,-466.787693
44.000000,-0.000000
-850.500000,1473.109212
4581.500000,7935.390775
19674.000000,-0.000001
-8311.999999,14396.806313
2739.000001,4744.087162
0.000000,-0.000000
5553.000000,-9618.078135
-55.500000,-96.128820
-19674.000000,-0.000001
-13954.499995,24169.902997
903.000000,1564.041879
-44.000000,0.000000
8207.499998,-14215.807004
807.000000,1397.765002
-19195.000000,0.000001
-11731.499998,20319.554050
7676.500002,13296.088023
2154.000000,-0.000000
-5510.500000,9544.465975
-7518.000001,-13021.557970
2804.000000,0.000000
3558.999999,-6164.368825
-4357.500002,-7547.411393
-18722.000000,0.000002
645.500000,-1118.038796
-8024.000000,-13897.975680
-21570.000000,0.000001
-724.000000,1254.004785
697.500000,1208.105438
-21051.000000,0.000005
-7559.999999,13094.304106
7320.500002,12679.477936
-2495.000000,0.000000
-2560.499999,4434.916093
12715.000001,22023.026017
18380.000000,-0.000002
8632.499997,-14951.928598
-89.500000,-155.018547
3013.000000,-0.000000
-12918.499997,22375.498359
-4791.500002,-8299.121444
174.000000,-0.000000
12813.499998,-22193.633024
4301.500001,7450.416548
18680.000000,-0.000004
-6917.499997,11981.461463
2338.500000,4050.400813
-19325.000000,0.000003
1005.000000,-1740.711062
5238.000000,9072.482130
-50.000000,0.000000
-5036.999999,8724.339918
-3318.000001,-5746.944579
-18674.000000,0.000000
-1018.000000,1763.227722
5838.500001,10112.578639
18983.000000,-0.000004
7114.499997,-12322.675472
-11955.000002,-20706.667403
-18852.000000,0.000003
728.000000,-1260.932988
9676.000001,16759.323614
-21223.000000,0.000002
655.500000,-1135.359304
1115.000000,1931.236650
-2543.000000,0.000000
13457.999998,-23309.939770
1392.000000,2411.014724
-19154.000000,0.000004
-3514.500000,6087.292563
8251.000001,14291.151212
18851.000000,-0.000003
5318.500000,-9211.912220
4670.000002,8088.677270
-2149.000000,0.000000
9126.999997,-15808.427722
1122.500000,1944.227032
-1678.000000,0.000000
14700.999997,-25462.878924
-740.000000,-1281.717597
-2842.000000,0.000001
6438.499999,-11151.809125
-149.500000,-258.941596
-19199.000000,-0.000001
3792.500000,-6568.802688
-11420.000006,-19780.020219
-18900.000000,0.000002
645.500000,-1118.038796
10032.500000,17376.799727
-21868.000000,0.000001
9482.999998,-16425.037809
5252.500002,9097.596866
-2193.000000,0.000001
-8399.499999,14548.360759
-1320.500000,-2287.173091
176.000000,0.000000
-9414.499996,16306.392330
-975.500000,-1689.615562
-347.000000,0.000000
-8356.999997,14474.748600
8970.500000,15537.361769
-18375.000000,0.000001
-3047.999999,5279.290862
4594.000001,7957.041409
-47.000000,0.000000
13664.999998,-23668.474286
-8220.000002,-14237.457637
-19328.000000,0.000004
-13114.499994,22714.980319
8217.500001,14233.127511
19198.000000,-0.000003
4217.999999,-7305.790307
4196.000000,7267.685188
16708.000000,-0.000001
4889.999999,-8469.728450
-1501.000001,-2599.808262
-5.000000,0.000000
1542.000000,-2670.822345
-4758.000001,-8241.097742
-16832.000000,0.000003
-4873.999998,8442.015637
31.000000,53.693575
21657.000000,-0.000003
-201.500000,349.008238
-5359.500000,-9282.926303
2329.000000,-0.000000
1750.000000,-3031.088914
3276.000001,5674.198445
-17350.000000,0.000001
-13036.499998,22579.880354
676.000000,1170.866346
2799.000000,-0.000001
-4819.499998,8347.618868
3394.000001,5878.580441
650.000000,-0.000000
-2457.500000,4256.514860
-1825.000000,-3160.992724
-3148.000000,0.000000
3538.499999,-6128.861783
-3128.500001,-5418.720951
-2799.000000,0.000000
-773.000000,1338.875274
13005.500004,22526.186776
19029.000000,-0.000004
-8820.999999,15278.420174
-1178.500000,-2041.221877
2672.000000,-0.000000
-12908.500000,22358.177849
4224.500000,7317.048636
-18725.000000,0.000002
10095.499997,-17485.918930
1652.000000,2861.347934
-21570.000000,0.000001
8971.499998,-15539.093821
-7839.000002,-13577.546279
-21046.000000,0.000005
-707.000000,1224.559921
-8430.000002,-14601.188307
-2369.000000,-0.000000
4329.000000,-7498.047946
-19.000000,-32.908965
-21348.000000,0.000003
-488.500000,846.106820
-8163.500000,-14139.596768
-2374.000000,0.000000
5099.499999,-8832.593094
9482.000003,16423.305756
-21821.000000,0.000005
1244.000000,-2154.671205
13145.500003,22768.673889
19150.000000,0.000001
1006.500000,-1743.309138
-4727.000002,-8187.404166
-18978.000000,0.000002
1051.000000,-1820.385399
13144.000000,22766.075814
18508.000000,-0.000001
532.500000,-922.317055
-1046.500000,-1812.591170
2675.000000,-0.000001
-3644.500000,6312.459168
-4444.500001,-7698.099814
-18725.000000,-0.000001
8807.499996,-15255.037490
-6812.000001,-11798.730101
-21744.000000,0.000003
7640.999997,-13234.600222
-6239.000000,-10806.264988
-18852.000000,0.000002
3437.999999,-5954.790677
-148.500000,-257.209545
19327.000000,-0.000001
-3497.499999,6057.847700
-2060.500001,-3568.890689
44.000000,-0.000000
-9342.999996,16182.550698
-213.500000,-369.792847
18894.000000,-0.000003
12532.500000,-21706.926746
5268.500000,9125.309679
16052.000000,-0.000002
12359.499997,-21407.281958
-2551.500001,-4419.327635
45.000000,-0.000000
-6615.499999,11458.382118
-73.500000,-127.305734
21995.000000,-0.000005
-7939.499996,13751.617389
3451.000001,5977.307337
-18854.000000,0.000003
8961.500000,-15521.773312
-8252.000001,-14292.883264
-173.000000,0.000000
-9686.499997,16777.510149
-579.500000,-1003.723443
20882.000000,-0.000001
-593.000000,1027.106129
9589.000003,16608.635192
2495.000000,-0.000001
5051.500000,-8749.454655
-4015.500001,-6955.050017
-18856.000000,0.000003
964.000000,-1669.696978
3618.500000,6267.425847
19026.000000,-0.000002
-8050.499998,13943.875028
6176.000000,10697.145788
19550.000000,-0.000001
-3619.499999,6269.157898
-769.500000,-1332.813096
-2500.000000,0.000001
5287.999999,-9159.084671
9631.000002,16681.381326
-22172.000000,-0.000001
1319.500000,-2285.441041
13771.500002,23852.937695
-45.000000,0.000000
-3728.999999,6458.817462
-4057.500000,-7027.796152
-15875.000000,0.000001
4745.499999,-8219.447108
-3861.000001,-6687.448167
2455.000000,-0.000001
1685.500000,-2919.371636
4435.500001,7682.511356
-19542.000000,-0.000001
10184.000000,-17639.205425
805.500000,1395.166925
-18724.000000,0.000003
-3242.499999,5616.174744
-5969.500000,-10339.477296
301.000000,-0.000000
-1937.500000,3355.848440
6607.000002,11443.659684
-470.000000,0.000000
740.000000,-1281.717598
-487.000000,-843.508743
21525.000000,0.000001
728.000000,-1260.932988
3808.000001,6595.649475
2025.000000,-0.000000
1157.500000,-2004.848810
9220.500001,15970.374471
2498.000000,-0.000000
-4656.999999,8066.160612
-4971.500002,-8610.890589
132.000000,-0.000000
-2718.500000,4708.580121
8239.500002,14271.232628
-19373.000000,-0.000000
4072.999998,-7054.642940
-11376.500002,-19704.676011
-18553.000000,0.000003
-510.500000,884.211937
1093.000000,1893.131533
-3013.000000,0.000000
12865.499996,-22283.699667
6065.000002,10504.888147
174.000000,-0.000000
-3588.999999,6216.330349
3137.500000,5434.309409
171.000000,-0.000000
-3365.999998,5830.083019
4508.500001,7808.951065
-3318.000000,0.000001
-1823.500000,3158.394648
6860.500001,11882.734565
817.000000,-0.000000
3804.999999,-6590.453323
-4690.000002,-8123.318286
346.000000,-0.000000
4537.999999,-7860.046565
-4322.500001,-7486.789615
18854.000000,-0.000004
-324.500000,562.050487
4114.000001,7125.657022
2847.000000,-0.000001
10094.500000,-17484.186877
-4159.500000,-7204.465334
2146.000000,-0.000000
10257.999997,-17767.377186
-4865.500000,-8427.293204
-19501.000000,0.000001
-75.000000,129.903811
-4650.000002,-8054.036254
18855.000000,-0.000005
-9423.999999,16322.846811
7613.500002,13186.968822
21874.000000,0.000001
975.000000,-1688.749537
4033.000001,6985.360907
2019.000000,-0.000000
1408.500000,-2439.593563
8505.500000,14731.958144
2022.000000,-0.000000
-4167.499999,7218.321741
-1213.000000,-2100.977629
21525.000000,-0.000006
-8893.999999,15404.859883
-1482.000000,-2566.899297
-473.000000,-0.000000
-10094.999999,17485.052903
5488.500003,9506.360856
648.000000,-0.000000
-4756.499998,8238.499667
4650.000000,8054.036255
472.000000,-0.000000
13976.999996,-24208.874140
-8250.500003,-14290.285186
-21693.000000,0.000006
302.500000,-523.945369
74.500000,129.037785
-47.000000,-0.000000
1618.000000,-2802.458207
3719.500001,6442.362978
-16653.000000,0.000003
-3501.499999,6064.775903
-1373.500000,-2378.971784
18981.000000,-0.000002
-3609.499999,6251.837391
-43.500000,-75.344210
-21995.000000,0.000001
8218.999998,-14235.725588
5497.500002,9521.949314
467.000000,0.000000
-13199.499993,22862.204638
-4877.000001,-8447.211788
346.000000,-0.000000
4616.500000,-7996.012553
12595.500001,21816.045946
18550.000000,-0.000002
-7705.499998,13346.317499
7894.000003,13672.809073
21744.000000,-0.000001
8838.999998,-15309.597089
-565.000000,-978.608706
19023.000000,-0.000000
5926.499997,-10264.999113
-1331.500000,-2306.225650
-21178.000000,0.000004
-6522.000000,11296.435367
7081.000001,12264.651768
-2374.000000,0.000000
5391.999998,-9339.217955
-9169.000004,-15881.173852
-21348.000000,0.000001
463.000000,-801.939524
-20.000000,-34.641016
-2543.000000,0.000001
13360.499998,-23141.064816
-7005.500002,-12133.881931
-19024.000000,0.000004
3986.500000,-6904.820544
-4861.500001,-8420.365001
2971.000000,-0.000000
-7564.999997,13102.964361
-5615.500000,-9726.331310
-168.000000,0.000000
12669.999997,-21945.083734
-8583.500003,-14867.058105
-822.000000,0.000000
-1082.000000,1874.078974
-9188.500002,-15914.948844
2365.000000,0.000000
-13590.999999,23540.302526
8262.000001,14310.203771
19373.000000,-0.000003
12424.999996,-21520.731287
-4399.000000,-7619.291502
16875.000000,-0.000002
-4756.500001,8238.499666
-732.500000,-1268.727216
-2156.000000,0.000001
5346.499999,-9260.409643
9182.500002,15904.556539
-304.000000,-0.000000
9276.999999,-16068.235342
444.000000,769.030559
21693.000000,-0.000003
86.000000,-148.956369
-5695.500000,-9864.895374
47.000000,-0.000000
-4346.999999,7529.224861
2965.500001,5136.396669
16007.000000,-0.000004
-4402.499999,7625.353681
-908.500000,-1573.568159
-18505.000000,-0.000000
-5351.500000,9269.069897
-12846.000002,-22249.924673
-50.000000,0.000000
5162.999998,-8942.578321
9319.500001,16141.847501
-19325.000000,0.000002
-4505.999999,7804.620940
193.500000,335.151831
19502.000000,-0.000001
4769.999999,-8261.882353
-1837.500001,-3182.643359
-2669.000000,0.000000
-2013.000000,3486.618276
8313.000002,14398.538362
-19159.000000,0.000003
-3856.500000,6679.653939
9306.500001,16119.330840
19499.000000,-0.000002
4886.999998,-8464.532297
-948.500000,-1642.850191
-2968.000000,0.000000
-4444.999999,7698.965840
5125.500000,8877.626414
-650.000000,0.000000
2888.999998,-5003.894784
1954.500000,3385.293303
3148.000000,-0.000001
3470.000000,-6010.216302
-13405.000002,-23218.141074
2799.000000,-0.000000
-8470.999997,14672.202393
-5944.500003,-10296.176024
-19198.000000,0.000002
-326.000000,564.648563
-8888.999999,-15396.199629
-348.000000,0.000000
-74.500000,129.037785
-1070.000000,-1853.294364
-298.000000,0.000000
-8863.500000,15352.032333
3675.500001,6366.152743
18855.000000,-0.000003
-742.500000,1286.047725
399.500000,691.954298
2371.000000,-0.000000
4176.999999,-7234.776224
385.500000,667.705586
124.000000,-0.000000
106.500000,-184.463411
-8770.000002,-15190.085581
-18677.000000,-0.000000
-5113.000000,8855.975779
-193.000000,-334.285806
19153.000000,-0.000003
4627.499998,-8015.065113
758.000000,1312.894512
-21995.000000,0.000002
-908.000000,1572.702133
5469.500002,9473.451891
-346.000000,0.000000
-14681.999997,25429.969958
862.500000,1493.893821
2971.000000,0.000000
3804.000000,-6588.721272
-4002.000001,-6931.667331
-18680.000000,0.000003
227.000000,-393.175533
-4801.000000,-8315.575927
16660.000000,-0.000002
3246.000000,-5622.236921
-9914.500004,-17172.417729
171.000000,-0.000000
-7634.999998,13224.207917
2603.500001,4509.394277
-19162.000000,-0.000000
-6941.499999,12023.030681
12108.500002,20972.537202
16354.000000,-0.000003
5052.999998,-8752.052732
4217.000000,7304.058255
19074.000000,-0.000002
7227.499998,-12518.397213
-7826.500003,-13555.895644
21220.000000,-0.000001
-604.000000,1046.158688
9406.500003,16292.535920
2844.000000,-0.000000
4854.499999,-8408.240646
-5122.000001,-8871.564236
124.000000,-0.000000
-2955.000000,5118.210136
-207.500000,-359.400543
-19499.000000,0.000003
-6008.999998,10407.893304
314.000000,543.863953
21352.000000,-0.000002
-8604.999998,14904.297200
8088.499999,14009.692957
-168.000000,0.000000
8206.999999,-14214.940978
-6439.000002,-11152.675149
-19032.000000,0.000004
-4638.500000,8034.117671
9004.500001,15596.251496
171.000000,-0.000000
563.000000,-975.144605
4747.000002,8222.045182
17004.000000,-0.000001
13957.499996,-24175.099149
-613.500000,-1062.613170
219.000000,-0.000000
162.000000,-280.592231
-10170.500003,-17615.822737
18677.000000,-0.000004
3349.000000,-5800.638155
-8281.000001,-14343.112737
-18854.000000,0.000003
-4220.499998,7310.120434
4824.500000,8356.279121
2495.000000,-0.000000
8432.499998,-14605.518436
-8755.000000,-15164.104820
20705.000000,-0.000006
-752.000000,1302.502207
41.500000,71.880109
2371.000000,0.000000
-4450.000000,7707.626094
8138.000001,14095.429471
22170.000000,-0.000004
-7056.999997,12223.082551
1676.500000,2903.783179
-475.000000,0.000000
-2224.000000,3852.080996
12255.000000,21226.282647
-475.000000,0.000000
-4391.999999,7607.167147
-1052.500000,-1822.983475
21694.000000,0.000000
-8894.499999,15405.725908
-1440.500000,-2495.019188
-129.000000,0.000000
-10124.999996,17537.014429
5023.500001,8700.957232
19370.000000,-0.000002
-643.000000,1113.708669
7611.500003,13183.504720
19547.000000,-0.000006
-3262.499999,5650.815760
-1849.500001,-3203.427968
-2501.000000,0.000000
-2790.500000,4833.287779
7274.500002,12599.803599
-21524.000000,0.000004
-7525.999997,13035.414380
-932.500000,-1615.137378
123.000000,-0.000000
-477.000000,826.188235
-13990.000006,-24231.390794
-19325.000000,0.000001
-9417.999998,16312.454507
4842.000002,8386.590009
19328.000000,-0.000000
7135.499999,-12359.048538
-13649.000003,-23640.761471
-295.000000,0.000000
-4465.500000,7734.472881
4874.000001,8442.015636
-523.000000,0.000000
3460.999999,-5994.627846
-3849.500002,-6667.529583
-16178.000000,0.000001
-12056.999997,20883.336589
7828.000000,13558.493722
21476.000000,-0.000001
1.000000,-1.732051
-3526.500001,-6108.077172
-18978.000000,0.000004
8426.000000,-14594.260105
4831.000001,8367.537451
16007.000000,-0.000002
-3091.999999,5355.501098
13039.000006,22584.210476
-130.000000,0.000000
4122.999999,-7141.245480
901.500000,1561.443803
515.000000,-0.000000
575.000000,-995.929214
3479.500001,6026.670784
16528.000000,-0.000004
5050.500000,-8747.722604
4726.000001,8185.672116
-2799.000000,0.000000
8607.999997,-14909.493353
6398.000001,11081.661067
168.000000,-0.000000
2768.499999,-4795.182661
-6919.500000,-11984.925563
0.000000,-0.000000
-1729.500000,2995.581872
6476.500002,11217.627054
-168.000000,-0.000000
2844.000000,-4925.952497
1590.500000,2754.826809
2799.000000,-0.000000
-4705.499998,8150.165076
-3168.500000,-5488.002984
-16528.000000,0.000002
3599.000000,-6233.650856
1591.000000,2755.692835
-518.000000,0.000000
-586.000000,1014.981773
6152.000002,10655.576567
648.000000,-0.000000
2442.000000,-4229.668072
-11696.000003,-20258.066244
518.000000,-0.000000
12982.499995,-22486.349612
5020.000001,8694.895054
15705.000000,-0.000002
4282.000000,-7416.641558
4886.000002,8462.800245
214.000000,-0.000000
-5272.999999,9133.103909
-877.500000,-1519.874583
19539.000000,-0.000000
-2908.000000,5036.803749
11137.000003,19289.849842
16402.000000,-0.000003
4157.999998,-7201.867259
-4878.500001,-8449.809864
18719.000000,-0.000003
-807.000000,1397.765002
-954.500000,-1653.242496
2709.000000,-0.000000
-12539.999997,21719.917129
8204.500003,14210.610849
19370.000000,-0.000001
13271.999998,-22987.778319
5188.500001,8986.745614
16224.000000,-0.000003
5346.000000,-9259.543617
12766.500002,22112.226634
-2458.000000,0.000000
-8840.499997,15312.195166
3821.000002,6618.166135
19541.000000,-0.000002
-8988.999998,15569.404711
6722.000000,11642.845529
18899.000000,-0.000001
-2881.000000,4990.038377
11770.000003,20386.238003
-2498.000000,0.000001
-7218.999999,12503.674780
8729.500002,15119.937524
-21057.000000,-0.000002
723.500000,-1253.138759
933.500000,1616.869429
-21353.000000,0.000002
88.500000,-153.286496
3878.000000,6716.893032
17001.000000,-0.000001
5481.999999,-9495.102528
-667.500000,-1156.143914
-2450.000000,0.000001
5762.999999,-9981.808804
12339.000002,21371.774913
19026.000000,-0.000003
-118.500000,205.248021
-13825.500001,-23946.468439
2667.000000,-0.000000
-533.500000,924.049106
-3707.500000,-6421.578369
-19499.000000,0.000001
-769.000000,1331.947071
4878.000002,8448.943838
18810.000000,-0.000000
-929.500000,1609.941226
-13797.000003,-23897.104990
-16181.000000,0.000003
-4240.499998,7344.761451
-5719.500001,-9906.464594
2321.000000,-0.000000
-7299.500001,12643.104870
7616.000000,13191.298950
21057.000000,-0.000001
7628.999998,-13213.815612
-8799.500003,-15241.181080
21356.000000,-0.000000
-127.000000,219.970453
-4845.000001,-8391.786162
-16533.000000,0.000003
-2921.999999,5061.052460
3945.000001,6832.940436
-19198.000000,0.000003
-8162.000001,14136.998691
3771.500000,6532.429621
18981.000000,-0.000006
131.000000,-226.898656
-5697.000002,-9867.493450
-18975.000000,0.000000
-278.500000,482.376150
-3624.500001,-6277.818152
18807.000000,-0.000004
-366.500000,634.796621
4457.500001,7720.616474
-16824.000000,0.000002
-4681.500000,8108.595856
1642.500001,2844.893451
2278.000000,-0.000000
-4659.999999,8071.356764
5231.000002,9060.357773
-15877.000000,0.000001
4355.499999,-7543.947293
-13243.500004,-22938.414868
-515.000000,0.000000
-4820.000000,8348.484893
4702.500001,8144.968922
-515.000000,0.000000
-4745.000000,8218.581082
4227.500002,7322.244788
-15880.000000,0.000002
-12102.999997,20963.010926
-5924.000000,-10260.668984
2630.000000,-0.000000
-660.500000,1144.019558
-13393.000004,-23197.356464
1985.000000,-0.000000
8767.499999,-15185.755456
-3480.500001,-6028.402835
-17046.000000,-0.000001
5412.499998,-9374.724997
-4129.000002,-7151.637783
-16875.000000,0.000002
-3698.999999,6406.855938
539.500000,934.441411
304.000000,-0.000000
9277.499998,-16069.101368
-238.000000,-412.228092
-1844.000000,0.000000
5231.999999,-9062.089826
-10192.500002,-17653.927855
-2673.000000,0.000000
-3095.499999,5361.563276
8131.500001,14084.171141
-21524.000000,0.000003
472.500000,-818.394007
1189.000000,2059.408410
-174.000000,0.000000
-800.000000,1385.640646
174.500000,302.242866
-645.000000,0.000000
-1318.500000,2283.708990
-3928.000001,-6803.495572
476.000000,-0.000000
-6236.999997,10802.800888
-12878.500002,-22306.216324
2669.000000,-0.000000
-75.000000,129.903811
8150.500000,14117.080107
0.000000,-0.000000
-7069.499998,12244.733185
8109.000003,14045.199997
-2498.000000,0.000000
5612.499999,-9721.135158
14096.000003,24414.988181
-2495.000000,0.000001
1040.500000,-1802.198866
9394.500001,16271.751311
470.000000,-0.000000
9986.500000,-17297.125390
-3796.500000,-6575.730891
-19156.000000,0.000006
-117.000000,202.649945
5633.000002,9756.642198
16010.000000,-0.000001
4000.499999,-6929.069256
14001.500004,24251.309380
518.000000,-0.000000
-4701.999998,8144.102898
-3599.500001,-6234.516881
343.000000,-0.000000
4949.000000,-8571.919447
12414.000001,21501.678725
19029.000000,-0.000002
44.000000,-76.210236
-13825.500005,-23946.468437
169.000000,-0.000000
4354.499999,-7542.215242
-35.000000,-60.621778
-21997.000000,0.000005
-9306.999999,16120.196867
3827.000001,6628.558440
18981.000000,-0.000003
-8519.500000,14756.206855
3631.000002,6289.076481
-16007.000000,0.000002
-3112.499999,5391.008139
4538.500000,7860.912590
124.000000,-0.000000
6377.499999,-11046.154026
8640.000003,14964.918976
-296.000000,0.000000
100.500000,-174.071106
-756.000000,-1309.430410
18851.000000,0.000001
-4270.500000,7396.722974
-1160.000001,-2009.178936
-21826.000000,0.000003
-9208.999997,15950.455889
4608.500000,7982.156147
-2678.000000,0.000000
-8881.499998,15383.209249
12771.500004,22120.886886
-1980.000000,0.000000
-7831.499999,13564.555900
12016.000003,20812.322502
17043.000000,0.000001
-3148.499999,5453.361968
11391.000001,19729.790748
16573.000000,-0.000002
-3150.999999,5457.692095
11393.000000,19733.254850
18896.000000,-0.000001
-7766.499998,13451.972598
8385.500003,14524.112045
-2.000000,0.000000
9418.999999,-16314.186557
491.500000,851.302972
-19203.000000,0.000004
-13092.999994,22677.741227
784.500000,1358.793858
2669.000000,-0.000000
2913.500000,-5046.330028
236.000000,408.763991
19029.000000,-0.000002
5408.499999,-9367.796794
3202.000001,5546.026685
-2968.000000,0.000000
-9144.499999,15838.738611
5176.000001,8965.094979
473.000000,-0.000000
-5708.499997,9887.412037
-4119.500001,-7135.183301
-18725.000000,0.000003
-318.000000,550.792157
-7418.500001,-12849.218916
-18899.000000,0.000002
3887.999999,-6734.213540
-3532.000001,-6117.603452
2669.000000,-0.000000
8180.499999,-14169.041632
-8134.000002,-14088.501267
18730.000000,-0.000004
3113.499998,-5392.740190
4958.500001,8588.373929
16357.000000,-0.000003
12029.000000,-20834.839164
-7142.000001,-12370.306867
-19330.000000,0.000002
-5701.999998,9876.153706
1849.000001,3202.561943
2148.000000,-0.000000
2117.000000,-3666.751560
-7524.000002,-13031.950275
2503.000000,-0.000001
-6161.499999,10672.031051
-8993.500002,-15577.198937
132.000000,-0.000000
-1298.000000,2248.201948
-7818.500001,-13542.039238
-18896.000000,0.000002
-5449.499998,9438.810877
-4056.500000,-7026.064101
-16229.000000,0.000001
-12458.499997,21578.754988
3636.000001,6297.736736
2329.000000,-0.000001
1027.000000,-1778.816179
8760.000002,15172.765073
21358.000000,0.000001
8404.000000,-14556.154987
-13631.000007,-23609.584554
2498.000000,-0.000000
656.500000,-1137.091355
-4952.500000,-8577.981624
-19026.000000,0.000001
517.500000,-896.336293
-215.500000,-373.256949
-2711.000000,0.000001
-3060.500000,5300.941497
8422.500002,14588.197926
-19370.000000,-0.000001
-2962.999999,5132.066544
4449.000001,7705.894043
-16052.000000,0.000002
-2885.499999,4997.832606
-5818.500000,-10077.937624
-211.000000,0.000000
6335.499998,-10973.407892
-1062.000000,-1839.437957
-19541.000000,0.000001
-3123.500000,5410.060698
-5051.000001,-8748.588628
-16700.000000,-0.000000
-3923.499998,6795.701345
212.000000,367.194771
-45.000000,0.000000
-278.000000,481.510124
1575.000000,2727.980022
-21175.000000,0.000002
54.500000,-94.396769
12921.500005,22380.694507
16832.000000,-0.000001
-3536.999999,6126.263707
-516.000000,-893.738217
176.000000,-0.000000
9079.999996,-15727.021335
-4553.000001,-7886.027326
-19207.000000,0.000003
1011.500000,-1751.969392
-8878.500001,-15378.013095
-21696.000000,0.000002
-1600.000000,2771.281292
-3361.000001,-5821.422763
18680.000000,-0.000001
-768.500000,1331.081046
9389.500003,16263.091056
2543.000000,-0.000001
3123.999998,-5410.926724
-7113.500001,-12320.943419
21871.000000,-0.000004
6608.500000,-11446.257762
-8937.000001,-15479.338067
18854.000000,-0.000002
5054.999998,-8755.516833
-1143.000000,-1979.734073
-18685.000000,0.000001
-4004.999999,6936.863485
-14021.000004,-24285.084370
-2.000000,0.000000
3588.000000,-6214.598298
-5099.000001,-8831.727067
18209.000000,-0.000003
-1674.500000,2900.319077
-9296.500001,-16102.010332
3016.000000,-0.000000
-6032.499998,10448.596498
-13114.500000,-22714.980316
476.000000,-0.000000
5012.499999,-8681.904674
8642.500003,14969.249103
-346.000000,0.000000
1899.000000,-3289.164484
4683.500001,8112.059957
-18854.000000,-0.000001
10106.500000,-17504.971487
1231.000001,2132.154544
-2844.000000,0.000000
14225.999995,-24640.154791
4575.500000,7924.998470
-2969.000000,0.000000
-637.000000,1103.316365
-3006.000001,-5206.544727
-2199.000000,0.000001
8063.499999,-13966.391688
1845.500000,3196.499765
-18680.000000,-0.000000
3364.000000,-5826.618917
-8250.000001,-14289.419162
21349.000000,-0.000003
-8787.499997,15220.396473
6887.500000,11929.499937
-299.000000,0.000000
-8722.999998,15108.679196
4202.000002,7278.077493
-1852.000000,0.000000
-8312.499999,14397.672339
8366.000002,14490.337055
-1678.000000,-0.000000
13643.999993,-23632.101222
-8952.000002,-15505.318828
-3146.000000,0.000001
-4767.500000,8257.552225
4917.500000,8517.359846
-479.000000,0.000000
-5090.999999,8817.870662
9121.500004,15798.901439
515.000000,-0.000000
-451.000000,781.154914
-4621.000001,-8003.806781
16871.000000,0.000000
-4211.999998,7295.398003
11503.000002,19923.780438
16742.000000,-0.000003
5324.000000,-9221.438499
3048.000000,5279.290861
16573.000000,-0.000002
-4404.499999,7628.817783
2990.000001,5178.831914
19192.000000,-0.000001
-8203.999998,14209.744826
2603.500000,4509.394278
-18812.000000,0.000004
-7145.499996,12376.369048
12895.500003,22335.661187
16652.000000,-0.000003
4726.500000,-8186.538142
-464.000000,-803.671575
219.000000,-0.000000
-938.500000,1625.529683
-9904.000004,-17154.231196
19021.000000,-0.000001
-4564.999999,7906.811937
-1534.000001,-2656.965939
47.000000,-0.000000
-138.500000,239.889037
-399.500000,-691.954298
18849.000000,-0.000004
6001.500000,-10394.902922
8162.500001,14137.864716
-21997.000000,0.000003
1006.000000,-1742.443113
5445.500000,9431.882672
299.000000,-0.000000
-3965.999999,6869.313503
4530.000002,7846.190157
2500.000000,-0.000001
8284.999999,-14350.040941
-8230.000002,-14254.778145
2326.000000,0.000000
-13038.499999,22583.344455
2133.500000,3695.330398
2977.000000,-0.000000
-7625.499997,13207.753435
-5359.500000,-9282.926303
1980.000000,-0.000000
7838.499998,-13576.680256
-12920.500005,-22378.962456
-17347.000000,0.000005
-13979.999998,24214.070291
755.500000,1308.564385
1980.000000,0.000000
2696.000000,-4669.608977
1887.500000,3269.245899
2498.000000,-0.000000
-4179.999998,7239.972377
8658.500001,14996.961917
346.000000,-0.000000
-7499.999998,12990.381058
11751.000005,20353.329037
17007.000000,-0.000001
4499.999999,-7794.228635
-9969.000003,-17266.814499
168.000000,0.000000
-7612.999999,13186.102798
3663.000001,6344.502108
-19156.000000,0.000003
8264.000000,-14313.667874
-3473.500000,-6016.278480
16309.000000,-0.000002
-3567.499999,6179.091257
7093.500003,12286.302402
-18975.000000,0.000001
-12941.499997,22415.335528
-855.500000,-1481.769466
21474.000000,-0.000000
-86.500000,149.822395
-4476.000001,-7752.659414
-16477.000000,0.000003
4595.500000,-7959.639486
844.500000,1462.716907
18807.000000,-0.000002
12929.999996,-22395.416944
-7199.000003,-12469.033762
-19496.000000,0.000001
3598.999999,-6233.650857
843.500000,1460.984856
2320.000000,-0.000001
-4130.999998,7155.101887
357.500000,619.208164
-169.000000,0.000000
7528.500000,-13039.744505
-2870.500000,-4971.851843
645.000000,-0.000000
-4788.499998,8293.925293
-5976.000003,-10350.735625
346.000000,-0.000000
-3452.499999,5979.905414
3008.000000,5210.008829
18378.000000,-0.000005
-1487.000000,2575.559551
-9104.000002,-15768.590551
-129.000000,0.000000
-1576.000000,2729.712073
-4089.000001,-7082.355752
-2669.000000,0.000000
-9957.999996,17247.761944
4238.000000,7340.431322
301.000000,-0.000000
-5881.499998,10187.056826
-11970.500004,-20733.514189
-16531.000000,0.000004
3589.999999,-6218.062400
752.500000,1303.368233
2326.000000,0.000000
-5467.000000,9469.121765
-9567.500002,-16571.396100
21527.000000,-0.000003
-9142.999997,15836.140536
8075.500001,13987.176296
175.000000,-0.000000
976.000000,-1690.481588
9416.000004,16308.990402
-171.000000,0.000000
1202.000000,-2081.925071
8420.500002,14584.733824
2323.000000,0.000000
-3231.000000,5596.256159
-5365.000001,-9292.452582
-19198.000000,0.000003
-366.500000,634.796621
-2926.500000,-5068.846688
298.000000,-0.000000
-4905.999999,8497.441263
3624.000001,6276.952126
520.000000,-0.000000
5956.499999,-10316.960636
3959.000001,6857.189146
15882.000000,-0.000000
4027.000000,-6974.968602
4475.000001,7750.927363
-2498.000000,0.000000
-9115.000000,15787.643111
-208.500000,-361.132593
-18207.000000,0.000002
-4283.999999,7420.105660
-4726.000002,-8185.672115
128.000000,-0.000000
5416.499999,-9381.653200
-55.500000,-96.128820
-22040.000000,0.000000
637.500000,-1104.182390
-261.500000,-452.931286
-18722.000000,0.000004
-11624.000000,20133.358587
3587.000000,6212.866246
2627.000000,-0.000000
9926.499997,-17193.202343
-4780.500002,-8280.068884
-19674.000000,0.000002
-7124.499998,12339.995980
13306.999999,23048.400097
-2672.000000,0.000000
-861.000000,1491.295746
6149.000002,10650.380415
19547.000000,-0.000004
7596.500000,-13157.523960
-626.000000,-1084.263805
19375.000000,-0.000003
-2529.999999,4382.088544
7397.000003,12811.979822
-174.000000,0.000000
1879.000000,-3254.523468
3719.500000,6442.362979
-17178.000000,0.000005
-4398.999999,7619.291503
-8696.000002,-15061.913821
1980.000000,-0.000000
-6756.000000,11701.735256
-7808.000001,-13523.852705
2501.000000,-0.000000
-6473.499998,11212.430904
1719.500000,2978.261364
-171.000000,0.000000
7719.499998,-13370.566210
6346.000000,10991.594425
0.000000,-0.000000
-5317.499999,9210.180170
1674.500000,2900.319077
-2.000000,-0.000000
7850.999999,-13598.330891
5661.000001,9805.139621
349.000000,-0.000000
-4298.999998,7446.086423
-1480.500000,-2564.301221
19325.000000,-0.000002
-3525.500000,6106.345122
-1008.000000,-1745.907214
-18981.000000,0.000005
-4762.999999,8249.757997
-963.500000,-1668.830953
19328.000000,-0.000000
-3686.000000,6384.339277
-2041.000000,-3535.115698
-168.000000,0.000000
-8521.999997,14760.536984
-5544.500001,-9603.355702
-17178.000000,0.000002
-5688.499998,9852.771020
-7406.500003,-12828.434304
1979.000000,-0.000000
1666.500000,-2886.462671
-6565.500002,-11371.779576
3149.000000,-0.000000
2444.000000,-4233.132174
-13187.500003,-22841.420023
0.000000,-0.000000
-3539.500000,6130.593833
12836.000002,22232.604165
-2501.000000,0.000000
1165.500000,-2018.705216
9451.000004,16369.612180
-1982.000000,0.000000
13242.499997,-22936.682821
-4095.500001,-7093.614082
16226.000000,-0.000000
2876.500000,-4982.244148
-4009.500001,-6944.657712
19547.000000,-0.000004
7968.000000,-13800.980835
-4298.500001,-7445.220396
-2.000000,0.000000
6804.499998,-11785.739721
8089.000004,14010.558980
-19677.000000,0.000002
-4789.999999,8296.523369
-7625.000000,-13206.887408
473.000000,-0.000000
-248.000000,429.548600
9363.500002,16218.057735
-2016.000000,0.000000
14896.999999,-25802.360881
-590.500000,-1022.776002
-349.000000,0.000000
625.000000,-1082.531755
-14155.000007,-24517.179177
-16658.000000,0.000002
-14258.999996,24697.312467
-1053.000000,-1823.849500
19328.000000,-0.000001
-3502.499999,6066.507954
6565.000002,11370.913551
-2796.000000,0.000001
-2268.000000,3928.291232
13306.000002,23046.668044
-3151.000000,0.000001
8753.499997,-15161.506746
5734.500000,9932.445356
349.000000,-0.000000
-4459.999999,7724.946603
-1405.000000,-2433.531385
21828.000000,-0.000006
-8250.999998,14291.151214
-6044.000002,-10468.515080
-16525.000000,-0.000000
-4994.000000,8649.861733
-13183.000003,-22833.625795
-19245.000000,0.000003
690.500000,-1195.981083
-368.500000,-638.260723
-19539.000000,0.000002
-4960.000000,8590.972005
-8869.500004,-15362.424636
2627.000000,-0.000001
-14224.999997,24638.422739
-5257.500002,-9106.257120
-19024.000000,0.000000
-8108.499999,14044.333974
12526.500003,21696.534439
-2194.000000,0.000000
-8224.499997,14245.251869
-975.000000,-1688.749537
-2022.000000,0.000000
5438.500000,-9419.758317
-728.000000,-1260.932988
-21522.000000,0.000002
1589.000000,-2752.228733
-1008.000000,-1745.907214
126.000000,-0.000000
1351.000000,-2340.000641
-4767.000001,-8256.686199
-19669.000000,0.000004
1113.500000,-1928.638574
13458.500002,23310.805793
-216.000000,0.000000
-4768.499998,8259.284277
-12250.000006,-21217.622390
-16356.000000,0.000001
3469.499999,-6009.350277
1759.500001,3047.543396
-169.000000,0.000000
7636.499999,-13226.805993
-3611.500001,-6255.301491
19328.000000,-0.000004
-33.000000,57.157677
-5901.000001,-10220.831815
-18984.000000,0.000003
-7246.499997,12551.306179
13116.000006,22717.578389
18854.000000,-0.000002
8491.999998,-14708.575459
488.500000,846.106820
21696.000000,-0.000001
8442.999999,-14623.704969
-13384.500004,-23182.634032
-18981.000000,0.000004
-9289.499999,16089.885977
4801.500001,8316.441952
16483.000000,-0.000003
13155.999995,-22786.860427
89.500000,155.018547
-21347.000000,0.000002
938.500000,-1625.529683
-8846.500000,-15322.587469
-21575.000000,0.000001
-696.000000,1205.507362
-8685.000003,-15042.861262
-18852.000000,0.000004
-14476.499999,25074.033517
75.000000,129.903811
19504.000000,-0.000003
4843.999998,-8390.054113
7765.000001,13449.374520
-2495.000000,0.000000
6832.999998,-11835.103169
-888.000000,-1538.061117
-21527.000000,0.000001
1437.500000,-2489.823036
-1172.000000,-2029.963546
472.000000,-0.000000
-7956.999999,13781.928276
-6594.500001,-11422.009050
0.000000,-0.000000
-3082.499999,5339.046615
7883.000001,13653.756516
-470.000000,0.000000
964.500000,-1670.563004
8996.500000,15582.395090
21350.000000,-0.000007
9763.999998,-16911.744086
-4907.500002,-8500.039337
-19499.000000,0.000000
-12.000000,20.784610
-3063.500001,-5306.137649
-346.000000,0.000000
-6578.999997,11395.162265
712.500000,1234.086200
304.000000,-0.000000
194.000000,-336.017857
-545.000000,-943.967690
-18378.000000,0.000002
-12552.999997,21742.433789
-5924.000002,-10260.668983
-349.000000,0.000000
-3491.999999,6048.321420
13275.000003,22992.974469
-467.000000,0.000000
2720.500000,-4712.044222
-8219.000001,-14235.725587
21995.000000,-0.000003
-8174.000000,14157.783301
3534.000002,6121.067553
-18981.000000,0.000002
9385.999997,-16257.028881
4809.000002,8329.432333
16827.000000,-0.000001
-2366.500000,4098.898236
6305.500002,10921.446366
-1977.000000,0.000000
5416.500000,-9381.653199
-9916.500002,-17175.881832
-3149.000000,0.000001
-4786.499998,8290.461191
3909.000002,6770.586606
-476.000000,0.000000
-13478.499996,23345.446812
7793.500000,13498.737969
0.000000,-0.000000
-8906.999998,15427.376544
5281.500002,9147.826339
0.000000,-0.000000
-6287.999999,10891.135478
724.000000,1254.004785
2.000000,-0.000000
-1490.499999,2581.621729
-2858.000001,-4950.201207
303.000000,-0.000000
2249.499999,-3896.248292
-12488.000000,-21629.850485
-18553.000000,0.000001
-7401.999998,12820.640079
8727.000003,15115.607396
-21871.000000,0.000005
8119.499999,-14063.386533
-1904.500000,-3298.690763
-2194.000000,0.000000
-1490.999999,2582.487754
1081.000000,1872.346923
819.000000,-0.000000
945.000000,-1636.788013
2999.000000,5194.420372
-130.000000,0.000000
4841.999999,-8386.590011
-4162.000001,-7208.795460
15880.000000,-0.000000
4013.499999,-6951.585916
14293.500003,24757.068216
-2628.000000,0.000001
9135.999996,-15824.016180
5349.000001,9264.739769
-1678.000000,0.000000
0.000000,0.000000
-9516.500000,-16483.061510
-2028.000000,0.000001
5066.999999,-8776.301443
84.000000,145.492268
-21654.000000,0.000001
813.000000,-1408.157307
14035.000004,24309.333082
16184.000000,-0.000003
5082.499998,-8803.148231
13828.500002,23951.664591
174.000000,-0.000000
-4550.500000,7881.697200
-2890.000000,-5005.626834
-19029.000000,0.000002
8431.999998,-14604.652411
5573.500002,9653.585175
301.000000,-0.000000
-3804.499999,6589.587298
-5070.000001,-8781.497594
174.000000,-0.000000
4650.000000,-8054.036255
4657.500001,8067.026636
-3318.000000,0.000001
-8699.500000,15067.976000
12861.500006,22276.771458
819.000000,-0.000000
-3576.999999,6195.545739
-5722.000002,-9910.794720
168.000000,-0.000000
5601.499999,-9702.082599
4626.000001,8012.467035
-2971.000000,0.000001
209.000000,-361.998619
14046.500003,24329.251667
19677.000000,-0.000003
8356.500000,-14473.882573
-13738.500007,-23795.780016
2672.000000,-0.000000
-499.000000,864.293353
-13158.000000,-22790.324526
-19547.000000,0.000001
492.000000,-852.168997
9872.000003,17098.805571
-19373.000000,0.000005
-4723.999999,8182.208015
1576.000000,2729.712073
301.000000,0.000000
-1112.500000,1926.906524
74.500000,129.037785
349.000000,-0.000000
-8238.999997,14270.366605
7616.000000,13191.298950
19026.000000,-0.000001
4919.499999,-8520.823948
-594.000000,-1028.838180
175.000000,-0.000000
-357.000000,618.342138
-14614.500003,-25313.056525
1847.000000,-0.000000
-9495.499996,16446.688446
-44.500000,-77.076261
2498.000000,-0.000000
-5621.499998,9736.723616
-4549.500000,-7879.965149
-173.000000,0.000000
4939.499999,-8555.464965
5037.500002,8725.205942
-472.000000,0.000000
3539.499999,-6130.593834
996.500000,1725.988630
22176.000000,-0.000004
1015.500000,-1758.897595
3659.000001,6337.573905
2323.000000,-0.000000
9110.500000,-15779.848882
-13082.000001,-22658.688664
-16832.000000,0.000002
-14120.999996,24458.289456
-225.500000,-390.577457
18683.000000,-0.000001
2933.000000,-5080.105019
5858.000002,10146.353630
-2669.000000,0.000001
175.500000,-303.974917
9142.000002,15834.408482
-18513.000000,0.000003
-11742.500000,20338.606608
7113.500001,12320.943419
19197.000000,-0.000002
-4020.499999,6963.710272
2887.000001,5000.430681
16877.000000,-0.000001
3613.499999,-6258.765594
-8540.000002,-14791.713895
-2151.000000,0.000000
13620.499999,-23591.398025
-497.000000,-860.829251
-177.000000,0.000000
710.000000,-1229.756073
-14193.500001,-24583.863136
-19674.000000,0.000002
-8413.499997,14572.609471
13780.500006,23868.526151
301.000000,-0.000000
4295.499999,-7440.024244
-3653.000001,-6327.181599
651.000000,-0.000000
6569.999999,-11379.573806
7421.000002,12853.549042
-819.000000,0.000000
33.500000,-58.023702
-7969.500004,-13803.578909
2495.000000,-0.000000
3330.499999,-5768.595215
-4790.000000,-8296.523368
2844.000000,-0.000000
-7969.999998,13804.444937
-1898.000001,-3287.432432
18378.000000,-0.000005
3148.500000,-5453.361968
-4682.500001,-8110.327906
-2151.000000,-0.000000
-9471.999996,16405.985252
-138.000000,-239.023011
-2498.000000,0.000000
3586.999999,-6212.866247
6227.000000,10785.480379
-175.000000,0.000000
3880.999999,-6722.089185
-4108.000001,-7115.264717
-18207.000000,0.000005
567.500000,-982.938833
-8606.000002,-14906.029249
-2368.000000,-0.000000
4019.999998,-6962.844247
-344.500000,-596.691503
176.000000,-0.000000
724.500000,-1254.870810
-6313.500000,-10935.302773
-177.000000,0.000000
-1763.000000,3053.605574
7144.000003,12373.770968
-21998.000000,0.000001
-7293.999999,12633.578591
11975.000003,20741.308419
19499.000000,-0.000004
-8449.999996,14635.829326
-6521.000001,-11294.703316
346.000000,-0.000000
-3039.500000,5264.568430
7880.500001,13649.426389
-304.000000,0.000000
1051.500000,-1821.251424
8961.500003,15521.773310
19198.000000,-0.000001
14220.499997,-24630.628511
-757.500000,-1312.028487
-2799.000000,0.000001
-2473.499999,4284.227673
12949.000002,22428.325906
-3148.000000,0.000001
361.500000,-626.136367
13726.000001,23774.129384
174.000000,-0.000000
-12536.499996,21713.854951
8537.000003,14786.517742
298.000000,-0.000000
-194.500000,336.883882
1725.000001,2987.787643
-18677.000000,0.000004
-4680.000000,8105.997780
9331.000002,16161.766084
19150.000000,-0.000003
13069.500000,-22637.038030
-7285.000001,-12617.990133
-21645.000000,0.000003
-53.000000,91.798693
14131.000006,24475.609958
18978.000000,-0.000001
8236.999998,-14266.902503
-12974.500004,-22472.493200
-16004.000000,0.000004
-12208.499999,21145.742285
2369.000001,4103.228363
-222.000000,0.000000
6525.000000,-11301.631519
149.500000,258.941596
-19327.000000,0.000003
3270.499999,-5664.672167
-8164.000000,-14140.462793
19026.000000,-0.000001
-4085.499999,7076.293575
11182.500004,19368.658153
19201.000000,-0.000005
22.000000,-38.105118
-14628.000004,-25336.439211
2709.000000,0.000000
-9340.500000,16178.220568
-1740.000001,-3013.768405
18548.000000,-0.000003
-4983.499998,8631.675201
3301.500000,5718.365741
18900.000000,-0.000002
-1576.500000,2730.578098
-9771.500003,-16924.734464
21866.000000,-0.000006
-1170.000000,2026.499445
-13445.500003,-23288.289131
2369.000000,0.000000
8181.999996,-14171.639710
545.000000,943.967690
21353.000000,-0.000003
8344.999997,-14453.963991
-13777.000001,-23862.463975
2327.000000,-0.000000
718.000000,-1243.612480
-4744.500002,-8217.715055
-16705.000000,0.000001
4103.999999,-7108.336515
-12873.000004,-22296.690044
2329.000000,0.000000
-111.000000,192.257640
-771.000000,-1335.411173
21178.000000,-0.000003
8343.000000,-14450.499887
-12020.500001,-20820.116732
-18983.000000,0.000002
7361.999998,-12751.358047
-3382.000001,-5857.795830
16354.000000,-0.000001
3869.999999,-6703.036626
3981.500000,6896.160291
19544.000000,-0.000005
-96.500000,167.142903
-5383.000001,-9323.629497
210.000000,-0.000000
-3223.000000,5582.399753
11257.000001,19497.695940
16224.000000,-0.000002
-4212.499999,7296.264028
4043.000002,7002.681414
16875.000000,-0.000001
3504.999999,-6070.838081
-358.500000,-620.940214
512.000000,-0.000000
-7204.999999,12479.426069
2034.000000,3522.991342
-135.000000,0.000000
4974.000000,-8615.220717
-4922.500001,-8526.020100
16052.000000,-0.000002
3832.499999,-6638.084721
3178.000001,5504.457466
19243.000000,-0.000001
-8050.499998,13943.875027
7523.500003,13031.084249
19539.000000,-0.000005
5874.499999,-10174.932470
7673.500002,13290.891871
-2627.000000,0.000001
-2374.500000,4112.754643
11469.000002,19864.890711
18376.000000,-0.000003
-7724.999997,13380.092490
7392.500000,12804.185595
2193.000000,-0.000000
-4329.999999,7499.779997
608.500000,1053.952916
2842.000000,-0.000001
-5486.999999,9503.762782
-326.500000,-565.514589
19023.000000,0.000000
-4862.500000,8422.097052
3880.000002,6720.357132
-2450.000000,0.000000
-559.000000,968.216402
3599.500000,6234.516882
17001.000000,-0.000002
-3612.499999,6257.033543
-119.000000,-206.114046
-21527.000000,0.000006
8830.999998,-15295.740683
2191.000001,3794.923319
-18855.000000,-0.000000
4390.500000,-7604.569071
684.500000,1185.588778
18986.000000,-0.000003
4571.999998,-7918.936293
670.500000,1161.340066
-19024.000000,0.000002
-5071.999999,8784.961697
-3937.500002,-6819.950054
-18556.000000,0.000001
-7303.499999,12650.033074
7126.500002,12343.460079
-2191.000000,-0.000000
5187.999997,-8985.879591
-8961.000002,-15520.907286
-2839.000000,0.000000
4185.000000,-7248.632630
277.500000,480.644099
-19376.000000,0.000002
-4002.499999,6932.533358
-4932.000002,-8542.474582
-16354.000000,0.000001
-12161.499997,21064.335898
7902.499999,13687.531507
18809.000000,-0.000005
4724.499998,-8183.074042
-129.500000,-224.300580
-18975.000000,0.000003
-13987.000000,24226.194646
280.000000,484.974226
18978.000000,-0.000002
13069.999996,-22637.904057
194.500000,336.883882
-18846.000000,0.000001
-3103.499999,5375.419682
-4679.000000,-8104.265729
2453.000000,-0.000001
9888.999999,-17128.250437
-4962.500001,-8595.302132
-16875.000000,0.000003
-4175.000000,7231.312122
-12531.000002,-21704.328669
-19195.000000,0.000003
-333.500000,577.638944
14228.000006,24643.618886
18815.000000,-0.000002
9321.999998,-16146.177629
-4852.000002,-8403.910517
-16351.000000,0.000004
-11258.499998,19500.294018
3664.500001,6347.100184
-19071.000000,0.000004
656.500000,-1137.091355
1653.500000,2863.946010
-21735.000000,0.000003
7935.999997,-13745.555211
-7451.000000,-12905.510567
-19068.000000,0.000002
-5268.999999,9126.175706
-13526.000005,-23427.719220
-16224.000000,0.000004
-13464.999998,23322.064125
-5750.500002,-9960.158168
2154.000000,0.000000
-950.500000,1646.314293
-9363.000002,-16217.191710
-645.000000,0.000000
-10060.999996,17426.163177
5380.500000,9319.299370
-2669.000000,0.000000
-538.500000,932.709360
13945.500005,24154.314534
171.000000,-0.000000
-4147.999999,7184.546750
624.000000,1080.799704
645.000000,0.000000
8995.999999,-15581.529065
800.000000,1385.640646
177.000000,-0.000000
-292.500000,506.624861
134.500000,232.960834
21349.000000,-0.000002
-886.500000,1535.463041
-3514.500001,-6087.292562
-18851.000000,0.000001
9036.499998,-15651.677124
224.500000,388.845406
-351.000000,0.000000
-7006.999999,12136.480009
7244.000002,12546.976049
-298.000000,0.000000
512.000000,-886.810013
3900.000000,6754.998149
19029.000000,-0.000002
459.000000,-795.011321
-1277.000001,-2211.828881
-2.000000,0.000000
42.000000,-72.746134
-8654.499999,-14990.033714
-18685.000000,0.000000
-4993.499997,8648.995709
292.000000,505.758836
19029.000000,-0.000004
13322.000000,-23074.380859
4002.500001,6932.533357
19026.000000,-0.000003
1157.500000,-2004.848810
-4702.000002,-8144.102896
-18810.000000,0.000002
9253.999998,-16028.398175
4388.000000,7600.238944
16480.000000,-0.000004
-3535.999999,6124.531656
-106.000000,-183.597386
-21826.000000,0.000004
8055.500000,-13952.535281
6816.000001,11805.658304
171.000000,-0.000000
-4546.999998,7875.635023
9072.000004,15713.164924
19333.000000,-0.000002
6031.999998,-10447.730472
8258.000000,14303.275569
-19026.000000,0.000005
-2713.500000,4699.919867
-4978.000001,-8622.148919
-19204.000000,0.000004
1038.500000,-1798.734764
4209.500001,7291.067874
-2193.000000,0.000000
653.000000,-1131.029177
-162.500000,-281.458256
-2498.000000,0.000000
5439.999998,-9422.356394
14106.500005,24433.174714
-304.000000,0.000000
-4447.499999,7703.295967
9468.000003,16399.057044
21868.000000,0.000000
469.500000,-813.197854
7630.000001,13215.547661
21567.000000,-0.000004
-7594.499997,13154.059860
6516.000001,11286.043062
19066.000000,-0.000002
-2988.499999,5176.233839
11348.000005,19655.312562
16570.000000,-0.000005
-3105.999999,5379.749809
11350.000003,19658.776664
16872.000000,-0.000000
-2299.500000,3982.850832
6690.500001,11588.285927
-304.000000,0.000000
-94.000000,162.812776
-9182.500001,-15904.556540
2495.000000,-0.000000
-13167.499996,22806.779011
3491.000001,6046.589368
3143.000000,-0.000000
8961.999998,-15522.639339
-13676.000004,-23687.526842
-475.000000,0.000000
-4636.999999,8031.519595
3094.000001,5358.965198
18556.000000,-0.000004
-8982.000000,15557.280354
7896.500001,13677.139201
21525.000000,-0.000003
9362.499997,-16216.325688
-3804.000002,-6588.721271
-17001.000000,0.000001
-4660.499999,8072.222789
1544.500000,2675.152472
2450.000000,-0.000000
2709.999999,-4693.857689
-12476.500003,-21609.931899
-18378.000000,0.000004
-396.000000,685.892120
-8181.500001,-14170.773681
-2498.000000,0.000000
12862.499995,-22278.503515
5240.500002,9076.812256
15883.000000,-0.000001
12345.999997,-21383.899272
-2428.500000,-4206.285386
346.000000,-0.000000
3423.999999,-5930.541965
-3725.500001,-6452.755283
3143.000000,-0.000001
8718.499999,-15100.884966
-12903.500002,-22349.517594
2326.000000,-0.000000
-588.500000,1019.311900
-4446.500002,-7701.563915
1681.000000,-0.000000
-899.500000,1557.979702
1278.000000,2213.560932
1983.000000,-0.000001
3514.499999,-6087.292564
-2986.000001,-5171.903711
-16226.000000,0.000004
-2825.500000,4893.909557
4021.000001,6964.576297
-18722.000000,0.000003
1943.499999,-3366.240745
-1284.500000,-2224.819262
-2537.000000,0.000000
5058.999999,-8762.445036
-8488.000000,-14701.647255
-21868.000000,0.000006
-531.000000,919.718979
915.000000,1584.826489
-19201.000000,0.000000
-4756.500000,8238.499666
820.000000,1420.281662
-341.000000,0.000000
404.500000,-700.614552
13565.000001,23495.269204
135.000000,-0.000000
-3629.000000,6285.612380
-5387.500002,-9331.423724
-16055.000000,0.000005
-12400.499997,21478.296041
-5464.000002,-9463.925612
-19542.000000,0.000000
-9391.499999,16266.555160
4320.500001,7483.325514
-213.000000,0.000000
-14149.999994,24508.518931
-5139.000001,-8901.009100
-15877.000000,0.000002
-13364.999996,23148.859046
-5526.000002,-9571.312761
1977.000000,-0.000000
-8.500000,14.722432
429.000000,743.049796
2199.000000,-0.000000
3876.499999,-6714.294956
-204.000000,-353.338365
19029.000000,-0.000004
-2928.000000,5071.444765
12640.500002,21893.988232
-2669.000000,0.000000
8261.999997,-14310.203774
-7657.500003,-13263.179057
-19032.000000,0.000002
-14252.499996,24686.054137
560.000000,969.948452
2669.000000,-0.000000
-6506.999999,11270.454605
1277.500000,2212.694906
19505.000000,-0.000004
13263.499999,-22973.055887
-653.500000,-1131.895203
346.000000,-0.000000
729.000000,-1262.665039
-13802.000007,-23905.765242
169.000000,-0.000000
12343.999997,-21380.435171
-7856.500000,-13607.857170
-3315.000000,0.000000
3705.999999,-6418.980293
4608.500001,7982.156146
-177.000000,0.000000
-13918.499999,24107.549166
-4150.500001,-7188.876876
-18508.000000,0.000003
-1158.000000,2005.714835
5751.500003,9961.890218
16660.000000,-0.000002
3544.499999,-6139.254088
339.500000,588.031249
174.000000,-0.000000
-177.500000,307.439018
-3308.000001,-5729.624071
-19503.000000,0.000005
8637.999999,-14961.454876
5576.000001,9657.915302
-2714.000000,0.000000
1219.000000,-2111.369935
-562.000000,-973.412554
-18854.000000,0.000002
-4713.499999,8164.021482
-8685.500000,-15043.727289
-2.000000,0.000000
-1944.000000,3367.106770
-4712.500001,-8162.289430
19204.000000,-0.000000
-10118.999999,17526.622122
-523.000000,-905.862572
21223.000000,-0.000004
6811.999997,-11798.730103
-8152.500001,-14120.544208
2842.000000,-0.000000
-5880.000000,10184.458748
-13115.500006,-22716.712363
471.000000,-0.000000
5185.999999,-8982.415489
7689.500003,13318.604683
-472.000000,0.000000
-7231.499999,12525.325416
7798.000002,13506.532196
21048.000000,-0.000004
749.000000,-1297.306055
8160.000001,14133.534589
-304.000000,0.000000
-493.500000,854.767074
-2945.000001,-5100.889628
-2325.000000,0.000000
-990.000000,1714.730300
14280.500005,24734.551555
19671.000000,-0.000001
9405.499999,-16290.803871
-5500.500001,-9527.145466
2711.000000,-0.000001
-8313.500000,14399.404389
-714.500000,-1237.550302
18719.000000,-0.000003
4198.499998,-7272.015316
12411.500006,21497.348595
16570.000000,-0.000002
-3920.999999,6791.371217
3048.000000,5279.290862
16745.000000,-0.000001
-4318.499999,7479.861413
12516.500003,21679.213931
16522.000000,-0.000004
5861.500000,-10152.415809
8460.500002,14654.015857
-18812.000000,0.000003
-11652.499996,20182.722038
7317.500004,12674.281782
18848.000000,-0.000002
5094.499999,-8823.932840
4461.000000,7726.678653
-2149.000000,0.000000
-298.500000,517.017166
961.000000,1664.500826
-2329.000000,0.000001
4755.000000,-8235.901590
14075.500003,24379.481140
-2326.000000,0.000000
293.500000,-508.356912
161.000000,278.860180
-2500.000000,0.000000
4842.499999,-8387.456037
3835.500000,6643.280872
-299.000000,0.000000
-13737.999997,23794.913996
-1006.000000,-1742.443112
21997.000000,-0.000005
205.000000,-355.070416
-5871.000001,-10168.870290
-18849.000000,0.000003
347.000000,-601.021630
-8307.000001,-14388.146058
-45.000000,0.000000
356.000000,-616.610088
3441.000000,5959.986829
-19196.000000,0.000006
-6187.499999,10717.064373
8703.000003,15074.038177
-21741.000000,0.000000
8507.999999,-14736.288271
-6436.000002,-11147.478997
-18722.000000,0.000004
-4315.999998,7475.531287
4619.000001,8000.342680
2802.000000,-0.000000
9014.500001,-15613.572005
-13481.000001,-23349.776936
2326.000000,-0.000001
551.000000,-954.359995
-6345.500002,-10990.728398
2197.000000,-0.000000
-7146.999999,12378.967122
6252.000002,10828.781648
18381.000000,-0.000004
-4210.999998,7293.665952
4690.000001,8123.318287
-2672.000000,0.000000
174.000000,-301.376841
9120.000004,15796.303363
-18510.000000,0.000002
-4786.499999,8290.461191
-8176.500003,-14162.113426
18679.000000,-0.000001
3852.499999,-6672.725737
12907.500004,22356.445797
352.000000,-0.000000
-11826.499999,20484.098876
3279.000001,5679.394598
298.000000,-0.000000
5498.500000,-9523.681365
61.500000,106.521125
-19026.000000,0.000002
-4920.499999,8522.555999
-13933.000000,-24132.663902
-346.000000,0.000000
3564.499999,-6173.895104
-3438.000001,-5954.790676
-168.000000,0.000000
2206.500000,-3821.770107
-13025.000003,-22559.961767
3144.000000,0.000000
-8515.999997,14750.144679
-6480.000003,-11223.689231
2027.000000,-0.000000
-1199.500000,2077.594944
-8800.000000,-15242.047107
21175.000000,-0.000001
-1069.000000,1851.562313
-4788.500001,-8293.925291
-18981.000000,0.000005
-8077.499999,13990.640399
12878.500003,22306.216324
16653.000000,-0.000003
4518.499998,-7826.271575
412.500000,714.470958
45.000000,-0.000000
-1187.000000,2055.944309
736.500000,1275.655420
21223.000000,-0.000002
-594.000000,1028.838180
8536.500003,14785.651717
21353.000000,-0.000005
300.500000,-520.481268
-3717.500001,-6438.898877
-16356.000000,0.000003
3154.499999,-5463.754273
-13040.000002,-22585.942530
2797.000000,-0.000000
-8868.999997,15361.558614
-5467.000000,-9469.121765
-168.000000,0.000000
5510.999999,-9545.332001
8046.000003,13936.080796
-647.000000,0.000000
1408.500000,-2439.593563
-887.500000,-1537.195092
3.000000,-0.000000
889.500000,-1540.659194
-1375.500000,-2382.435886
127.000000,-0.000000
-7809.000000,13525.584756
-5956.000000,-10316.094610
-16827.000000,0.000005
-14192.999996,24582.997114
342.500000,593.227402
21476.000000,-0.000001
8368.999999,-14495.533209
-4757.500001,-8240.231716
-18981.000000,0.000004
-7956.999996,13781.928278
3642.000001,6308.129041
16354.000000,-0.000003
3745.000000,-6486.530274
4327.000000,7494.583844
18730.000000,-0.000002
252.000000,-436.476804
9112.500004,15783.312982
2667.000000,-0.000000
-4344.999999,7525.760759
-4132.000001,-7156.833936
-19200.000000,0.000004
33.000000,-57.157677
5412.000001,9373.858970
-515.000000,0.000000
-5660.000000,9803.407571
527.000000,912.790775
2976.000000,-0.000000
-12637.499996,21888.792083
2948.500000,5106.951806
-18899.000000,0.000001
637.000000,-1103.316364
-8526.500003,-14768.331209
-19200.000000,0.000005
-13231.499999,22917.630261
7450.000002,12903.778515
21699.000000,0.000001
489.000000,-846.972845
-713.000000,-1234.952226
19375.000000,-0.000002
12901.999996,-22346.919522
-8996.000000,-15581.529065
-2799.000000,0.000000
-3317.499999,5746.078555
12044.500004,20861.685949
-2847.000000,0.000001
1091.500000,-1890.533457
-542.500000,-939.637563
-18378.000000,-0.000001
-12813.999994,22194.499051
-4963.000003,-8596.168156
2799.000000,-0.000000
-662.000000,1146.617635
-4029.000000,-6978.432704
2326.000000,-0.000000
9089.499998,-15743.475817
-4049.000001,-7013.073719
2025.000000,-0.000001
8344.499999,-14453.097964
-8904.000002,-15422.180389
21351.000000,-0.000004
19.500000,-33.774991
-5356.500001,-9277.730150
2371.000000,-0.000000
8161.999997,-14136.998693
-9038.500001,-15655.141224
21522.000000,-0.000002
-9307.499998,16121.062893
-6611.000002,-11450.587887
-472.000000,0.000000
-3482.999999,6032.732963
13100.500004,22690.731603
-2.000000,0.000000
-4763.499998,8250.624023
-4726.000001,-8185.672116
174.000000,-0.000000
-3479.500000,6026.670785
12940.500001,22413.603475
-3016.000000,0.000000
962.500000,-1667.098902
9860.000004,17078.020960
-18378.000000,0.000001
-4144.499999,7178.484572
-3673.500001,-6362.688641
2802.000000,-0.000001
7801.999996,-13513.460403
-12539.000002,-21718.185075
2151.000000,-0.000000
7813.500000,-13533.378985
-11870.000001,-20559.443085
-19499.000000,0.000002
148.500000,-257.209545
13203.500005,22869.132835
18677.000000,-0.000001
810.000000,-1402.961154
-1143.000000,-1979.734073
216.000000,-0.000000
-777.500000,1346.669503
-3795.500001,-6573.998840
16874.000000,-0.000003
2844.000000,-4925.952497
5149.500001,8919.195633
16700.000000,-0.000002
12325.499996,-21348.392231
-7945.500000,-13762.009691
-21829.000000,0.000001
72.000000,-124.707658
4192.500001,7261.623010
298.000000,-0.000000
-13289.999998,23018.955234
-4636.500001,-8030.653569
2672.000000,0.000000
8488.500000,-14702.513280
161.000000,278.860180
-645.000000,0.000000
-428.000000,741.317746
-4456.000000,-7718.018398
-2368.000000,0.000000
-9763.499998,16910.878061
622.500000,1078.201628
-18207.000000,0.000005
-4312.999999,7470.335133
4830.500001,8366.671425
-177.000000,-0.000000
6044.999997,-10470.247133
13015.500007,22543.507282
-2971.000000,0.000000
-7574.499997,13119.418843
12043.000001,20859.087875
19373.000000,-0.000002
-806.000000,1396.032951
-10004.000004,-17327.436277
22045.000000,-0.000006
-9455.999998,16378.272437
-6626.000002,-11476.568650
-171.000000,-0.000000
-2856.999999,4948.469158
8228.500001,14252.180069
-19547.000000,0.000003
-4204.999998,7283.273647
-2943.000000,-5097.425527
-16874.000000,0.000002
-5760.999998,9978.344703
537.000000,930.111284
2633.000000,-0.000000
-14204.999997,24603.781723
-4810.500001,-8332.030409
2628.000000,-0.000001
507.500000,-879.015785
4862.500001,8422.097051
-17001.000000,0.000003
-3542.500000,6135.789986
8259.000001,14305.007619
21178.000000,-0.000002
-7704.499998,13344.585448
7989.500003,13838.219925
-470.000000,0.000000
-524.000000,907.594623
5323.500002,9220.572473
0.000000,-0.000000
-14568.999993,25234.248220
-576.500000,-998.527290
298.000000,-0.000000
-9157.000000,15860.389245
-102.000000,-176.669182
-18848.000000,0.000002
-4862.499998,8422.097053
-1047.500000,-1814.323221
21479.000000,-0.000001
-8347.999998,14459.160143
-4918.000002,-8518.225871
-16353.000000,0.000004
3198.000000,-5539.098483
-12746.500003,-22077.585617
2498.000000,-0.000000
-1177.500000,2039.489826
-9143.500001,-15837.006558
18508.000000,-0.000002
3598.499999,-6232.784832
120.000000,207.846097
-18981.000000,0.000001
-12629.999997,21875.801701
7332.500002,12700.262545
19499.000000,-0.000005
4918.499999,-8519.091897
-10151.000002,-17582.047746
-2669.000000,-0.000000
3987.000000,-6905.686570
-8034.500004,-13916.162211
-19159.000000,0.000003
-4800.499998,8314.709903
9463.000000,16390.396792
18680.000000,-0.000002
12563.999997,-21761.486348
-3728.500001,-6457.951435
-470.000000,0.000000
-14787.999998,25613.567344
485.000000,840.044642
2495.000000,0.000000
-6628.000000,11480.032753
1769.500001,3064.863903
3146.000000,-0.000000
-4560.499998,7899.017709
4725.500000,8184.806091
0.000000,-0.000000
14402.499996,-24945.861758
4583.000002,7937.988850
-3317.000000,0.000001
-8861.499998,15348.568232
4103.500001,7107.470488
174.000000,0.000000
-14796.999993,25629.155804
-427.500000,-740.451720
472.000000,-0.000000
-8268.999997,14322.328130
8968.500001,15533.897667
-21525.000000,0.000002
1213.000000,-2100.977630
13845.000005,23980.243428
-2022.000000,0.000000
1247.000000,-2159.867357
-1201.000000,-2080.193020
-2196.000000,0.000001
5185.999997,-8982.415490
-9440.000002,-16350.559622
-19328.000000,0.000003
-14400.000000,24941.531629
248.500000,430.414626
21826.000000,-0.000003
8077.499997,-13990.640400
-4267.000002,-7390.660795
2030.000000,-0.000000
77.000000,-133.367912
-218.000000,-377.587076
2146.000000,-0.000001
-12908.499993,22358.177853
4226.500001,7320.512738
-18851.000000,0.000004
1199.000000,-2076.728918
12982.500002,22486.349608
19330.000000,-0.000003
-190.000000,329.089653
-13718.000006,-23760.272975
0.000000,-0.000000
5499.999999,-9526.279442
8408.000003,14563.083188
-19330.000000,0.000005
-4613.499999,7990.816401
-9213.000002,-15957.384089
18851.000000,-0.000004
-4182.000000,7243.436477
11642.000002,20164.535501
-2799.000000,0.000000
-8882.499997,15384.941300
5455.500000,9449.203181
-2154.000000,0.000000
-1009.000000,1747.639265
14298.000005,24764.862444
19671.000000,-0.000005
1093.000000,-1893.131533
2889.000001,5003.894783
2543.000000,0.000000
-7081.000000,12264.651769
7719.500001,13370.566208
21348.000000,-0.000003
9168.999997,-15881.173857
-4385.500000,-7595.908816
2374.000000,-0.000000
21.500000,-37.239092
219.000000,379.319127
21004.000000,-0.000006
7156.999999,-12396.287630
-11761.500003,-20371.515571
-17003.000000,-0.000000
-4415.000000,7647.004316
8887.500005,15393.601549
2324.000000,-0.000000
-5319.999998,9214.510297
-8203.500001,-14208.878799
21530.000000,-0.000002
7485.999998,-12966.132347
1080.000000,1870.614872
-2.000000,0.000000
9598.499998,-16625.089678
237.500000,411.362067
-21183.000000,-0.000000
-8326.999999,14422.787075
4844.000001,8390.054111
16525.000000,-0.000003
12338.999995,-21371.774917
4423.500000,7661.726747
19074.000000,-0.000002
-581.500000,1007.187545
-10214.500004,-17692.032971
21392.000000,-0.000001
-10021.999998,17358.613195
-151.500000,-262.405697
-478.000000,0.000000
-1457.999999,2525.330078
5779.000001,10009.521616
341.000000,-0.000000
-5131.500000,8888.018719
-789.000000,-1366.588087
19376.000000,-0.000002
5126.499998,-8879.358466
2921.000001,5059.320408
18852.000000,-0.000001
995.500000,-1724.256579
-4702.000000,-8144.102897
-16483.000000,0.000004
3330.999998,-5769.461241
-8457.500002,-14648.819704
21474.000000,-0.000004
-9169.000000,15881.173855
-5858.000001,-10146.353630
-19152.000000,0.000003
-106.000000,183.597386
5101.000002,8835.191168
18855.000000,-0.000002
178.500000,-309.171069
7364.500000,12755.688173
21696.000000,-0.000006
-7902.999999,13688.397533
-6002.000002,-10395.768946
-19158.000000,0.000004
-9221.999999,15972.972548
4148.000001,7184.546749
19026.000000,-0.000003
-536.500000,929.245258
-1693.000000,-2932.362017
19203.000000,-0.000002
4712.999999,-8163.155457
-8682.000003,-15037.665109
-21699.000000,0.000006
-618.000000,1070.407399
2073.500001,3591.407349
-19375.000000,-0.000000
3631.000000,-6289.076482
907.000000,1570.970082
2802.000000,-0.000000
-3741.499999,6480.468097
-4874.500000,-8442.881661
2500.000000,-0.000000
9039.499997,-15656.873277
938.000000,1624.663657
0.000000,-0.000000
1245.000000,-2156.403256
8090.000002,14012.291032
-2495.000000,-0.000000
5836.999999,-10109.980564
4507.500001,7807.219015
-2673.000000,0.000000
-312.000000,540.399852
1542.500000,2671.688371
-20874.000000,0.000002
537.500000,-930.977309
9558.000004,16554.941617
123.000000,-0.000000
10018.999998,-17353.417042
-3716.500001,-6437.166826
-19325.000000,0.000000
106.500000,-184.463411
4636.500001,8030.653569
19330.000000,-0.000004
-994.500000,1722.524528
-14537.000002,-25178.822589
177.000000,-0.000000
5617.999998,-9730.661438
-1189.000001,-2059.408410
-22046.000000,0.000002
299.000000,-517.883192
-7625.000003,-13206.887406
-18556.000000,0.000000
-4413.999998,7645.272266
4780.500001,8280.068885
2.000000,-0.000000
14142.500000,-24495.528546
5397.000001,9347.878208
18209.000000,-0.000003
8579.999997,-14860.995931
-89.500000,-155.018547
3013.000000,-0.000000
-11860.499997,20542.988605
2161.500000,3743.827821
343.000000,-0.000000
-2509.999999,4347.447528
12198.000003,21127.555749
15880.000000,-0.000003
4221.500000,-7311.852484
5923.500001,10259.802958
-2625.000000,0.000000
6750.499998,-11692.208978
-3010.000001,-5213.472930
-2202.000000,0.000000
-9495.499998,16446.688445
712.000000,1233.220175
-18677.000000,0.000005
-4714.999999,8166.619558
8475.500002,14679.996618
21651.000000,-0.000005
358.000000,-620.074189
-14045.000002,-24326.653591
-19325.000000,0.000003
11.000000,-19.052559
4106.000000,7111.800616
-2368.000000,0.000000
-8498.499998,14719.833790
-118.000000,-204.381995
475.000000,-0.000000
7686.999999,-13314.274559
-12846.500004,-22250.790697
-18858.000000,-0.000000
-7582.499999,13133.275249
8056.000002,13953.401305
-2669.000000,0.000000
4441.999998,-7693.769688
5353.500001,9272.533998
18550.000000,-0.000002
-462.000000,800.207473
9581.500004,16595.644810
47.000000,-0.000000
8920.999998,-15451.625255
5751.000002,9961.024193
19153.000000,-0.000000
8193.499999,-14191.558292
-13308.000003,-23050.132146
-16658.000000,0.000003
-13927.999994,24124.003651
680.000000,1177.794549
-346.000000,0.000000
7570.499998,-13112.490640
6332.000003,10967.345712
-2193.000000,0.000001
46.500000,-80.540363
461.000000,798.475422
-21527.000000,0.000000
-8226.499999,14248.715969
12848.500003,22254.254799
173.000000,-0.000000
-12675.499995,21954.610015
7056.000001,12221.350498
19502.000000,-0.000003
-2504.999999,4338.787273
8212.000004,14223.601230
-21826.000000,0.000002
1225.500000,-2122.628265
13886.500005,24052.123537
-2027.000000,0.000000
1288.500000,-2231.747466
-1116.500000,-1933.834726
-2326.000000,0.000000
4575.000000,-7924.132445
-4535.000001,-7854.850412
-2802.000000,0.000000
-9011.499997,15608.375854
12247.000006,21212.426237
19373.000000,-0.000002
275.000000,-476.313972
-1612.000000,-2792.065902
21871.000000,-0.000001
-7187.499996,12449.115182
1774.000000,3072.658132
2022.000000,-0.000000
1082.000000,-1874.078974
256.000000,443.405007
2495.000000,-0.000000
4650.999998,-8055.768307
-4982.500002,-8629.943147
-174.000000,0.000000
4732.499999,-8196.930448
-3405.000000,-5897.633000
-298.000000,0.000000
2825.999999,-4894.775582
-94.500000,-163.678801
19330.000000,-0.000004
4615.000000,-7993.414477
-8499.000002,-14720.699813
-19026.000000,0.000003
-4152.499998,7192.340979
4119.500000,7135.183302
-19376.000000,0.000002
-7938.999998,13750.751363
4213.000000,7297.130052
301.000000,-0.000000
-6136.999999,10629.595807
-12760.000004,-22100.968302
523.000000,-0.000000
4682.000000,-8109.461881
12089.000003,20938.762211
16181.000000,-0.000003
-3437.999999,5954.790677
-87.000000,-150.688420
-21009.000000,0.000003
452.500000,-783.752990
9598.000004,16624.223649
-2329.000000,0.000001
5793.999999,-10035.502380
13247.500004,22945.343071
16705.000000,-0.000000
4723.499999,-8181.341990
177.000000,306.572993
-2327.000000,0.000000
4534.499998,-7853.984388
1254.500000,2172.857738
-21353.000000,0.000003
8104.000001,-14036.539744
-8182.000004,-14171.639705
-2369.000000,0.000001
4199.999999,-7274.613392
-8429.500003,-14600.322281
-21866.000000,0.000000
-427.000000,739.585695
681.500000,1180.392625
-18900.000000,0.000004
-5183.499998,8978.085362
-12368.500002,-21422.870412
-18548.000000,0.000003
-426.000000,737.853644
-147.500000,-255.477494
-2715.000000,0.000000
4436.999999,-7685.109434
-8019.000003,-13889.315424
-19156.000000,0.000001
2204.500000,-3818.306005
-7103.000002,-12302.756885
19200.000000,-0.000004
3156.500000,-5467.218374
3982.500001,6897.892341
16528.000000,-0.000003
4885.999998,-8462.800247
203.500000,352.472339
-21313.000000,0.000002
983.000000,-1702.605944
12993.000000,22504.536143
16697.000000,-0.000001
-3024.999999,5239.453693
12413.500003,21500.812698
16403.000000,-0.000004
13315.999999,-23063.988554
5854.000001,10139.425427
-2332.000000,0.000000
1211.000000,-2097.513528
8559.500004,14825.488885
-21012.000000,0.000002
-8272.499998,14328.390307
4710.500000,8158.825329
16699.000000,-0.000001
2837.499999,-4914.694167
4279.000001,7411.445405
17049.000000,-0.000004
-3144.500000,5446.433765
6821.500001,11815.184583
-2633.000000,0.000000
5947.999998,-10302.238205
3896.000000,6748.069946
-2631.000000,0.000000
-8035.499997,13917.894266
11824.000000,20479.768749
17176.000000,-0.000001
-2581.999999,4472.155185
6476.000002,11216.761029
346.000000,-0.000000
-7632.499999,13219.877789
-6198.000001,-10735.250905
2664.000000,-0.000000
487.000000,-843.508743
-5189.500001,-8988.477666
-475.000000,0.000000
5633.500000,-9757.508224
13363.000000,23145.394941
18725.000000,-0.000006
-557.500000,965.618325
-666.000000,-1153.545838
18725.000000,-0.000000
-3837.999999,6647.611000
13125.500003,22734.032873
-475.000000,0.000000
3061.499999,-5302.673548
-7497.500001,-12986.050929
3315.000000,-0.000000
-5719.500000,9906.464594
-14140.000006,-24491.198415
-168.000000,0.000000
4614.999999,-7993.414478
4833.000002,8371.001552
-518.000000,0.000000
4284.499999,-7420.971685
-3018.500001,-5228.195362
-16356.000000,0.000003
-3557.999998,6162.636774
8464.000001,14660.078034
-346.000000,0.000000
-8711.500000,15088.760610
5340.000003,9249.151311
-2664.000000,0.000000
7379.999998,-12782.534961
6492.500002,11245.339867
301.000000,-0.000000
-4842.499999,8387.456036
-4264.000001,-7385.464643
-15708.000000,0.000003
-12121.999999,20995.919890
2562.500000,4438.380194
-518.000000,0.000000
5632.499998,-9755.776175
4766.000002,8254.954148
3.000000,-0.000000
-3789.999999,6564.472561
4499.500000,7793.362609
2.000000,-0.000000
13113.999997,-22714.114292
-3666.000001,-6349.698260
-344.000000,0.000000
-13880.499999,24041.731235
-5308.000001,-9193.725686
-18722.000000,0.000003
-416.000000,720.533136
-8749.500004,-15154.578538
-19246.000000,0.000002
-13668.499996,23674.536466
-3763.000000,-6517.707189
-16351.000000,0.000001
3645.999999,-6315.057245
75.500000,130.769836
18815.000000,-0.000005
4704.499999,-8148.433025
-9580.000002,-16593.046735
-19195.000000,0.000004
-12402.999995,21482.626169
3318.500000,5747.810605
-16877.000000,0.000002
-3611.499999,6255.301492
658.500000,1140.555457
1985.000000,-0.000000
2524.999999,-4373.428289
-6943.500002,-12026.494781
2633.000000,-0.000000
-6053.499999,10484.969564
-3253.500001,-5635.227302
-16226.000000,0.000003
-3982.499998,6897.892342
5027.500001,8707.885435
-18899.000000,0.000003
537.000000,-930.111284
1103.000000,1910.452041
-171.000000,0.000000
-84.000000,145.492268
9138.500003,15828.346303
21226.000000,-0.000001
8857.499999,-15341.640029
-797.500000,-1381.310519
21700.000000,-0.000004
-8045.499996,13935.214774
-6614.000001,-11455.784041
2193.000000,-0.000000
-866.000000,1499.955999
-9083.500001,-15733.083510
0.000000,-0.000000
-86.000000,148.956369
-29.500000,-51.095499
-2368.000000,0.000000
14602.499997,-25292.271919
1125.000000,1948.557158
-19503.000000,0.000004
3452.499998,-5979.905414
-7701.500001,-13339.389294
298.000000,-0.000000
-8326.500000,14421.921049
7006.500003,12135.613981
349.000000,-0.000000
-8258.499998,14304.141596
-1761.000001,-3050.141472
19026.000000,-0.000001
-4581.499999,7935.390775
-1706.500001,-2955.744703
-473.000000,0.000000
-9395.499999,16273.483363
192.500000,333.419780
2664.000000,-0.000000
-5545.999998,9605.953780
-4584.000002,-7939.720901
349.000000,-0.000000
3880.999999,-6722.089185
-5317.000000,-9209.314144
16007.000000,-0.000001
-4488.499999,7774.310050
-898.500000,-1556.247650
-18809.000000,0.000004
-5804.999999,10054.554938
-9082.000002,-15730.485433
18674.000000,0.000001
-4173.499998,7228.714046
13050.500007,22604.129060
-123.000000,0.000000
2912.499999,-5044.597978
-7971.000000,-13806.176987
22342.000000,-0.000002
120.500000,-208.712122
-6451.500002,-11174.325784
-470.000000,0.000000
5838.999999,-10113.444666
3458.000001,5989.431692
-523.000000,0.000000
-13143.999994,22766.075818
-5290.000001,-9162.548772
-16181.000000,0.000002
-14140.999995,24492.930473
-976.500000,-1691.347614
21175.000000,-0.000002
-9736.999998,16864.978715
-801.000000,-1387.372697
-123.000000,0.000000
-492.500000,853.035023
3985.500001,6903.088493
19671.000000,-0.000004
1008.000000,-1745.907214
-6465.000001,-11197.708470
517.000000,-0.000000
6325.500000,-10956.087383
-1809.000000,-3133.279911
-2503.000000,0.000000
-1987.999999,3443.317006
6604.000002,11438.463532
-2630.000000,0.000000
-2482.500000,4299.816130
11510.000003,19935.904793
16398.000000,-0.000004
-3105.499999,5378.883784
11392.500002,19732.388824
16398.000000,-0.000003
-2957.000000,5121.674238
11748.000001,20348.132887
-2151.000000,0.000001
-8537.999998,14788.249796
93.000000,161.080725
472.000000,-0.000000
755.500000,-1308.564385
3566.000001,6176.493179
-19204.000000,0.000004
787.000000,-1363.123986
-7627.000001,-13210.351508
-21525.000000,0.000004
-473.500000,820.126057
14152.000001,24511.983028
17006.000000,-0.000002
6075.499998,-10523.074682
7497.500003,12986.050928
-2495.000000,0.000000
5585.999999,-9675.235812
-9126.000003,-15806.695668
-19026.000000,0.000005
-4380.500000,7587.248563
-4701.500001,-8143.236871
2453.000000,-0.000000
8643.500000,-14970.981155
-12160.000006,-21061.737816
-17176.000000,0.000002
-5656.499998,9797.345394
1730.500000,2997.313922
-2.000000,0.000000
6884.999998,-11925.169811
-3497.000001,-6056.981673
16708.000000,-0.000004
2982.500000,-5165.841534
-4167.500001,-7218.321740
19200.000000,0.000001
7315.499997,-12670.817685
-13089.500007,-22671.679042
-18855.000000,0.000003
-277.000000,479.778074
-7644.000000,-13239.796373
-21572.000000,0.000002
8686.999998,-15046.325367
1840.500001,3187.839511
-21217.000000,0.000005
9834.499999,-17033.853668
965.500000,1672.295055
-39.000000,-0.000000
8809.999996,-15259.367617
-12962.500002,-22451.708592
-16872.000000,0.000002
-4056.499999,7026.064102
-5289.000000,-9160.816721
-16874.000000,0.000002
-12997.499997,22512.330373
-778.500000,-1348.401554
-515.000000,0.000000
-10028.999998,17370.737550
5620.000002,9734.125538
-168.000000,0.000000
2696.499999,-4670.475003
1780.000000,3083.050437
3143.000000,-0.000000
-4648.000000,8050.572154
-4756.500000,-8238.499666
2676.000000,-0.000000
45.000000,-77.942286
-1760.500001,-3049.275446
21009.000000,-0.000001
-8354.499998,14470.418473
-6056.000002,-10489.299690
-16702.000000,0.000004
-12476.499994,21609.931904
4374.500001,7576.856257
-16699.000000,0.000003
-3952.500000,6845.930817
9286.000001,16083.823799
21313.000000,-0.000002
955.000000,-1654.108521
4379.000002,7584.650485
-16525.000000,0.000001
-2887.499999,5001.296707
5014.500002,8685.368774
-18899.000000,0.000004
776.000000,-1344.071427
-13.500000,-23.382686
301.000000,-0.000000
-475.500000,823.590159
-14464.000002,-25052.382880
-298.000000,0.000000
-3406.999999,5901.097102
11344.000005,19648.384358
18207.000000,-0.000001
-818.500000,1417.683586
-8173.500003,-14156.917274
2844.000000,-0.000001
-4962.499999,8595.302133
4649.000001,8052.304204
3143.000000,-0.000001
10213.500000,-17690.300923
-4341.000002,-7518.832554
-645.000000,0.000000
13113.499996,-22713.248268
-3923.500000,-6795.701343
-2844.000000,0.000000
-9216.499998,15963.446269
542.000000,938.771538
-21355.000000,0.000005
7197.999999,-12467.301713
-1408.000000,-2438.727537
-2495.000000,-0.000000
7279.000000,-12607.597828
5721.000003,9909.062668
19327.000000,-0.000003
1054.500000,-1826.447577
4576.000000,7925.864495
-16312.000000,0.000001
4766.499999,-8255.820175
1157.000000,2003.982784
18680.000000,-0.000005
13429.499998,-23260.576322
5559.500001,9629.336464
-2669.000000,-0.000000
9383.499996,-16252.698755
1685.500000,2919.371636
-18682.000000,0.000003
3362.499999,-5824.020841
-8400.000001,-14549.226783
21178.000000,-0.000002
-9999.999997,17320.508077
-1392.500001,-2411.880749
2673.000000,-0.000000
-14110.999997,24440.968947
-4713.500001,-8164.021481
2842.000000,0.000000
-1232.499999,2134.752621
521.500000,903.264496
19026.000000,-0.000003
5026.500000,-8706.153384
8634.500001,14955.392697
-2320.000000,0.000000
13617.499996,-23586.201874
-7911.500003,-13703.119962
-177.000000,0.000000
-424.500000,735.255568
-3460.000001,-5992.895794
-19503.000000,0.000005
8485.999996,-14698.183156
5488.500001,9506.360857
-2196.000000,0.000000
-7124.000000,12339.129953
7082.000001,12266.383819
-1849.000000,0.000000
6321.999998,-10950.025207
-1675.500001,-2902.051128
-304.000000,0.000000
-8517.999998,14753.608780
-345.000000,-597.557529
21397.000000,-0.000005
7788.999996,-13490.943743
-582.500000,-1008.919595
19026.000000,-0.000004
4918.000000,-8518.225872
-9645.000001,-16705.630038
-21183.000000,0.000003
-7765.499997,13450.240548
8571.000004,14845.407470
-2332.000000,0.000000
13980.999997,-24215.802343
4237.000001,7338.699271
16398.000000,-0.000004
-3217.500000,5572.873474
12292.500003,21291.234550
16745.000000,-0.000003
5324.000000,-9221.438500
12605.000002,21832.500428
16223.000000,-0.000002
5270.999998,-9129.639808
3734.500000,6468.343741
512.000000,-0.000000
-12009.999997,20801.930201
2246.000001,3890.186113
343.000000,-0.000000
-3470.999999,6011.948353
3231.000001,5596.256159
18375.000000,0.000000
-610.000000,1056.550993
408.500000,707.542755
45.000000,-0.000000
8738.999997,-15136.392009
4755.000000,8235.901590
19021.000000,-0.000002
370.500000,-641.724824
-269.500000,-466.787693
44.000000,-0.000000
-850.500000,1473.109212
4581.500001,7935.390774
19674.000000,0.000000
-8311.999999,14396.806313
2739.000001,4744.087162
0.000000,-0.000000
5552.999998,-9618.078136
-55.500000,-96.128820
-19674.000000,0.000002
-13954.499996,24169.902997
903.000000,1564.041879
-44.000000,0.000000
8207.499998,-14215.807004
807.000000,1397.765002
-19195.000000,-0.000000
-11731.499994,20319.554052
7676.500002,13296.088023
2154.000000,-0.000000
-5510.500000,9544.465975
-7518.000001,-13021.557971
2804.000000,-0.000000
3558.999999,-6164.368825
-4357.500002,-7547.411393
-18722.000000,0.000001
645.500000,-1118.038796
-8024.000003,-13897.975678
-21570.000000,0.000005
-724.000000,1254.004785
697.500000,1208.105438
-21051.000000,0.000004
-7560.000000,13094.304105
7320.500001,12679.477936
-2495.000000,0.000000
-2560.499999,4434.916093
12715.000005,22023.026015
18380.000000,-0.000001
8632.499998,-14951.928598
-89.500000,-155.018547
3013.000000,-0.000001
-12918.499993,22375.498362
-4791.500001,-8299.121444
174.000000,-0.000000
12813.499999,-22193.633023
4301.500001,7450.416548
18680.000000,-0.000003
-6917.499998,11981.461463
2338.500001,4050.400813
-19325.000000,0.000002
1005.000000,-1740.711062
5238.000002,9072.482129
-50.000000,0.000000
-5036.999999,8724.339918
-3318.000001,-5746.944579
-18674.000000,0.000004
-1018.000000,1763.227722
5838.500001,10112.578639
18983.000000,-0.000003
7114.499997,-12322.675472
-11955.000001,-20706.667404
-18852.000000,0.000002
728.000000,-1260.932988
9676.000004,16759.323612
-21223.000000,0.000006
655.500000,-1135.359304
1115.000000,1931.236650
-2543.000000,-0.000000
13457.999999,-23309.939769
1392.000000,2411.014724
-19154.000000,0.000003
-3514.499999,6087.292564
8251.000001,14291.151213
18851.000000,-0.000002
5318.499998,-9211.912221
4670.000002,8088.677270
-2149.000000,0.000001
9126.999998,-15808.427722
1122.500000,1944.227031
-1678.000000,-0.000000
14700.999999,-25462.878923
-740.000000,-1281.717598
-2842.000000,0.000000
6438.499997,-11151.809126
-149.500000,-258.941596
-19199.000000,0.000002
3792.499999,-6568.802688
-11420.000005,-19780.020220
-18900.000000,0.000001
645.500000,-1118.038796
10032.500003,17376.799725
-21868.000000,0.000000
9482.999995,-16425.037811
5252.500001,9097.596866
-2193.000000,0.000000
-8399.500000,14548.360758
-1320.500000,-2287.173091
176.000000,-0.000000
-9414.499997,16306.392330
-975.500000,-1689.615563
-347.000000,0.000000
-8356.999998,14474.748600
8970.500003,15537.361768
-18375.000000,0.000000
-3047.999998,5279.290862
4594.000001,7957.041409
-47.000000,0.000000
13664.999999,-23668.474286
-8220.000001,-14237.457638
-19328.000000,0.000003
-13114.499995,22714.980318
8217.500004,14233.127509
19198.000000,-0.000002
4217.999999,-7305.790307
4196.000000,7267.685189
16708.000000,-0.000004
4889.999997,-8469.728451
-1501.000000,-2599.808262
-5.000000,0.000000
1542.000000,-2670.822345
-4758.000001,-8241.097742
-16832.000000,0.000003
-4873.999998,8442.015637
31.000000,53.693575
21657.000000,-0.000002
-201.500000,349.008238
-5359.500000,-9282.926303
2329.000000,-0.000001
1750.000000,-3031.088913
3276.000001,5674.198445
-17350.000000,0.000004
-13036.499999,22579.880353
676.000000,1170.866346
2799.000000,-0.000000
-4819.499998,8347.618868
3394.000000,5878.580441
650.000000,-0.000000
-2457.499999,4256.514860
-1825.000001,-3160.992723
-3148.000000,0.000001
3538.499999,-6128.861783
-3128.500001,-5418.720951
-2799.000000,-0.000000
-773.000000,1338.875274
13005.500003,22526.186776
19029.000000,-0.000003
-8820.999996,15278.420176
-1178.500000,-2041.221877
2672.000000,-0.000000
-12908.499996,22358.177852
4224.500002,7317.048636
-18725.000000,0.000006
10095.499998,-17485.918929
1652.000001,2861.347934
-21570.000000,0.000000
8971.499999,-15539.093821
-7839.000002,-13577.546280
-21046.000000,0.000004
-707.000000,1224.559921
-8430.000001,-14601.188307
-2369.000000,0.000000
4328.999999,-7498.047947
-19.000000,-32.908965
-21348.000000,0.000002
-488.500000,846.106820
-8163.500003,-14139.596766
-2374.000000,0.000000
5099.499999,-8832.593094
9482.000002,16423.305756
-21821.000000,0.000004
1244.000000,-2154.671205
13145.500002,22768.673890
19150.000000,-0.000003
1006.500000,-1743.309138
-4727.000002,-8187.404166
-18978.000000,0.000002
1051.000000,-1820.385399
13144.000005,22766.075812
18508.000000,-0.000001
532.500000,-922.317055
-1046.500000,-1812.591170
2675.000000,-0.000001
-3644.500000,6312.459168
-4444.500001,-7698.099814
-18725.000000,0.000003
8807.499997,-15255.037489
-6812.000003,-11798.730099
-21744.000000,0.000002
7640.999998,-13234.600222
-6239.000000,-10806.264989
-18852.000000,0.000001
3437.999998,-5954.790678
-148.500000,-257.209545
19327.000000,-0.000004
-3497.500000,6057.847700
-2060.500000,-3568.890689
44.000000,-0.000000
-9342.999996,16182.550697
-213.500000,-369.792847
18894.000000,-0.000002
12532.499996,-21706.926748
5268.500000,9125.309680
16052.000000,-0.000005
12359.499998,-21407.281957
-2551.500001,-4419.327635
45.000000,-0.000000
-6615.499999,11458.382118
-73.500000,-127.305734
21995.000000,-0.000004
-7939.499997,13751.617389
3451.000000,5977.307337
-18854.000000,0.000002
8961.499997,-15521.773314
-8252.000003,-14292.883262
-173.000000,0.000000
-9686.499998,16777.510149
-579.500000,-1003.723443
20882.000000,-0.000000
-593.000000,1027.106129
9589.000002,16608.635193
2495.000000,-0.000000
5051.499998,-8749.454656
-4015.500000,-6955.050018
-18856.000000,0.000002
964.000000,-1669.696978
3618.500002,6267.425846
19026.000000,-0.000006
-8050.499998,13943.875027
6176.000002,10697.145786
19550.000000,-0.000000
-3619.500000,6269.157898
-769.500000,-1332.813096
-2500.000000,0.000000
5287.999998,-9159.084672
9631.000001,16681.381327
-22172.000000,0.000003
1319.500000,-2285.441041
13771.500006,23852.937693
-45.000000,0.000000
-3728.999999,6458.817462
-4057.500001,-7027.796151
-15875.000000,0.000000
4745.499999,-8219.447108
-3861.000001,-6687.448167
2455.000000,-0.000000
1685.500000,-2919.371636
4435.500001,7682.511357
-19542.000000,0.000003
10183.999996,-17639.205426
805.500000,1395.166925
-18724.000000,0.000002
-3242.499999,5616.174744
-5969.500002,-10339.477295
301.000000,-0.000000
-1937.500000,3355.848440
6607.000002,11443.659685
-470.000000,0.000000
740.000000,-1281.717598
-487.000000,-843.508743
21525.000000,-0.000003
728.000000,-1260.932988
3808.000002,6595.649474
2025.000000,-0.000000
1157.500000,-2004.848810
9220.500000,15970.374471
2498.000000,-0.000000
-4656.999997,8066.160612
-4971.500001,-8610.890589
132.000000,-0.000000
-2718.500000,4708.580121
8239.500002,14271.232628
-19373.000000,0.000003
4072.999998,-7054.642940
-11376.500006,-19704.676009
-18553.000000,0.000002
-510.500000,884.211937
1093.000000,1893.131533
-3013.000000,0.000000
12865.499997,-22283.699666
6065.000002,10504.888147
174.000000,-0.000000
-3589.000000,6216.330349
3137.500001,5434.309408
171.000000,-0.000000
-3365.999999,5830.083019
4508.500001,7808.951066
-3318.000000,0.000000
-1823.499999,3158.394648
6860.500000,11882.734565
817.000000,-0.000000
3804.999999,-6590.453323
-4690.000002,-8123.318287
346.000000,-0.000000
4537.999999,-7860.046565
-4322.500001,-7486.789615
18854.000000,-0.000004
-324.500000,562.050487
4114.000001,7125.657022
2847.000000,-0.000000
10094.500001,-17484.186877
-4159.500002,-7204.465333
2146.000000,-0.000001
10257.999998,-17767.377185
-4865.500002,-8427.293203
-19501.000000,0.000000
-75.000000,129.903811
-4650.000001,-8054.036255
18855.000000,-0.000004
-9423.999996,16322.846813
7613.500001,13186.968823
21874.000000,-0.000003
975.000000,-1688.749537
4033.000002,6985.360906
2019.000000,-0.000000
1408.500000,-2439.593563
8505.500003,14731.958142
2022.000000,-0.000000
-4167.499999,7218.321741
-1213.000000,-2100.977629
21525.000000,-0.000005
-8893.999999,15404.859883
-1482.000000,-2566.899297
-473.000000,0.000000
-10094.999996,17485.052905
5488.500003,9506.360856
648.000000,-0.000000
-4756.499999,8238.499667
4650.000002,8054.036254
472.000000,-0.000000
13976.999997,-24208.874139
-8250.500002,-14290.285187
-21693.000000,0.000005
302.500000,-523.945369
74.500000,129.037785
-47.000000,0.000000
1617.999999,-2802.458207
3719.500002,6442.362978
-16653.000000,0.000002
-3501.499999,6064.775903
-1373.500000,-2378.971784
18981.000000,-0.000001
-3609.499999,6251.837390
-43.500000,-75.344210
-21995.000000,0.000005
8218.999999,-14235.725588
5497.500001,9521.949314
467.000000,-0.000000
-13199.499995,22862.204638
-4877.000002,-8447.211787
346.000000,-0.000000
4616.499999,-7996.012554
12595.500000,21816.045947
18550.000000,-0.000001
-7705.499998,13346.317499
7894.000003,13672.809073
21744.000000,-0.000005
8838.999999,-15309.597089
-565.000000,-978.608706
19023.000000,-0.000004
5926.499997,-10264.999113
-1331.500000,-2306.225650
-21178.000000,0.000003
-6521.999998,11296.435368
7081.000000,12264.651768
-2374.000000,0.000001
5391.999999,-9339.217955
-9169.000003,-15881.173853
-21348.000000,0.000000
463.000000,-801.939524
-20.000000,-34.641016
-2543.000000,0.000001
13360.499994,-23141.064818
-7005.500001,-12133.881932
-19024.000000,0.000003
3986.500000,-6904.820544
-4861.500000,-8420.365001
2971.000000,-0.000001
-7564.999998,13102.964360
-5615.500002,-9726.331309
-168.000000,0.000000
12669.999998,-21945.083733
-8583.500002,-14867.058105
-822.000000,0.000000
-1081.999999,1874.078974
-9188.500002,-15914.948844
2365.000000,-0.000000
-13591.000000,23540.302525
8262.000004,14310.203770
19373.000000,-0.000002
12424.999997,-21520.731286
-4399.000002,-7619.291502
16875.000000,-0.000001
-4756.499999,8238.499667
-732.500000,-1268.727216
-2156.000000,0.000000
5346.500000,-9260.409643
9182.500002,15904.556540
-304.000000,0.000000
9276.999996,-16068.235344
444.000000,769.030558
21693.000000,-0.000002
86.000000,-148.956369
-5695.500002,-9864.895373
47.000000,-0.000000
-4346.999999,7529.224861
2965.500001,5136.396669
16007.000000,-0.000004
-4402.500000,7625.353681
-908.500000,-1573.568159
-18505.000000,0.000003
-5351.499998,9269.069898
-12846.000007,-22249.924670
-50.000000,0.000000
5162.999998,-8942.578320
9319.500000,16141.847501
-19325.000000,0.000001
-4505.999999,7804.620939
193.500000,335.151831
19502.000000,-0.000005
4769.999999,-8261.882352
-1837.500000,-3182.643359
-2669.000000,0.000000
-2012.999999,3486.618276
8313.000004,14398.538361
-19159.000000,0.000003
-3856.499999,6679.653940
9306.500000,16119.330840
19499.000000,-0.000001
4886.999999,-8464.532297
-948.500000,-1642.850191
-2968.000000,0.000001
-4444.999999,7698.965840
5125.500001,8877.626413
-650.000000,0.000000
2888.999999,-5003.894784
1954.500000,3385.293303
3148.000000,-0.000000
3469.999999,-6010.216303
-13405.000001,-23218.141075
2799.000000,-0.000000
-8470.999998,14672.202392
-5944.500002,-10296.176024
-19198.000000,0.000001
-326.000000,564.648563
-8889.000002,-15396.199627
-348.000000,0.000000
-74.500000,129.037785
-1070.000000,-1853.294364
-298.000000,0.000000
-8863.500000,15352.032333
3675.500000,6366.152743
18855.000000,-0.000006
-742.500000,1286.047725
399.500000,691.954298
2371.000000,-0.000000
4176.999999,-7234.776224
385.500000,667.705586
124.000000,-0.000000
106.500000,-184.463411
-8770.000002,-15190.085581
-18677.000000,0.000003
-5113.000000,8855.975779
-193.000000,-334.285806
19153.000000,-0.000002
4627.499999,-8015.065113
758.000000,1312.894512
-21995.000000,0.000001
-908.000000,1572.702133
5469.500002,9473.451891
-346.000000,0.000000
-14681.999999,25429.969958
862.500000,1493.893821
2971.000000,-0.000001
3804.000000,-6588.721272
-4002.000002,-6931.667331
-18680.000000,0.000002
227.000000,-393.175533
-4801.000002,-8315.575926
16660.000000,-0.000001
3245.999999,-5622.236922
-9914.500003,-17172.417730
171.000000,-0.000000
-7634.999999,13224.207916
2603.500001,4509.394277
-19162.000000,0.000004
-6941.499997,12023.030682
12108.500006,20972.537200
16354.000000,-0.000002
5052.999998,-8752.052732
4217.000000,7304.058255
19074.000000,-0.000001
7227.499998,-12518.397213
-7826.500003,-13555.895644
21220.000000,-0.000005
-604.000000,1046.158688
9406.500002,16292.535920
2844.000000,0.000000
4854.499998,-8408.240647
-5122.000003,-8871.564235
124.000000,-0.000000
-2954.999999,5118.210137
-207.500000,-359.400543
-19499.000000,0.000002
-6008.999999,10407.893304
314.000000,543.863954
21352.000000,-0.000006
-8604.999999,14904.297200
8088.500002,14009.692956
-168.000000,0.000000
8206.999996,-14214.940980
-6439.000001,-11152.675149
-19032.000000,0.000003
-4638.499998,8034.117672
9004.500001,15596.251496
171.000000,-0.000000
563.000000,-975.144605
4747.000002,8222.045183
17004.000000,-0.000001
13957.499998,-24175.099148
-613.500000,-1062.613170
219.000000,-0.000000
162.000000,-280.592231
-10170.500002,-17615.822737
18677.000000,-0.000003
3349.000000,-5800.638155
-8281.000001,-14343.112737
-18854.000000,0.000002
-4220.499999,7310.120434
4824.500002,8356.279120
2495.000000,-0.000000
8432.499998,-14605.518436
-8755.000003,-15164.104819
20705.000000,-0.000005
-752.000000,1302.502208
41.500000,71.880109
2371.000000,-0.000000
-4450.000000,7707.626094
8138.000001,14095.429472
22170.000000,-0.000003
-7056.999998,12223.082550
1676.500001,2903.783178
-475.000000,0.000000
-2224.000000,3852.080996
12255.000004,21226.282645
-475.000000,0.000000
-4392.000000,7607.167147
-1052.500000,-1822.983475
21694.000000,-0.000004
-8894.500000,15405.725908
-1440.500001,-2495.019188
-129.000000,0.000000
-10124.999997,17537.014429
5023.500002,8700.957231
19370.000000,-0.000001
-643.000000,1113.708669
7611.500002,13183.504720
19547.000000,-0.000005
-3262.500000,5650.815760
-1849.500000,-3203.427968
-2501.000000,0.000000
-2790.500000,4833.287779
7274.500004,12599.803597
-21524.000000,0.000003
-7525.999997,13035.414379
-932.500000,-1615.137378
123.000000,-0.000000
-477.000000,826.188235
-13990.000005,-24231.390795
-19325.000000,0.000005
-9417.999999,16312.454506
4842.000001,8386.590010
19328.000000,0.000001
7135.499997,-12359.048539
-13649.000008,-23640.761468
-295.000000,0.000000
-4465.499998,7734.472882
4874.000000,8442.015636
-523.000000,0.000000
3460.999999,-5994.627846
-3849.500001,-6667.529583
-16178.000000,0.000004
-12056.999998,20883.336588
7828.000002,13558.493720
21476.000000,0.000000
1.000000,-1.732051
-3526.500001,-6108.077173
-18978.000000,0.000003
8425.999997,-14594.260106
4831.000000,8367.537451
16007.000000,-0.000002
-3091.999999,5355.501098
13039.000005,22584.210477
-130.000000,0.000000
4122.999999,-7141.245480
901.500000,1561.443803
515.000000,-0.000000
575.000000,-995.929215
3479.500001,6026.670785
16528.000000,-0.000003
5050.500000,-8747.722604
4726.000000,8185.672116
-2799.000000,0.000000
8607.999997,-14909.493353
6398.000003,11081.661065
168.000000,-0.000000
2768.499999,-4795.182661
-6919.500002,-11984.925562
0.000000,-0.000000
-1729.499999,2995.581872
6476.500001,11217.627054
-168.000000,0.000000
2844.000000,-4925.952497
1590.500000,2754.826809
2799.000000,-0.000000
-4705.499998,8150.165076
-3168.500001,-5488.002983
-16528.000000,0.000001
3598.999999,-6233.650857
1591.000001,2755.692835
-518.000000,0.000000
-586.000000,1014.981773
6152.000001,10655.576567
648.000000,-0.000000
2442.000000,-4229.668072
-11696.000002,-20258.066244
518.000000,-0.000000
12982.499996,-22486.349612
5020.000002,8694.895053
15705.000000,-0.000001
4281.999999,-7416.641559
4886.000002,8462.800245
214.000000,-0.000000
-5272.999999,9133.103909
-877.500000,-1519.874584
19539.000000,-0.000004
-2908.000000,5036.803748
11137.000006,19289.849840
16402.000000,-0.000002
4157.999999,-7201.867259
-4878.500000,-8449.809865
18719.000000,-0.000002
-807.000000,1397.765002
-954.500000,-1653.242496
2709.000000,-0.000001
-12539.999998,21719.917128
8204.500002,14210.610849
19370.000000,0.000000
13271.999999,-22987.778319
5188.500003,8986.745613
16224.000000,-0.000003
5345.999998,-9259.543618
12766.500001,22112.226634
-2458.000000,0.000000
-8840.499998,15312.195166
3821.000001,6618.166135
19541.000000,-0.000005
-8988.999998,15569.404710
6722.000002,11642.845527
18899.000000,0.000000
-2880.999999,4990.038377
11770.000002,20386.238004
-2498.000000,0.000000
-7218.999997,12503.674781
8729.500001,15119.937524
-21057.000000,0.000002
723.500000,-1253.138759
933.500000,1616.869429
-21353.000000,0.000001
88.500000,-153.286496
3878.000001,6716.893031
17001.000000,-0.000004
5481.999997,-9495.102529
-667.500000,-1156.143914
-2450.000000,0.000000
5763.000000,-9981.808804
12339.000001,21371.774914
19026.000000,-0.000002
-118.500000,205.248021
-13825.500006,-23946.468437
2667.000000,-0.000000
-533.500000,924.049106
-3707.500000,-6421.578369
-19499.000000,0.000005
-769.000000,1331.947071
4878.000001,8448.943839
18810.000000,-0.000004
-929.500000,1609.941226
-13797.000002,-23897.104991
-16181.000000,0.000002
-4240.499999,7344.761450
-5719.500002,-9906.464592
2321.000000,-0.000000
-7299.499998,12643.104871
7616.000003,13191.298949
21057.000000,-0.000005
7628.999999,-13213.815612
-8799.500002,-15241.181080
21356.000000,-0.000004
-127.000000,219.970453
-4845.000001,-8391.786162
-16533.000000,0.000002
-2921.999999,5061.052460
3945.000002,6832.940435
-19198.000000,0.000002
-8161.999998,14136.998693
3771.500001,6532.429620
18981.000000,-0.000005
131.000000,-226.898656
-5697.000001,-9867.493450
-18975.000000,0.000004
-278.500000,482.376150
-3624.500001,-6277.818152
18807.000000,-0.000003
-366.500000,634.796621
4457.500000,7720.616475
-16824.000000,0.000002
-4681.499999,8108.595856
1642.500001,2844.893451
2278.000000,-0.000001
-4659.999999,8071.356764
5231.000001,9060.357774
-15877.000000,-0.000000
4355.500000,-7543.947293
-13243.500008,-22938.414866
-515.000000,0.000000
-4819.999998,8348.484894
4702.500000,8144.968922
-515.000000,0.000000
-4744.999999,8218.581083
4227.500002,7322.244788
-15880.000000,0.000005
-12102.999998,20963.010925
-5924.000002,-10260.668983
2630.000000,0.000000
-660.500000,1144.019558
-13393.000003,-23197.356464
1985.000000,-0.000000
8767.499996,-15185.755457
-3480.500000,-6028.402836
-17046.000000,0.000002
5412.499998,-9374.724997
-4129.000002,-7151.637783
-16875.000000,0.000001
-3698.999999,6406.855938
539.500000,934.441411
304.000000,-0.000000
9277.499995,-16069.101370
-238.000000,-412.228092
-1844.000000,0.000000
5232.000000,-9062.089825
-10192.500001,-17653.927855
-2673.000000,0.000000
-3095.499999,5361.563275
8131.500004,14084.171140
-21524.000000,0.000002
472.500000,-818.394007
1189.000000,2059.408410
-174.000000,0.000000
-800.000000,1385.640646
174.500000,302.242866
-645.000000,0.000000
-1318.500000,2283.708990
-3928.000001,-6803.495572
476.000000,-0.000000
-6236.999998,10802.800888
-12878.500006,-22306.216322
2669.000000,-0.000000
-75.000000,129.903811
8150.500000,14117.080107
0.000000,-0.000000
-7069.499999,12244.733185
8109.000002,14045.199997
-2498.000000,0.000001
5612.500000,-9721.135158
14096.000002,24414.988182
-2495.000000,0.000000
1040.500000,-1802.198865
9394.500004,16271.751309
470.000000,-0.000000
9986.499997,-17297.125391
-3796.500001,-6575.730890
-19156.000000,0.000005
-117.000000,202.649944
5633.000002,9756.642198
16010.000000,-0.000004
4000.500000,-6929.069256
14001.500003,24251.309381
518.000000,-0.000000
-4701.999998,8144.102898
-3599.500000,-6234.516882
343.000000,-0.000000
4948.999999,-8571.919447
12414.000005,21501.678722
19029.000000,-0.000005
44.000000,-76.210236
-13825.500004,-23946.468438
169.000000,0.000000
4354.500000,-7542.215242
-35.000000,-60.621778
-21997.000000,0.000004
-9306.999996,16120.196868
3827.000000,6628.558440
18981.000000,-0.000002
-8519.499997,14756.206857
3631.000001,6289.076481
-16007.000000,0.000005
-3112.499999,5391.008139
4538.500001,7860.912589
124.000000,-0.000000
6377.499999,-11046.154026
8640.000002,14964.918976
-296.000000,0.000000
100.500000,-174.071106
-756.000000,-1309.430410
18851.000000,-0.000002
-4270.499999,7396.722975
-1160.000000,-2009.178936
-21826.000000,0.000002
-9208.999998,15950.455888
4608.500002,7982.156146
-2678.000000,0.000000
-8881.499995,15383.209250
12771.500003,22120.886887
-1980.000000,0.000000
-7831.500000,13564.555900
12016.000002,20812.322503
17043.000000,-0.000002
-3148.499999,5453.361968
11391.000005,19729.790746
16573.000000,-0.000001
-3150.999999,5457.692095
11392.999999,19733.254851
18896.000000,-0.000001
-7766.499996,13451.972599
8385.500002,14524.112046
-2.000000,0.000000
9418.999999,-16314.186557
491.500000,851.302972
-19203.000000,0.000003
-13092.999995,22677.741226
784.500000,1358.793858
2669.000000,-0.000000
2913.499999,-5046.330028
236.000000,408.763991
19029.000000,-0.000005
5408.499999,-9367.796793
3202.000001,5546.026685
-2968.000000,0.000001
-9144.499999,15838.738610
5176.000001,8965.094979
473.000000,-0.000000
-5708.499998,9887.412036
-4119.500002,-7135.183301
-18725.000000,0.000002
-318.000000,550.792157
-7418.500003,-12849.218914
-18899.000000,0.000005
3887.999999,-6734.213540
-3532.000001,-6117.603452
2669.000000,-0.000001
8180.499999,-14169.041632
-8134.000002,-14088.501268
18730.000000,-0.000003
3113.499999,-5392.740190
4958.500001,8588.373929
16357.000000,-0.000002
12028.999996,-20834.839166
-7142.000003,-12370.306866
-19330.000000,0.000006
-5701.999999,9876.153705
1849.000001,3202.561943
2148.000000,-0.000000
2117.000000,-3666.751560
-7524.000002,-13031.950275
2503.000000,-0.000000
-6161.499997,10672.031052
-8993.500001,-15577.198937
132.000000,-0.000000
-1298.000000,2248.201948
-7818.500003,-13542.039237
-18896.000000,0.000006
-5449.499999,9438.810877
-4056.500001,-7026.064100
-16229.000000,0.000000
-12458.499998,21578.754987
3636.000001,6297.736736
2329.000000,-0.000000
1027.000000,-1778.816180
8760.000001,15172.765074
21358.000000,-0.000003
8403.999997,-14556.154988
-13631.000006,-23609.584554
2498.000000,-0.000000
656.500000,-1137.091355
-4952.500002,-8577.981623
-19026.000000,0.000001
517.500000,-896.336293
-215.500000,-373.256949
-2711.000000,0.000001
-3060.500000,5300.941497
8422.500001,14588.197926
-19370.000000,0.000003
-2962.999999,5132.066543
4449.000002,7705.894042
-16052.000000,0.000002
-2885.499999,4997.832606
-5818.500000,-10077.937624
-211.000000,0.000000
6335.499996,-10973.407893
-1062.000000,-1839.437957
-19541.000000,0.000004
-3123.500000,5410.060698
-5051.000001,-8748.588629
-16700.000000,0.000003
-3923.499999,6795.701344
212.000000,367.194771
-45.000000,0.000000
-278.000000,481.510125
1575.000000,2727.980022
-21175.000000,0.000001
54.500000,-94.396769
12921.500004,22380.694508
16832.000000,-0.000004
-3537.000000,6126.263707
-516.000000,-893.738217
176.000000,-0.000000
9079.999996,-15727.021335
-4553.000002,-7886.027326
-19207.000000,0.000002
1011.500000,-1751.969392
-8878.500000,-15378.013095
-21696.000000,0.000006
-1600.000000,2771.281292
-3361.000001,-5821.422764
18680.000000,-0.000004
-768.500000,1331.081046
9389.500002,16263.091057
2543.000000,-0.000000
3123.999999,-5410.926724
-7113.500001,-12320.943419
21871.000000,-0.000003
6608.499998,-11446.257763
-8937.000004,-15479.338065
18854.000000,-0.000006
5054.999999,-8755.516833
-1143.000000,-1979.734073
-18685.000000,0.000000
-4004.999999,6936.863485
-14021.000003,-24285.084371
-2.000000,0.000000
3587.999998,-6214.598298
-5099.000001,-8831.727067
18209.000000,-0.000002
-1674.500000,2900.319077
-9296.500004,-16102.010330
3016.000000,-0.000001
-6032.499999,10448.596498
-13114.500005,-22714.980313
476.000000,-0.000000
5012.499999,-8681.904673
8642.500002,14969.249103
-346.000000,0.000000
1898.999999,-3289.164484
4683.500001,8112.059957
-18854.000000,0.000003
10106.499996,-17504.971489
1231.000001,2132.154544
-2844.000000,0.000000
14225.999996,-24640.154791
4575.500002,7924.998469
-2969.000000,0.000000
-637.000000,1103.316364
-3006.000001,-5206.544727
-2199.000000,0.000000
8063.499999,-13966.391687
1845.500000,3196.499765
-18680.000000,0.000003
3363.999999,-5826.618917
-8250.000004,-14289.419160
21349.000000,-0.000002
-8787.499998,15220.396473
6887.500000,11929.499937
-299.000000,0.000000
-8722.999998,15108.679195
4202.000001,7278.077493
-1852.000000,0.000000
-8312.499999,14397.672338
8366.000002,14490.337055
-1678.000000,0.000000
13643.999995,-23632.101222
-8952.000004,-15505.318827
-3146.000000,0.000000
-4767.499999,8257.552226
4917.500000,8517.359846
-479.000000,0.000000
-5090.999999,8817.870662
9121.500003,15798.901440
515.000000,-0.000000
-451.000000,781.154914
-4621.000001,-8003.806781
16871.000000,-0.000003
-4211.999998,7295.398002
11503.000006,19923.780436
16742.000000,-0.000002
5323.999998,-9221.438500
3048.000000,5279.290861
16573.000000,-0.000005
-4404.499999,7628.817783
2990.000001,5178.831914
19192.000000,-0.000005
-8203.999999,14209.744826
2603.500001,4509.394277
-18812.000000,0.000004
-7145.499997,12376.369047
12895.500002,22335.661188
16652.000000,-0.000002
4726.499998,-8186.538143
-464.000000,-803.671575
219.000000,-0.000000
-938.500000,1625.529683
-9904.000003,-17154.231196
19021.000000,-0.000000
-4564.999999,7906.811937
-1534.000000,-2656.965939
47.000000,-0.000000
-138.500000,239.889037
-399.500000,-691.954298
18849.000000,-0.000003
6001.500000,-10394.902921
8162.500004,14137.864715
-21997.000000,0.000007
1006.000000,-1742.443113
5445.500002,9431.882671
299.000000,-0.000000
-3965.999999,6869.313503
4530.000001,7846.190158
2500.000000,-0.000001
8284.999996,-14350.040943
-8230.000001,-14254.778145
2326.000000,-0.000000
-13038.500000,22583.344454
2133.500001,3695.330397
2977.000000,-0.000000
-7625.499998,13207.753434
-5359.500002,-9282.926302
1980.000000,-0.000000
7838.499999,-13576.680256
-12920.500004,-22378.962457
-17347.000000,0.000004
-13979.999999,24214.070290
755.500000,1308.564385
1980.000000,-0.000000
2695.999999,-4669.608978
1887.500001,3269.245899
2498.000000,-0.000000
-4179.999999,7239.972376
8658.500000,14996.961917
346.000000,-0.000000
-7499.999999,12990.381058
11751.000004,20353.329038
17007.000000,-0.000004
4500.000000,-7794.228634
-9969.000002,-17266.814499
168.000000,-0.000000
-7612.999997,13186.102800
3663.000002,6344.502107
-19156.000000,0.000002
8263.999997,-14313.667875
-3473.500000,-6016.278480
16309.000000,-0.000001
-3567.499999,6179.091256
7093.500002,12286.302402
-18975.000000,0.000005
-12941.499998,22415.335527
-855.500000,-1481.769466
21474.000000,-0.000004
-86.500000,149.822395
-4476.000002,-7752.659413
-16477.000000,0.000002
4595.499998,-7959.639487
844.500000,1462.716907
18807.000000,-0.000001
12929.999997,-22395.416944
-7199.000002,-12469.033762
-19496.000000,0.000005
3598.999999,-6233.650857
843.500000,1460.984856
2320.000000,-0.000000
-4130.999998,7155.101887
357.500000,619.208164
-169.000000,0.000000
7528.499997,-13039.744506
-2870.500000,-4971.851843
645.000000,-0.000000
-4788.499999,8293.925293
-5976.000002,-10350.735625
346.000000,-0.000000
-3452.499999,5979.905413
3008.000001,5210.008829
18378.000000,-0.000004
-1486.999999,2575.559551
-9104.000002,-15768.590551
-129.000000,0.000000
-1576.000000,2729.712073
-4089.000000,-7082.355752
-2669.000000,0.000001
-9957.999997,17247.761943
4238.000002,7340.431322
301.000000,-0.000000
-5881.499999,10187.056825
-11970.500003,-20733.514190
-16531.000000,0.000004
3589.999998,-6218.062400
752.500000,1303.368233
2326.000000,-0.000000
-5467.000000,9469.121765
-9567.500005,-16571.396099
21527.000000,-0.000002
-9142.999997,15836.140535
8075.500003,13987.176295
175.000000,-0.000000
976.000000,-1690.481588
9416.000003,16308.990402
-171.000000,0.000000
1202.000000,-2081.925071
8420.500002,14584.733824
2323.000000,-0.000000
-3230.999999,5596.256160
-5365.000003,-9292.452581
-19198.000000,0.000002
-366.500000,634.796621
-2926.500000,-5068.846688
298.000000,-0.000000
-4905.999999,8497.441263
3624.000001,6276.952126
520.000000,-0.000000
5956.499999,-10316.960636
3959.000001,6857.189147
15882.000000,0.000001
4026.999998,-6974.968603
4475.000002,7750.927363
-2498.000000,0.000000
-9114.999997,15787.643113
-208.500000,-361.132593
-18207.000000,0.000001
-4283.999999,7420.105660
-4726.000002,-8185.672116
128.000000,-0.000000
5416.499999,-9381.653200
-55.500000,-96.128820
-22040.000000,0.000004
637.500000,-1104.182390
-261.500000,-452.931286
-18722.000000,0.000003
-11623.999996,20133.358590
3587.000000,6212.866247
2627.000000,-0.000000
9926.499997,-17193.202343
-4780.500002,-8280.068885
-19674.000000,0.000005
-7124.499999,12339.995979
13307.000003,23048.400094
-2672.000000,0.000001
-861.000000,1491.295746
6149.000001,10650.380415
19547.000000,-0.000003
7596.499997,-13157.523961
-626.000000,-1084.263806
19375.000000,-0.000002
-2529.999999,4382.088544
7397.000003,12811.979822
-174.000000,0.000000
1879.000000,-3254.523468
3719.500001,6442.362978
-17178.000000,0.000004
-4398.999998,7619.291504
-8696.000002,-15061.913822
1980.000000,-0.000000
-6756.000000,11701.735256
-7808.000001,-13523.852705
2501.000000,-0.000001
-6473.499998,11212.430904
1719.500001,2978.261363
-171.000000,0.000000
7719.499999,-13370.566210
6346.000002,10991.594424
0.000000,-0.000000
-5317.499997,9210.180171
1674.500000,2900.319077
-2.000000,0.000000
7851.000000,-13598.330890
5661.000003,9805.139620
349.000000,-0.000000
-4298.999999,7446.086423
-1480.500001,-2564.301220
19325.000000,-0.000001
-3525.499999,6106.345123
-1008.000000,-1745.907214
-18981.000000,0.000005
-4762.999999,8249.757997
-963.500000,-1668.830953
19328.000000,-0.000004
-3686.000000,6384.339277
-2041.000001,-3535.115698
-168.000000,0.000000
-8521.999997,14760.536984
-5544.500000,-9603.355702
-17178.000000,0.000001
-5688.499999,9852.771020
-7406.500002,-12828.434305
1979.000000,-0.000000
1666.500000,-2886.462671
-6565.500002,-11371.779576
3149.000000,0.000000
2443.999999,-4233.132174
-13187.500007,-22841.420021
0.000000,-0.000000
-3539.499999,6130.593834
12836.000001,22232.604166
-2501.000000,0.000000
1165.500000,-2018.705216
9451.000003,16369.612180
-1982.000000,0.000001
13242.499998,-22936.682820
-4095.500001,-7093.614082
16226.000000,0.000000
2876.499999,-4982.244149
-4009.500002,-6944.657712
19547.000000,-0.000003
7967.999997,-13800.980836
-4298.500000,-7445.220396
-2.000000,0.000000
6804.499998,-11785.739721
8089.000003,14010.558981
-19677.000000,0.000005
-4789.999999,8296.523369
-7625.000002,-13206.887407
473.000000,-0.000000
-248.000000,429.548600
9363.500002,16218.057736
-2016.000000,0.000000
14896.999994,-25802.360884
-590.500000,-1022.776002
-349.000000,0.000000
625.000000,-1082.531755
-14155.000005,-24517.179178
-16658.000000,0.000001
-14258.999997,24697.312467
-1053.000000,-1823.849500
19328.000000,-0.000004
-3502.499998,6066.507955
6565.000001,11370.913551
-2796.000000,0.000000
-2268.000000,3928.291232
13306.000001,23046.668045
-3151.000000,0.000000
8753.499997,-15161.506746
5734.500002,9932.445355
349.000000,-0.000000
-4459.999999,7724.946602
-1405.000000,-2433.531384
21828.000000,-0.000005
-8250.999996,14291.151216
-6044.000001,-10468.515080
-16525.000000,0.000003
-4994.000000,8649.861733
-13183.000002,-22833.625795
-19245.000000,0.000002
690.500000,-1195.981083
-368.500000,-638.260722
-19539.000000,0.000001
-4959.999999,8590.972006
-8869.500003,-15362.424636
2627.000000,-0.000001
-14224.999998,24638.422739
-5257.500001,-9106.257120
-19024.000000,0.000004
-8108.500000,14044.333973
12526.500007,21696.534437
-2194.000000,0.000000
-8224.499997,14245.251868
-975.000000,-1688.749537
-2022.000000,0.000000
5438.499999,-9419.758318
-728.000000,-1260.932988
-21522.000000,0.000006
1589.000000,-2752.228733
-1008.000000,-1745.907214
126.000000,0.000000
1351.000000,-2340.000641
-4767.000003,-8256.686198
-19669.000000,0.000003
1113.500000,-1928.638574
13458.500001,23310.805793
-216.000000,0.000000
-4768.499999,8259.284277
-12250.000004,-21217.622390
-16356.000000,0.000004
3469.499999,-6009.350277
1759.500000,3047.543396
-169.000000,-0.000000
7636.499996,-13226.805994
-3611.500002,-6255.301490
19328.000000,-0.000003
-33.000000,57.157677
-5901.000000,-10220.831815
-18984.000000,0.000002
-7246.499998,12551.306178
13116.000005,22717.578389
18854.000000,-0.000005
8491.999998,-14708.575459
488.500000,846.106819
21696.000000,-0.000005
8442.999996,-14623.704971
-13384.500003,-23182.634032
-18981.000000,0.000003
-9289.499996,16089.885979
4801.500000,8316.441952
16483.000000,-0.000002
13155.999996,-22786.860427
89.500000,155.018547
-21347.000000,0.000001
938.500000,-1625.529683
-8846.500003,-15322.587468
-21575.000000,0.000005
-696.000000,1205.507362
-8685.000002,-15042.861263
-18852.000000,0.000003
-14476.500000,25074.033516
75.000000,129.903811
19504.000000,-0.000002
4843.999998,-8390.054113
7765.000003,13449.374519
-2495.000000,0.000000
6832.999998,-11835.103169
-888.000000,-1538.061117
-21527.000000,0.000005
1437.499999,-2489.823036
-1172.000000,-2029.963546
472.000000,-0.000000
-7957.000000,13781.928276
-6594.500001,-11422.009050
0.000000,-0.000000
-3082.499999,5339.046615
7883.000003,13653.756514
-470.000000,0.000000
964.500000,-1670.563004
8996.500003,15582.395089
21350.000000,-0.000006
9763.999999,-16911.744086
-4907.500001,-8500.039337
-19499.000000,0.000004
-12.000000,20.784610
-3063.500000,-5306.137649
-346.000000,0.000000
-6578.999998,11395.162264
712.500000,1234.086200
304.000000,-0.000000
194.000000,-336.017857
-545.000000,-943.967690
-18378.000000,0.000005
-12552.999998,21742.433789
-5924.000002,-10260.668983
-349.000000,-0.000000
-3492.000000,6048.321420
13275.000008,22992.974466
-467.000000,0.000000
2720.499999,-4712.044223
-8219.000001,-14235.725587
21995.000000,-0.000002
-8173.999998,14157.783302
3534.000001,6121.067553
-18981.000000,0.000005
9385.999998,-16257.028881
4809.000001,8329.432333
16827.000000,0.000000
-2366.500000,4098.898236
6305.500004,10921.446365
-1977.000000,0.000000
5416.499998,-9381.653200
-9916.500001,-17175.881833
-3149.000000,0.000000
-4786.499999,8290.461191
3909.000002,6770.586606
-476.000000,0.000000
-13478.499997,23345.446811
7793.500002,13498.737967
0.000000,-0.000000
-8906.999995,15427.376546
5281.500001,9147.826340
0.000000,-0.000000
-6287.999997,10891.135479
724.000000,1254.004785
2.000000,-0.000000
-1490.500000,2581.621729
-2858.000001,-4950.201207
303.000000,-0.000000
2249.500000,-3896.248292
-12488.000004,-21629.850483
-18553.000000,0.000005
-7401.999996,12820.640080
8727.000002,15115.607397
-21871.000000,0.000004
8119.500000,-14063.386532
-1904.500000,-3298.690763
-2194.000000,0.000000
-1491.000000,2582.487754
1081.000000,1872.346923
819.000000,-0.000000
945.000000,-1636.788013
2999.000000,5194.420372
-130.000000,0.000000
4841.999997,-8386.590012
-4162.000001,-7208.795461
15880.000000,-0.000003
4013.500000,-6951.585916
14293.500002,24757.068217
-2628.000000,0.000000
9135.999997,-15824.016180
5349.000002,9264.739768
-1678.000000,0.000000
0.000000,0.000000
-9516.500003,-16483.061508
-2028.000000,0.000001
5066.999999,-8776.301442
84.000000,145.492268
-21654.000000,0.000005
813.000000,-1408.157307
14035.000002,24309.333083
16184.000000,-0.000003
5082.499998,-8803.148231
13828.500001,23951.664592
174.000000,-0.000000
-4550.499999,7881.697201
-2890.000001,-5005.626833
-19029.000000,0.000005
8431.999998,-14604.652410
5573.500002,9653.585175
301.000000,0.000000
-3804.500000,6589.587298
-5070.000001,-8781.497594
174.000000,-0.000000
4649.999998,-8054.036256
4657.500000,8067.026636
-3318.000000,0.000000
-8699.499997,15067.976002
12861.500005,22276.771459
819.000000,-0.000000
-3576.999999,6195.545739
-5722.000002,-9910.794720
168.000000,0.000000
5601.499999,-9702.082599
4626.000003,8012.467034
-2971.000000,0.000001
209.000000,-361.998619
14046.500002,24329.251668
19677.000000,-0.000002
8356.499997,-14473.882575
-13738.500006,-23795.780016
2672.000000,-0.000001
-499.000000,864.293353
-13158.000004,-22790.324524
-19547.000000,0.000000
492.000000,-852.168997
9872.000002,17098.805571
-19373.000000,0.000004
-4723.999998,8182.208016
1576.000000,2729.712073
301.000000,-0.000000
-1112.500000,1926.906524
74.500000,129.037785
349.000000,-0.000000
-8238.999998,14270.366605
7616.000003,13191.298949
19026.000000,-0.000000
4919.499997,-8520.823949
-594.000000,-1028.838180
175.000000,-0.000000
-357.000000,618.342138
-14614.500002,-25313.056526
1847.000000,-0.000000
-9495.499997,16446.688445
-44.500000,-77.076261
2498.000000,-0.000000
-5621.499999,9736.723616
-4549.500000,-7879.965149
-173.000000,0.000000
4939.499997,-8555.464966
5037.500001,8725.205942
-472.000000,0.000000
3539.500000,-6130.593834
996.500000,1725.988630
22176.000000,-0.000003
1015.500000,-1758.897595
3659.000002,6337.573904
2323.000000,-0.000000
9110.499998,-15779.848884
-13082.000005,-22658.688662
-16832.000000,0.000005
-14120.999998,24458.289455
-225.500000,-390.577457
18683.000000,-0.000004
2933.000000,-5080.105019
5858.000001,10146.353630
-2669.000000,0.000000
175.500000,-303.974917
9142.000001,15834.408482
-18513.000000,0.000002
-11742.499997,20338.606610
7113.500003,12320.943418
19197.000000,-0.000005
-4020.499999,6963.710272
2887.000001,5000.430681
16877.000000,0.000000
3613.500000,-6258.765593
-8540.000002,-14791.713896
-2151.000000,0.000000
13620.499994,-23591.398028
-497.000000,-860.829251
-177.000000,0.000000
710.000000,-1229.756074
-14193.500006,-24583.863134
-19674.000000,0.000006
-8413.499998,14572.609471
13780.500004,23868.526151
301.000000,-0.000000
4295.499999,-7440.024244
-3653.000001,-6327.181600
651.000000,-0.000000
6569.999997,-11379.573807
7421.000001,12853.549042
-819.000000,0.000000
33.500000,-58.023702
-7969.500003,-13803.578909
2495.000000,-0.000001
3330.499999,-5768.595215
-4790.000002,-8296.523367
2844.000000,-0.000000
-7969.999999,13804.444937
-1898.000000,-3287.432433
18378.000000,-0.000004
3148.499999,-5453.361968
-4682.500001,-8110.327906
-2151.000000,0.000000
-9471.999997,16405.985251
-138.000000,-239.023011
-2498.000000,0.000000
3586.999999,-6212.866247
6227.000002,10785.480377
-175.000000,0.000000
3880.999998,-6722.089185
-4108.000001,-7115.264717
-18207.000000,0.000004
567.500000,-982.938833
-8606.000001,-14906.029249
-2368.000000,0.000000
4019.999999,-6962.844247
-344.500000,-596.691503
176.000000,-0.000000
724.500000,-1254.870810
-6313.500000,-10935.302774
-177.000000,0.000000
-1762.999999,3053.605574
7144.000002,12373.770968
-21998.000000,0.000005
-7293.999999,12633.578591
11975.000002,20741.308419
19499.000000,-0.000003
-8449.999997,14635.829326
-6521.000003,-11294.703314
346.000000,-0.000000
-3039.499999,5264.568430
7880.500000,13649.426389
-304.000000,0.000000
1051.500000,-1821.251424
8961.500003,15521.773311
19198.000000,-0.000004
14220.499999,-24630.628510
-757.500000,-1312.028487
-2799.000000,0.000000
-2473.499999,4284.227673
12949.000001,22428.325906
-3148.000000,0.000000
361.500000,-626.136367
13726.000006,23774.129381
174.000000,-0.000000
-12536.499997,21713.854951
8537.000003,14786.517743
298.000000,-0.000000
-194.500000,336.883882
1725.000000,2987.787643
-18677.000000,0.000003
-4679.999998,8105.997781
9331.000001,16161.766085
19150.000000,-0.000002
13069.500001,-22637.038029
-7285.000003,-12617.990131
-21645.000000,0.000007
-53.000000,91.798693
14131.000005,24475.609959
18978.000000,-0.000000
8236.999999,-14266.902503
-12974.500003,-22472.493201
-16004.000000,0.000003
-12208.499995,21145.742287
2369.000000,4103.228363
-222.000000,0.000000
6524.999998,-11301.631521
149.500000,258.941596
-19327.000000,0.000006
3270.499999,-5664.672167
-8164.000003,-14140.462791
19026.000000,-0.000001
-4085.499999,7076.293575
11182.500003,19368.658154
19201.000000,-0.000004
22.000000,-38.105118
-14628.000002,-25336.439212
2709.000000,-0.000000
-9340.499997,16178.220570
-1740.000001,-3013.768405
18548.000000,-0.000002
-4983.499999,8631.675200
3301.500001,5718.365740
18900.000000,-0.000001
-1576.500000,2730.578098
-9771.500003,-16924.734465
21866.000000,-0.000005
-1170.000000,2026.499445
-13445.500002,-23288.289132
2369.000000,-0.000000
8181.999997,-14171.639709
545.000000,943.967690
21353.000000,-0.000002
8344.999998,-14453.963991
-13777.000000,-23862.463976
2327.000000,-0.000000
718.000000,-1243.612480
-4744.500001,-8217.715056
-16705.000000,0.000004
4104.000000,-7108.336514
-12873.000003,-22296.690044
2329.000000,-0.000000
-111.000000,192.257640
-771.000000,-1335.411172
21178.000000,-0.000002
8342.999997,-14450.499889
-12020.500000,-20820.116732
-18983.000000,0.000006
7361.999998,-12751.358046
-3382.000001,-5857.795831
16354.000000,-0.000004
3870.000000,-6703.036626
3981.500001,6896.160290
19544.000000,-0.000004
-96.500000,167.142903
-5383.000001,-9323.629497
210.000000,-0.000000
-3222.999999,5582.399753
11257.000000,19497.695941
16224.000000,-0.000005
-4212.499999,7296.264027
4043.000001,7002.681414
16875.000000,-0.000000
3505.000000,-6070.838081
-358.500000,-620.940214
512.000000,-0.000000
-7204.999997,12479.426070
2034.000000,3522.991342
-135.000000,0.000000
4974.000000,-8615.220717
-4922.500002,-8526.020099
16052.000000,-0.000005
3832.499999,-6638.084721
3178.000001,5504.457466
19243.000000,-0.000001
-8050.499999,13943.875027
7523.500002,13031.084250
19539.000000,-0.000004
5874.499997,-10174.932471
7673.500001,13290.891871
-2627.000000,0.000000
-2374.500000,4112.754643
11469.000005,19864.890709
18376.000000,-0.000006
-7724.999998,13380.092490
7392.500003,12804.185593
2193.000000,-0.000000
-4329.999999,7499.779997
608.500000,1053.952916
2842.000000,-0.000001
-5486.999997,9503.762783
-326.500000,-565.514589
19023.000000,-0.000003
-4862.499998,8422.097053
3880.000002,6720.357132
-2450.000000,0.000000
-559.000000,968.216402
3599.500001,6234.516881
17001.000000,-0.000001
-3612.499999,6257.033543
-119.000000,-206.114046
-21527.000000,0.000005
8830.999999,-15295.740682
2191.000000,3794.923319
-18855.000000,0.000003
4390.499998,-7604.569072
684.500000,1185.588778
18986.000000,-0.000002
4571.999999,-7918.936293
670.500000,1161.340066
-19024.000000,0.000001
-5071.999999,8784.961697
-3937.500001,-6819.950054
-18556.000000,0.000004
-7303.499999,12650.033074
7126.500001,12343.460079
-2191.000000,0.000000
5187.999998,-8985.879591
-8961.000005,-15520.907284
-2839.000000,0.000000
4184.999999,-7248.632630
277.500000,480.644099
-19376.000000,0.000001
-4002.499999,6932.533358
-4932.000002,-8542.474582
-16354.000000,0.000004
-12161.499998,21064.335897
7902.500002,13687.531506
18809.000000,-0.000004
4724.499998,-8183.074042
-129.500000,-224.300580
-18975.000000,0.000003
-13986.999995,24226.194648
280.000000,484.974226
18978.000000,-0.000006
13069.999997,-22637.904057
194.500000,336.883882
-18846.000000,0.000000
-3103.500000,5375.419682
-4679.000001,-8104.265728
2453.000000,-0.000000
9888.999996,-17128.250439
-4962.500001,-8595.302132
-16875.000000,0.000002
-4175.000000,7231.312121
-12531.000001,-21704.328669
-19195.000000,0.000006
-333.500000,577.638944
14228.000005,24643.618887
18815.000000,-0.000001
9321.999998,-16146.177629
-4852.000001,-8403.910518
-16351.000000,0.000003
-11258.499995,19500.294020
3664.500001,6347.100184
-19071.000000,0.000003
656.500000,-1137.091355
1653.500001,2863.946010
-21735.000000,0.000007
7935.999998,-13745.555210
-7451.000003,-12905.510566
-19068.000000,0.000001
-5268.999999,9126.175706
-13526.000004,-23427.719221
-16224.000000,0.000004
-13464.999993,23322.064128
-5750.500001,-9960.158168
2154.000000,-0.000000
-950.500000,1646.314293
-9363.000005,-16217.191709
-645.000000,0.000000
-10060.999997,17426.163177
5380.500002,9319.299369
-2669.000000,0.000000
-538.500000,932.709360
13945.500004,24154.314535
171.000000,-0.000000
-4148.000000,7184.546750
624.000000,1080.799704
645.000000,-0.000000
8995.999996,-15581.529067
800.000000,1385.640646
177.000000,-0.000000
-292.500000,506.624861
134.500000,232.960834
21349.000000,-0.000001
-886.500000,1535.463041
-3514.500001,-6087.292563
-18851.000000,0.000005
9036.499999,-15651.677123
224.500000,388.845406
-351.000000,0.000000
-7006.999997,12136.480010
7244.000004,12546.976048
-298.000000,0.000000
512.000000,-886.810014
3900.000000,6754.998149
19029.000000,-0.000001
459.000000,-795.011321
-1277.000000,-2211.828881
-2.000000,0.000000
42.000000,-72.746134
-8654.500002,-14990.033713
-18685.000000,0.000004
-4993.499998,8648.995709
292.000000,505.758836
19029.000000,-0.000003
13321.999995,-23074.380861
4002.500000,6932.533357
19026.000000,-0.000002
1157.500000,-2004.848810
-4702.000002,-8144.102896
-18810.000000,0.000001
9253.999999,-16028.398174
4388.000001,7600.238943
16480.000000,-0.000003
-3535.999998,6124.531657
-106.000000,-183.597386
-21826.000000,0.000003
8055.500000,-13952.535280
6816.000000,11805.658304
171.000000,-0.000000
-4546.999999,7875.635023
9072.000003,15713.164924
19333.000000,-0.000001
6031.999999,-10447.730472
8258.000002,14303.275568
-19026.000000,0.000004
-2713.499999,4699.919867
-4978.000001,-8622.148920
-19204.000000,0.000003
1038.500000,-1798.734764
4209.500000,7291.067874
-2193.000000,0.000001
653.000000,-1131.029177
-162.500000,-281.458256
-2498.000000,0.000000
5439.999999,-9422.356394
14106.500004,24433.174715
-304.000000,0.000000
-4447.499998,7703.295968
9468.000002,16399.057045
21868.000000,-0.000004
469.500000,-813.197854
7630.000004,13215.547660
21567.000000,-0.000003
-7594.499998,13154.059859
6516.000003,11286.043061
19066.000000,-0.000001
-2988.499999,5176.233839
11348.000004,19655.312562
16570.000000,-0.000004
-3106.000000,5379.749809
11350.000003,19658.776664
16872.000000,-0.000003
-2299.499999,3982.850833
6690.500004,11588.285926
-304.000000,0.000000
-94.000000,162.812776
-9182.500000,-15904.556540
2495.000000,-0.000000
-13167.499997,22806.779010
3491.000001,6046.589369
3143.000000,-0.000001
8961.999999,-15522.639338
-13676.000003,-23687.526842
-475.000000,-0.000000
-4636.999998,8031.519596
3094.000002,5358.965198
18556.000000,-0.000003
-8981.999997,15557.280355
7896.500000,13677.139202
21525.000000,-0.000002
9362.499998,-16216.325687
-3804.000001,-6588.721271
-17001.000000,0.000004
-4660.499999,8072.222789
1544.500000,2675.152472
2450.000000,-0.000001
2709.999999,-4693.857689
-12476.500002,-21609.931899
-18378.000000,0.000003
-396.000000,685.892120
-8181.500001,-14170.773682
-2498.000000,0.000000
12862.499997,-22278.503514
5240.500002,9076.812256
15883.000000,-0.000001
12345.999998,-21383.899271
-2428.500001,-4206.285386
346.000000,-0.000000
3423.999998,-5930.541966
-3725.500001,-6452.755283
3143.000000,-0.000001
8718.500000,-15100.884966
-12903.500001,-22349.517595
2326.000000,-0.000000
-588.500000,1019.311900
-4446.500002,-7701.563915
1681.000000,-0.000000
-899.500000,1557.979702
1278.000000,2213.560932
1983.000000,-0.000000
3514.499998,-6087.292564
-2986.000001,-5171.903711
-16226.000000,0.000003
-2825.500000,4893.909557
4021.000000,6964.576297
-18722.000000,0.000007
1943.499999,-3366.240745
-1284.500001,-2224.819262
-2537.000000,0.000000
5058.999999,-8762.445036
-8488.000003,-14701.647253
-21868.000000,0.000005
-531.000000,919.718979
915.000000,1584.826489
-19201.000000,0.000004
-4756.500000,8238.499666
820.000000,1420.281662
-341.000000,0.000000
404.500000,-700.614552
13565.000006,23495.269201
135.000000,-0.000000
-3628.999999,6285.612381
-5387.500002,-9331.423725
-16055.000000,0.000004
-12400.499998,21478.296040
-5464.000001,-9463.925612
-19542.000000,0.000004
-9391.500000,16266.555159
4320.500002,7483.325513
-213.000000,0.000000
-14149.999995,24508.518930
-5139.000000,-8901.009100
-15877.000000,0.000001
-13364.999997,23148.859045
-5526.000002,-9571.312762
1977.000000,-0.000001
-8.500000,14.722432
429.000000,743.049796
2199.000000,0.000000
3876.499998,-6714.294957
-204.000000,-353.338365
19029.000000,-0.000003
-2927.999999,5071.444765
12640.500001,21893.988233
-2669.000000,0.000000
8261.999998,-14310.203773
-7657.500003,-13263.179057
-19032.000000,0.000005
-14252.499998,24686.054136
560.000000,969.948452
2669.000000,-0.000001
-6506.999997,11270.454607
1277.500000,2212.694907
19505.000000,-0.000003
13263.499995,-22973.055889
-653.500000,-1131.895203
346.000000,-0.000000
729.000000,-1262.665039
-13802.000005,-23905.765243
169.000000,-0.000000
12343.999998,-21380.435170
-7856.500002,-13607.857168
-3315.000000,0.000001
3705.999998,-6418.980294
4608.500001,7982.156146
-177.000000,0.000000
-13918.500000,24107.549165
-4150.500000,-7188.876877
-18508.000000,0.000002
-1158.000000,2005.714835
5751.500002,9961.890218
16660.000000,-0.000001
3544.499999,-6139.254088
339.500000,588.031249
174.000000,-0.000000
-177.500000,307.439018
-3308.000001,-5729.624071
-19503.000000,0.000004
8638.000000,-14961.454876
5576.000001,9657.915303
-2714.000000,0.000001
1219.000000,-2111.369935
-562.000000,-973.412554
-18854.000000,0.000001
-4713.499999,8164.021482
-8685.500003,-15043.727287
-2.000000,0.000000
-1943.999999,3367.106771
-4712.500001,-8162.289430
19204.000000,-0.000004
-10119.000000,17526.622122
-523.000000,-905.862572
21223.000000,-0.000003
6811.999998,-11798.730103
-8152.500004,-14120.544207
2842.000000,-0.000000
-5879.999999,10184.458749
-13115.500005,-22716.712364
471.000000,-0.000000
5185.999999,-8982.415489
7689.500002,13318.604684
-472.000000,0.000000
-7231.500000,12525.325415
7798.000004,13506.532195
21048.000000,-0.000003
749.000000,-1297.306055
8160.000000,14133.534589
-304.000000,0.000000
-493.500000,854.767074
-2945.000001,-5100.889628
-2325.000000,0.000001
-990.000000,1714.730300
14280.500004,24734.551555
19671.000000,0.000000
9405.499999,-16290.803871
-5500.500003,-9527.145465
2711.000000,-0.000000
-8313.499997,14399.404391
-714.500000,-1237.550302
18719.000000,-0.000002
4198.499999,-7272.015316
12411.500005,21497.348595
16570.000000,-0.000005
-3920.999999,6791.371217
3048.000001,5279.290861
16745.000000,0.000000
-4318.499998,7479.861414
12516.500002,21679.213932
16522.000000,-0.000003
5861.499998,-10152.415810
8460.500001,14654.015857
-18812.000000,0.000002
-11652.499996,20182.722037
7317.500003,12674.281783
18848.000000,-0.000001
5094.499999,-8823.932840
4461.000001,7726.678652
-2149.000000,0.000001
-298.500000,517.017166
961.000000,1664.500826
-2329.000000,0.000000
4755.000000,-8235.901590
14075.500002,24379.481141
-2326.000000,0.000000
293.500000,-508.356912
161.000000,278.860180
-2500.000000,0.000000
4842.499999,-8387.456036
3835.500001,6643.280872
-299.000000,0.000000
-13737.999993,23794.913999
-1006.000000,-1742.443112
21997.000000,-0.000004
205.000000,-355.070416
-5871.000001,-10168.870291
-18849.000000,0.000003
347.000000,-601.021630
-8307.000004,-14388.146056
-45.000000,0.000000
356.000000,-616.610088
3441.000001,5959.986828
-19196.000000,0.000005
-6187.499997,10717.064374
8703.000002,15074.038177
-21741.000000,0.000004
8508.000000,-14736.288271
-6436.000001,-11147.478997
-18722.000000,0.000003
-4315.999998,7475.531286
4619.000002,8000.342679
2802.000000,-0.000000
9014.499998,-15613.572006
-13481.000005,-23349.776934
2326.000000,-0.000001
551.000000,-954.359995
-6345.500002,-10990.728398
2197.000000,-0.000000
-7147.000000,12378.967122
6252.000001,10828.781648
18381.000000,-0.000003
-4210.999998,7293.665952
4690.000000,8123.318287
-2672.000000,0.000000
174.000000,-301.376841
9120.000003,15796.303363
-18510.000000,0.000005
-4786.499999,8290.461191
-8176.500002,-14162.113427
18679.000000,0.000000
3852.500000,-6672.725736
12907.500008,22356.445794
352.000000,-0.000000
-11826.499995,20484.098878
3279.000000,5679.394598
298.000000,-0.000000
5498.499998,-9523.681366
61.500000,106.521125
-19026.000000,0.000006
-4920.499999,8522.555999
-13933.000004,-24132.663899
-346.000000,0.000000
3564.499998,-6173.895105
-3438.000001,-5954.790676
-168.000000,0.000000
2206.499999,-3821.770107
-13025.000001,-22559.961768
3144.000000,-0.000000
-8515.999997,14750.144679
-6480.000003,-11223.689231
2027.000000,-0.000000
-1199.500000,2077.594944
-8800.000003,-15242.047105
21175.000000,-0.000000
-1068.999999,1851.562314
-4788.500001,-8293.925291
-18981.000000,0.000004
-8077.500000,13990.640398
12878.500002,22306.216324
16653.000000,-0.000002
4518.499998,-7826.271575
412.500000,714.470958
45.000000,-0.000000
-1187.000000,2055.944309
736.500000,1275.655420
21223.000000,-0.000005
-594.000000,1028.838180
8536.500002,14785.651718
21353.000000,-0.000004
300.500000,-520.481268
-3717.500001,-6438.898877
-16356.000000,0.000002
3154.499999,-5463.754273
-13040.000006,-22585.942527
2797.000000,-0.000000
-8868.999998,15361.558614
-5467.000000,-9469.121765
-168.000000,0.000000
5510.999997,-9545.332002
8046.000002,13936.080796
-647.000000,0.000000
1408.500000,-2439.593563
-887.500000,-1537.195092
3.000000,-0.000000
889.500000,-1540.659194
-1375.500001,-2382.435885
127.000000,-0.000000
-7808.999998,13525.584758
-5956.000002,-10316.094609
-16827.000000,0.000005
-14192.999997,24582.997113
342.500000,593.227402
21476.000000,-0.000005
8368.999999,-14495.533209
-4757.500001,-8240.231716
-18981.000000,0.000003
-7956.999997,13781.928278
3642.000000,6308.129041
16354.000000,-0.000002
3744.999999,-6486.530275
4327.000002,7494.583843
18730.000000,-0.000005
252.000000,-436.476804
9112.500003,15783.312982
2667.000000,-0.000000
-4345.000000,7525.760759
-4132.000001,-7156.833936
-19200.000000,0.000003
33.000000,-57.157677
5412.000001,9373.858970
-515.000000,0.000000
-5659.999998,9803.407572
527.000000,912.790775
2976.000000,-0.000001
-12637.499997,21888.792082
2948.500001,5106.951806
-18899.000000,0.000000
637.000000,-1103.316364
-8526.500002,-14768.331210
-19200.000000,0.000004
-13231.499994,22917.630264
7450.000001,12903.778516
21699.000000,-0.000003
489.000000,-846.972845
-713.000000,-1234.952226
19375.000000,-0.000002
12901.999997,-22346.919521
-8996.000003,-15581.529063
-2799.000000,0.000000
-3317.499998,5746.078555
12044.500003,20861.685950
-2847.000000,0.000001
1091.500000,-1890.533456
-542.500000,-939.637563
-18378.000000,0.000003
-12813.999995,22194.499051
-4963.000002,-8596.168157
2799.000000,-0.000000
-662.000000,1146.617635
-4029.000001,-6978.432703
2326.000000,-0.000000
9089.499995,-15743.475818
-4049.000001,-7013.073719
2025.000000,-0.000000
8344.499999,-14453.097964
-8904.000001,-15422.180390
21351.000000,-0.000003
19.500000,-33.774991
-5356.500003,-9277.730149
2371.000000,-0.000000
8161.999998,-14136.998693
-9038.500000,-15655.141224
21522.000000,-0.000006
-9307.499995,16121.062895
-6611.000002,-11450.587888
-472.000000,0.000000
-3483.000000,6032.732963
13100.500002,22690.731603
-2.000000,0.000000
-4763.499998,8250.624023
-4726.000002,-8185.672115
174.000000,-0.000000
-3479.499999,6026.670786
12940.500005,22413.603472
-3016.000000,0.000001
962.500000,-1667.098902
9860.000003,17078.020961
-18378.000000,0.000004
-4144.500000,7178.484572
-3673.500001,-6362.688641
2802.000000,-0.000000
7801.999997,-13513.460402
-12539.000001,-21718.185075
2151.000000,-0.000000
7813.499998,-13533.378986
-11870.000005,-20559.443083
-19499.000000,0.000006
148.500000,-257.209545
13203.500004,22869.132835
18677.000000,-0.000000
810.000000,-1402.961154
-1143.000000,-1979.734073
216.000000,-0.000000
-777.500000,1346.669503
-3795.500000,-6573.998840
16874.000000,-0.000002
2843.999999,-4925.952497
5149.500002,8919.195632
16700.000000,-0.000005
12325.499997,-21348.392230
-7945.500003,-13762.009690
-21829.000000,0.000000
72.000000,-124.707658
4192.500001,7261.623010
298.000000,-0.000000
-13289.999994,23018.955236
-4636.500001,-8030.653569
2672.000000,-0.000000
8488.499997,-14702.513282
161.000000,278.860180
-645.000000,0.000000
-428.000000,741.317746
-4456.000002,-7718.018398
-2368.000000,0.000000
-9763.499998,16910.878061
622.500000,1078.201628
-18207.000000,0.000004
-4313.000000,7470.335133
4830.500001,8366.671426
-177.000000,0.000000
6044.999998,-10470.247133
13015.500006,22543.507282
-2971.000000,0.000000
-7574.499998,13119.418843
12043.000004,20859.087873
19373.000000,-0.000001
-806.000000,1396.032951
-10004.000003,-17327.436277
22045.000000,-0.000005
-9455.999999,16378.272437
-6626.000001,-11476.568650
-171.000000,0.000000
-2856.999999,4948.469158
8228.500004,14252.180068
-19547.000000,0.000002
-4204.999999,7283.273647
-2943.000000,-5097.425527
-16874.000000,0.000005
-5760.999997,9978.344704
537.000000,930.111284
2633.000000,-0.000001
-14204.999999,24603.781722
-4810.500001,-8332.030409
2628.000000,-0.000000
507.500000,-879.015785
4862.500002,8422.097050
-17001.000000,0.000002
-3542.499999,6135.789986
8259.000000,14305.007620
21178.000000,-0.000006
-7704.499998,13344.585448
7989.500003,13838.219926
-470.000000,0.000000
-524.000000,907.594623
5323.500001,9220.572473
0.000000,-0.000000
-14568.999994,25234.248219
-576.500000,-998.527291
298.000000,-0.000000
-9156.999997,15860.389247
-102.000000,-176.669182
-18848.000000,0.000006
-4862.499999,8422.097052
-1047.500000,-1814.323221
21479.000000,-0.000000
-8347.999999,14459.160142
-4918.000001,-8518.225871
-16353.000000,0.000003
3197.999999,-5539.098483
-12746.500002,-22077.585618
2498.000000,-0.000000
-1177.500000,2039.489826
-9143.500004,-15837.006557
18508.000000,-0.000006
3598.499999,-6232.784832
120.000000,207.846097
-18981.000000,0.000001
-12629.999998,21875.801701
7332.500002,12700.262545
19499.000000,-0.000004
4918.499998,-8519.091898
-10151.000002,-17582.047747
-2669.000000,0.000000
3986.999999,-6905.686571
-8034.500004,-13916.162211
-19159.000000,0.000002
-4800.499999,8314.709902
9463.000003,16390.396790
18680.000000,-0.000001
12563.999998,-21761.486348
-3728.500001,-6457.951435
-470.000000,0.000000
-14787.999999,25613.567343
485.000000,840.044642
2495.000000,-0.000000
-6627.999997,11480.032754
1769.500001,3064.863903
3146.000000,-0.000000
-4560.499999,7899.017709
4725.500002,8184.806090
0.000000,-0.000000
14402.499997,-24945.861758
4583.000001,7937.988850
-3317.000000,0.000001
-8861.499999,15348.568232
4103.500001,7107.470488
174.000000,-0.000000
-14796.999994,25629.155803
-427.500000,-740.451720
472.000000,-0.000000
-8268.999997,14322.328129
8968.500000,15533.897668
-21525.000000,0.000001
1212.999999,-2100.977630
13845.000004,23980.243428
-2022.000000,0.000000
1247.000000,-2159.867357
-1201.000000,-2080.193020
-2196.000000,0.000000
5185.999998,-8982.415489
-9440.000005,-16350.559621
-19328.000000,0.000002
-14399.999995,24941.531632
248.500000,430.414626
21826.000000,-0.000007
8077.499998,-13990.640399
-4267.000001,-7390.660795
2030.000000,-0.000001
77.000000,-133.367912
-218.000000,-377.587076
2146.000000,-0.000000
-12908.499994,22358.177853
4226.500001,7320.512738
-18851.000000,0.000003
1199.000000,-2076.728919
12982.500001,22486.349609
19330.000000,-0.000006
-190.000000,329.089653
-13718.000005,-23760.272975
0.000000,-0.000000
5499.999999,-9526.279442
8408.000002,14563.083189
-19330.000000,0.000004
-4613.499998,7990.816402
-9213.000001,-15957.384089
18851.000000,-0.000003
-4182.000000,7243.436477
11642.000005,20164.535499
-2799.000000,0.000001
-8882.499998,15384.941300
5455.500002,9449.203180
-2154.000000,0.000000
-1009.000000,1747.639265
14298.000004,24764.862444
19671.000000,-0.000004
1092.999999,-1893.131533
2889.000001,5003.894783
2543.000000,-0.000000
-7080.999997,12264.651770
7719.500004,13370.566207
21348.000000,-0.000002
9168.999997,-15881.173856
-4385.500002,-7595.908816
2374.000000,-0.000000
21.500000,-37.239092
219.000000,379.319127
21004.000000,-0.000005
7156.999999,-12396.287630
-11761.500002,-20371.515572
-17003.000000,0.000003
-4414.999998,7647.004316
8887.500004,15393.601550
2324.000000,-0.000000
-5319.999998,9214.510297
-8203.500003,-14208.878798
21530.000000,-0.000001
7485.999998,-12966.132346
1080.000000,1870.614872
-2.000000,0.000000
9598.499999,-16625.089677
237.500000,411.362067
-21183.000000,0.000004
-8326.999997,14422.787077
4844.000003,8390.054110
16525.000000,-0.000002
12338.999996,-21371.774917
4423.500000,7661.726747
19074.000000,-0.000001
-581.500000,1007.187545
-10214.500003,-17692.032972
21392.000000,-0.000005
-10021.999999,17358.613194
-151.500000,-262.405697
-478.000000,0.000000
-1457.999999,2525.330078
5779.000003,10009.521615
341.000000,-0.000000
-5131.499998,8888.018720
-789.000000,-1366.588087
19376.000000,-0.000002
5126.499999,-8879.358466
2921.000001,5059.320408
18852.000000,-0.000005
995.500000,-1724.256579
-4702.000001,-8144.102897
-16483.000000,0.000003
3330.999998,-5769.461241
-8457.500001,-14648.819704
21474.000000,-0.000003
-9168.999997,15881.173856
-5858.000000,-10146.353631
-19152.000000,0.000006
-106.000000,183.597386
5101.000002,8835.191168
18855.000000,-0.000001
178.500000,-309.171069
7364.500002,12755.688171
21696.000000,-0.000005
-7902.999996,13688.397534
-6002.000001,-10395.768946
-19158.000000,0.000003
-9222.000000,15972.972547
4148.000000,7184.546750
19026.000000,-0.000006
-536.500000,929.245258
-1693.000001,-2932.362017
19203.000000,-0.000001
4712.999999,-8163.155457
-8682.000002,-15037.665110
-21699.000000,0.000005
-618.000000,1070.407399
2073.500000,3591.407349
-19375.000000,0.000003
3631.000000,-6289.076482
907.000000,1570.970082
2802.000000,-0.000000
-3741.499999,6480.468097
-4874.500002,-8442.881660
2500.000000,-0.000000
9039.499998,-15656.873276
938.000000,1624.663657
0.000000,-0.000000
1245.000000,-2156.403255
8090.000002,14012.291032
-2495.000000,0.000000
5836.999998,-10109.980565
4507.500002,7807.219014
-2673.000000,0.000000
-312.000000,540.399852
1542.500001,2671.688370
-20874.000000,0.000001
537.500000,-930.977309
9558.000003,16554.941617
123.000000,-0.000000
10018.999999,-17353.417042
-3716.500001,-6437.166826
-19325.000000,0.000004
106.500000,-184.463411
4636.500002,8030.653568
19330.000000,-0.000003
-994.500000,1722.524528
-14537.000000,-25178.822589
177.000000,-0.000000
5617.999999,-9730.661438
-1189.000000,-2059.408410
-22046.000000,0.000006
299.000000,-517.883191
-7625.000002,-13206.887407
-18556.000000,0.000004
-4413.999998,7645.272266
4780.500003,8280.068884
2.000000,-0.000000
14142.499995,-24495.528549
5397.000000,9347.878208
18209.000000,-0.000002
8579.999998,-14860.995930
-89.500000,-155.018547
3013.000000,-0.000001
-11860.499998,20542.988604
2161.500001,3743.827820
343.000000,-0.000000
-2509.999999,4347.447528
12198.000002,21127.555750
15880.000000,-0.000002
4221.499998,-7311.852485
5923.500000,10259.802958
-2625.000000,0.000000
6750.499998,-11692.208978
-3010.000001,-5213.472930
-2202.000000,0.000000
-9495.499998,16446.688444
712.000000,1233.220175
-18677.000000,0.000004
-4714.999998,8166.619559
8475.500002,14679.996619
21651.000000,-0.000004
358.000000,-620.074189
-14045.000001,-24326.653592
-19325.000000,0.000007
11.000000,-19.052559
4106.000002,7111.800615
-2368.000000,0.000000
-8498.499998,14719.833789
-118.000000,-204.381995
475.000000,-0.000000
7686.999996,-13314.274560
-12846.500003,-22250.790698
-18858.000000,0.000003
-7582.500000,13133.275248
8056.000004,13953.401303
-2669.000000,0.000000
4441.999999,-7693.769688
5353.500002,9272.533997
18550.000000,-0.000001
-462.000000,800.207473
9581.500003,16595.644811
47.000000,-0.000000
8920.999999,-15451.625255
5751.000001,9961.024194
19153.000000,-0.000004
8193.500000,-14191.558292
-13308.000007,-23050.132143
-16658.000000,0.000002
-13927.999995,24124.003650
680.000000,1177.794549
-346.000000,0.000000
7570.499998,-13112.490640
6332.000002,10967.345712
-2193.000000,0.000001
46.500000,-80.540363
461.000000,798.475422
-21527.000000,0.000004
-8226.499996,14248.715971
12848.500007,22254.254797
173.000000,-0.000000
-12675.499996,21954.610014
7056.000000,12221.350498
19502.000000,-0.000002
-2504.999999,4338.787273
8212.000003,14223.601230
-21826.000000,0.000006
1225.500000,-2122.628265
13886.500004,24052.123537
-2027.000000,0.000000
1288.499999,-2231.747466
-1116.500001,-1933.834726
-2326.000000,0.000000
4574.999998,-7924.132446
-4535.000000,-7854.850412
-2802.000000,0.000000
-9011.499998,15608.375854
12247.000005,21212.426238
19373.000000,-0.000005
275.000000,-476.313972
-1612.000000,-2792.065902
21871.000000,-0.000005
-7187.499997,12449.115181
1774.000000,3072.658132
2022.000000,-0.000000
1082.000000,-1874.078974
256.000000,443.405007
2495.000000,-0.000000
4650.999999,-8055.768307
-4982.500002,-8629.943148
-174.000000,0.000000
4732.499997,-8196.930448
-3405.000001,-5897.632999
-298.000000,0.000000
2825.999999,-4894.775583
-94.500000,-163.678801
19330.000000,0.000001
4615.000000,-7993.414477
-8499.000001,-14720.699813
-19026.000000,0.000002
-4152.499997,7192.340980
4119.500000,7135.183302
-19376.000000,0.000001
-7938.999998,13750.751362
4213.000001,7297.130052
301.000000,-0.000000
-6136.999999,10629.595806
-12760.000003,-22100.968303
523.000000,-0.000000
4681.999998,-8109.461882
12089.000001,20938.762212
16181.000000,-0.000002
-3437.999999,5954.790677
-87.000000,-150.688420
-21009.000000,0.000006
452.500000,-783.752990
9598.000003,16624.223649
-2329.000000,0.000001
5793.999997,-10035.502381
13247.500009,22945.343068
16705.000000,0.000001
4723.500000,-8181.341990
177.000000,306.572993
-2327.000000,0.000001
4534.500000,-7853.984387
1254.500000,2172.857738
-21353.000000,0.000002
8103.999998,-14036.539746
-8182.000003,-14171.639706
-2369.000000,0.000000
4199.999999,-7274.613392
-8429.500002,-14600.322281
-21866.000000,0.000005
-427.000000,739.585695
681.500000,1180.392625
-18900.000000,0.000003
-5183.499998,8978.085362
-12368.500006,-21422.870410
-18548.000000,0.000002
-426.000000,737.853644
-147.500000,-255.477494
-2715.000000,0.000001
4436.999997,-7685.109435
-8018.999999,-13889.315426
-19156.000000,-0.000000
2204.499999,-3818.306006
-7103.000004,-12302.756884
19200.000000,-0.000008
3156.500000,-5467.218374
3982.500000,6897.892341
16528.000000,-0.000002
4885.999999,-8462.800247
203.500000,352.472339
-21313.000000,0.000001
983.000000,-1702.605944
12993.000004,22504.536141
16697.000000,-0.000004
-3025.000000,5239.453693
12413.500002,21500.812698
16403.000000,-0.000003
13315.999995,-23063.988557
5854.000003,10139.425426
-2332.000000,0.000000
1211.000000,-2097.513528
8559.500003,14825.488885
-21012.000000,0.000006
-8272.499995,14328.390309
4710.500000,8158.825329
16699.000000,-0.000004
2837.499999,-4914.694167
4279.000003,7411.445404
17049.000000,0.000001
-3144.500000,5446.433764
6821.500001,11815.184583
-2633.000000,0.000000
5947.999996,-10302.238206
3896.000000,6748.069946
-2631.000000,0.000000
-8035.499998,13917.894265
11824.000004,20479.768746
17176.000000,-0.000004
-2582.000000,4472.155185
6476.000002,11216.761029
346.000000,-0.000000
-7632.499997,13219.877791
-6198.000001,-10735.250905
2664.000000,-0.000000
487.000000,-843.508743
-5189.500002,-8988.477665
-475.000000,0.000000
5633.499999,-9757.508225
13363.000005,23145.394939
18725.000000,-0.000005
-557.500000,965.618325
-666.000000,-1153.545838
18725.000000,0.000001
-3838.000000,6647.611000
13125.500002,22734.032874
-475.000000,0.000000
3061.500000,-5302.673547
-7497.500000,-12986.050929
3315.000000,-0.000000
-5719.499998,9906.464595
-14140.000005,-24491.198416
-168.000000,0.000000
4614.999999,-7993.414477
4833.000001,8371.001552
-518.000000,0.000000
4284.499998,-7420.971686
-3018.500001,-5228.195362
-16356.000000,0.000003
-3557.999999,6162.636774
8464.000004,14660.078033
-346.000000,0.000000
-8711.499998,15088.760612
5340.000002,9249.151311
-2664.000000,0.000001
7379.999996,-12782.534962
6492.499999,11245.339869
301.000000,0.000000
-4842.499998,8387.456037
-4264.000003,-7385.464642
-15708.000000,0.000006
-12122.000000,20995.919889
2562.500000,4438.380194
-518.000000,0.000000
5632.499998,-9755.776175
4766.000000,8254.954149
3.000000,-0.000000
-3789.999999,6564.472561
4499.500001,7793.362608
2.000000,-0.000000
13113.999999,-22714.114291
-3666.000001,-6349.698260
-344.000000,0.000000
-13880.499994,24041.731238
-5308.000003,-9193.725685
-18722.000000,0.000002
-416.000000,720.533136
-8749.500004,-15154.578539
-19246.000000,0.000006
-13668.499991,23674.536468
-3763.000000,-6517.707189
-16351.000000,0.000004
3645.999998,-6315.057246
75.500000,130.769836
18815.000000,0.000001
4704.500000,-8148.433024
-9580.000001,-16593.046736
-19195.000000,0.000003
-12402.999991,21482.626172
3318.500000,5747.810605
-16877.000000,0.000001
-3611.499999,6255.301492
658.500000,1140.555457
1985.000000,-0.000001
2525.000000,-4373.428289
-6943.500002,-12026.494781
2633.000000,-0.000001
-6053.499997,10484.969565
-3253.500001,-5635.227302
-16226.000000,0.000002
-3982.499999,6897.892342
5027.500002,8707.885434
-18899.000000,0.000006
537.000000,-930.111284
1103.000000,1910.452041
-171.000000,0.000000
-84.000000,145.492268
9138.500006,15828.346301
21226.000000,0.000000
8857.499999,-15341.640028
-797.500000,-1381.310519
21700.000000,-0.000008
-8045.500000,13935.214772
-6614.000001,-11455.784041
2193.000000,-0.000000
-866.000000,1499.955999
-9083.500003,-15733.083509
0.000000,-0.000000
-86.000000,148.956369
-29.500000,-51.095499
-2368.000000,0.000001
14602.499993,-25292.271922
1125.000000,1948.557158
-19503.000000,0.000003
3452.499999,-5979.905414
-7701.500004,-13339.389292
298.000000,0.000000
-8326.499998,14421.921051
7006.500003,12135.613982
349.000000,-0.000000
-8258.499995,14304.141597
-1761.000000,-3050.141472
19026.000000,-0.000000
-4581.500000,7935.390775
-1706.500001,-2955.744703
-473.000000,0.000000
-9395.500000,16273.483363
192.500000,333.419780
2664.000000,-0.000000
-5545.999998,9605.953780
-4584.000000,-7939.720902
349.000000,-0.000000
3880.999999,-6722.089185
-5317.000002,-9209.314143
16007.000000,-0.000004
-4488.499999,7774.310050
-898.500000,-1556.247650
-18809.000000,0.000004
-5804.999997,10054.554939
-9082.000005,-15730.485432
18674.000000,-0.000003
-4173.499999,7228.714046
13050.500006,22604.129061
-123.000000,0.000000
2912.499998,-5044.597978
-7971.000000,-13806.176987
22342.000000,-0.000001
120.500000,-208.712122
-6451.500004,-11174.325783
-470.000000,-0.000000
5839.000000,-10113.444666
3458.000001,5989.431692
-523.000000,0.000000
-13143.999995,22766.075817
-5290.000000,-9162.548772
-16181.000000,0.000001
-14140.999996,24492.930472
-976.500000,-1691.347613
21175.000000,-0.000006
-9736.999998,16864.978714
-801.000000,-1387.372697
-123.000000,0.000000
-492.500000,853.035023
3985.500001,6903.088493
19671.000000,-0.000003
1008.000000,-1745.907214
-6465.000003,-11197.708469
517.000000,-0.000000
6325.500001,-10956.087383
-1809.000001,-3133.279910
-2503.000000,0.000001
-1987.999999,3443.317006
6604.000005,11438.463531
-2630.000000,-0.000000
-2482.500000,4299.816130
11510.000002,19935.904794
16398.000000,-0.000003
-3105.500000,5378.883783
11392.500001,19732.388825
16398.000000,-0.000002
-2956.999999,5121.674238
11748.000005,20348.132885
-2151.000000,0.000000
-8537.999998,14788.249796
93.000000,161.080725
472.000000,-0.000000
755.500000,-1308.564385
3566.000001,6176.493179
-19204.000000,0.000003
787.000000,-1363.123986
-7627.000004,-13210.351507
-21525.000000,-0.000002
-473.500000,820.126057
14152.000006,24511.983025
17006.000000,-0.000005
6075.499996,-10523.074684
7497.499999,12986.050930
-2495.000000,0.000000
5585.999999,-9675.235811
-9126.000006,-15806.695667
-19026.000000,0.000008
-4380.500000,7587.248563
-4701.500001,-8143.236871
2453.000000,-0.000000
8643.499997,-14970.981157
-12160.000000,-21061.737820
-17176.000000,0.000001
-5656.499999,9797.345394
1730.500001,2997.313922
-2.000000,0.000000
6884.999999,-11925.169811
-3497.000001,-6056.981674
16708.000000,-0.000003
2982.499999,-5165.841534
-4167.500002,-7218.321739
19200.000000,-0.000003
7315.499997,-12670.817684
-13089.500006,-22671.679042
-18855.000000,0.000006
-277.000000,479.778074
-7644.000000,-13239.796373
-21572.000000,0.000001
8686.999995,-15046.325368
1840.500001,3187.839511
-21217.000000,-0.000000
9834.499999,-17033.853667
965.500000,1672.295055
-39.000000,0.000000
8809.999997,-15259.367617
-12962.500001,-22451.708593
-16872.000000,0.000002
-4056.499999,7026.064102
-5289.000002,-9160.816720
-16874.000000,0.000005
-12997.499998,22512.330373
-778.500000,-1348.401554
-515.000000,0.000000
-10028.999995,17370.737552
5620.000001,9734.125538
-168.000000,0.000000
2696.499999,-4670.475003
1780.000001,3083.050437
3143.000000,-0.000001
-4648.000001,8050.572153
-4756.500000,-8238.499666
2676.000000,-0.000001
45.000000,-77.942286
-1760.500001,-3049.275446
21009.000000,0.000000
-8354.499999,14470.418472
-6056.000001,-10489.299690
-16702.000000,0.000003
-12476.500000,21609.931901
4374.500000,7576.856257
-16699.000000,0.000002
-3952.499999,6845.930818
9286.000004,16083.823797
21313.000000,-0.000001
955.000000,-1654.108521
4379.000001,7584.650486
-16525.000000,0.000004
-2887.499998,5001.296708
5014.500001,8685.368774
-18899.000000,0.000004
776.000000,-1344.071427
-13.500000,-23.382686
301.000000,0.000000
-475.500000,823.590159
-14464.000006,-25052.382877
-298.000000,0.000000
-3406.999998,5901.097103
11343.999999,19648.384361
18207.000000,-0.000000
-818.500000,1417.683586
-8173.500002,-14156.917275
2844.000000,-0.000001
-4962.500000,8595.302133
4649.000001,8052.304204
3143.000000,-0.000000
10213.499996,-17690.300925
-4341.000000,-7518.832556
-645.000000,0.000000
13113.499997,-22713.248267
-3923.500001,-6795.701343
-2844.000000,0.000001
-9216.499999,15963.446269
542.000000,938.771538
-21355.000000,0.000004
7197.999997,-12467.301715
-1408.000001,-2438.727537
-2495.000000,0.000000
7278.999997,-12607.597830
5721.000003,9909.062669
19327.000000,-0.000006
1054.499999,-1826.447577
4576.000000,7925.864496
-16312.000000,0.000001
4766.499999,-8255.820175
1157.000001,2003.982784
18680.000000,0.000000
13429.499999,-23260.576321
5559.500001,9629.336464
-2669.000000,0.000000
9383.499996,-16252.698755
1685.500000,2919.371636
-18682.000000,0.000002
3362.499999,-5824.020841
-8400.000003,-14549.226782
21178.000000,-0.000006
-9999.999998,17320.508077
-1392.500000,-2411.880749
2673.000000,-0.000001
-14110.999993,24440.968950
-4713.500001,-8164.021481
2842.000000,-0.000000
-1232.500000,2134.752621
521.500000,903.264496
19026.000000,-0.000007
5026.500000,-8706.153384
8634.500000,14955.392698
-2320.000000,0.000001
13617.499992,-23586.201877
-7911.500006,-13703.119961
-177.000000,0.000000
-424.500000,735.255568
-3460.000001,-5992.895794
-19503.000000,0.000004
8486.000000,-14698.183153
5488.500001,9506.360857
-2196.000000,0.000000
-7123.999998,12339.129954
7082.000003,12266.383817
-1849.000000,0.000000
6321.999999,-10950.025206
-1675.500001,-2902.051128
-304.000000,0.000000
-8517.999995,14753.608782
-345.000000,-597.557529
21397.000000,-0.000004
7788.999997,-13490.943742
-582.500000,-1008.919595
19026.000000,0.000002
4918.000000,-8518.225871
-9645.000004,-16705.630037
-21183.000000,0.000007
-7765.499995,13450.240549
8571.000000,14845.407472
-2332.000000,0.000000
13980.999998,-24215.802342
4237.000001,7338.699271
16398.000000,-0.000007
-3217.500000,5572.873473
12292.500002,21291.234551
16745.000000,-0.000003
5323.999998,-9221.438501
12605.000001,21832.500429
16223.000000,-0.000002
5270.999999,-9129.639808
3734.500001,6468.343740
512.000000,-0.000000
-12009.999998,20801.930200
2246.000001,3890.186113
343.000000,-0.000000
-3470.999998,6011.948354
3231.000002,5596.256158
18375.000000,0.000001
-610.000000,1056.550993
408.500000,707.542755
45.000000,-0.000000
8738.999994,-15136.392011
4755.000000,8235.901590
19021.000000,-0.000001
370.500000,-641.724824
-269.500000,-466.787693
44.000000,0.000000
-850.500000,1473.109212
4581.500001,7935.390774
19674.000000,-0.000003
-8311.999997,14396.806314
2739.000000,4744.087162
0.000000,-0.000000
5552.999998,-9618.078135
-55.500000,-96.128820
-19674.000000,0.000006
-13954.499997,24169.902996
903.000000,1564.041879
-44.000000,0.000000
8207.499996,-14215.807006
807.000000,1397.765002
-19195.000000,0.000004
-11731.499995,20319.554052
7676.500004,13296.088022
2154.000000,-0.000001
-5510.500000,9544.465975
-7518.000000,-13021.557971
2804.000000,-0.000000
3558.999998,-6164.368825
-4357.500003,-7547.411392
-18722.000000,0.000000
645.500000,-1118.038796
-8024.000002,-13897.975679
-21570.000000,0.000004
-724.000000,1254.004785
697.500000,1208.105438
-21051.000000,0.000003
-7559.999997,13094.304107
7320.500003,12679.477935
-2495.000000,0.000000
-2560.499999,4434.916093
12715.000004,22023.026016
18380.000000,-0.000005
8632.499995,-14951.928599
-89.500000,-155.018547
3013.000000,-0.000001
-12918.499994,22375.498361
-4791.500003,-8299.121443
174.000000,0.000000
12813.500001,-22193.633022
4301.500000,7450.416549
18680.000000,-0.000006
-6917.499995,11981.461464
2338.500000,4050.400814
-19325.000000,0.000001
1005.000000,-1740.711062
5238.000001,9072.482129
-50.000000,0.000000
-5037.000000,8724.339918
-3318.000001,-5746.944579
-18674.000000,0.000003
-1018.000000,1763.227722
5838.500000,10112.578640
18983.000000,-0.000002
7114.499998,-12322.675472
-11955.000005,-20706.667402
-18852.000000,0.000005
728.000000,-1260.932988
9676.000003,16759.323612
-21223.000000,0.000005
655.500000,-1135.359305
1115.000001,1931.236650
-2543.000000,-0.000000
13457.999995,-23309.939771
1392.000001,2411.014724
-19154.000000,0.000007
-3514.499998,6087.292565
8251.000000,14291.151213
18851.000000,-0.000001
5318.499999,-9211.912221
4670.000001,8088.677271
-2149.000000,0.000000
9126.999999,-15808.427721
1122.500000,1944.227031
-1678.000000,0.000000
14700.999994,-25462.878926
-740.000000,-1281.717598
-2842.000000,0.000000
6438.499998,-11151.809126
-149.500000,-258.941596
-19199.000000,0.000006
3792.499999,-6568.802688
-11420.000004,-19780.020220
-18900.000000,0.000005
645.500000,-1118.038796
10032.499998,17376.799728
-21868.000000,0.000004
9482.999996,-16425.037811
5252.500003,9097.596865
-2193.000000,0.000001
-8399.500001,14548.360758
-1320.500000,-2287.173091
176.000000,-0.000000
-9414.499994,16306.392331
-975.500001,-1689.615562
-347.000000,0.000000
-8356.999999,14474.748600
8970.500002,15537.361768
-18375.000000,0.000004
-3048.000000,5279.290862
4594.000001,7957.041410
-47.000000,0.000000
13664.999995,-23668.474288
-8220.000004,-14237.457636
-19328.000000,0.000002
-13114.499997,22714.980318
8217.500003,14233.127509
19198.000000,-0.000005
4217.999998,-7305.790308
4196.000001,7267.685188
16708.000000,-0.000004
4889.999998,-8469.728450
-1501.000001,-2599.808262
-5.000000,-0.000000
1542.000000,-2670.822345
-4758.000000,-8241.097742
-16832.000000,0.000006
-4873.999997,8442.015638
31.000000,53.693575
21657.000000,-0.000001
-201.500000,349.008238
-5359.500002,-9282.926302
2329.000000,-0.000001
1750.000000,-3031.088913
3276.000001,5674.198445
-17350.000000,0.000003
-13036.499995,22579.880356
676.000000,1170.866346
2799.000000,-0.000000
-4819.499999,8347.618868
3394.000001,5878.580440
650.000000,-0.000000
-2457.500000,4256.514860
-1825.000001,-3160.992723
-3148.000000,0.000001
3538.499998,-6128.861784
-3128.500002,-5418.720950
-2799.000000,-0.000000
-773.000000,1338.875274
13005.500007,22526.186774
19029.000000,-0.000007
-8820.999994,15278.420177
-1178.500000,-2041.221877
2672.000000,-0.000000
-12908.499997,22358.177851
4224.500001,7317.048636
-18725.000000,0.000000
10095.499999,-17485.918929
1652.000000,2861.347934
-21570.000000,0.000004
8971.499996,-15539.093822
-7839.000001,-13577.546280
-21046.000000,0.000003
-707.000000,1224.559921
-8430.000004,-14601.188306
-2369.000000,0.000001
4328.999999,-7498.047947
-19.000000,-32.908965
-21348.000000,0.000005
-488.500000,846.106820
-8163.499999,-14139.596768
-2374.000000,-0.000000
5099.499998,-8832.593095
9482.000005,16423.305754
-21821.000000,0.000008
1244.000000,-2154.671205
13145.500001,22768.673890
19150.000000,-0.000002
1006.500000,-1743.309138
-4727.000004,-8187.404165
-18978.000000,0.000001
1051.000000,-1820.385399
13144.000003,22766.075813
18508.000000,-0.000004
532.500000,-922.317055
-1046.500000,-1812.591170
2675.000000,-0.000000
-3644.499999,6312.459169
-4444.500002,-7698.099813
-18725.000000,0.000002
8807.499998,-15255.037489
-6812.000003,-11798.730100
-21744.000000,0.000006
7640.999996,-13234.600223
-6239.000002,-10806.264987
-18852.000000,0.000004
3437.999998,-5954.790677
-148.500000,-257.209545
19327.000000,0.000001
-3497.500000,6057.847699
-2060.500000,-3568.890689
44.000000,-0.000000
-9342.999993,16182.550699
-213.500000,-369.792847
18894.000000,-0.000001
12532.499998,-21706.926747
5268.500002,9125.309679
16052.000000,-0.000004
12359.499999,-21407.281957
-2551.500001,-4419.327635
45.000000,-0.000000
-6615.499997,11458.382119
-73.500000,-127.305734
21995.000000,-0.000003
-7939.499998,13751.617388
3451.000001,5977.307336
-18854.000000,0.000006
8961.499998,-15521.773313
-8252.000003,-14292.883263
-173.000000,0.000000
-9686.499995,16777.510150
-579.500000,-1003.723443
20882.000000,0.000001
-593.000000,1027.106129
9589.000005,16608.635191
2495.000000,-0.000001
5051.499996,-8749.454657
-4015.500000,-6955.050018
-18856.000000,0.000001
964.000000,-1669.696979
3618.500001,6267.425846
19026.000000,-0.000000
-8050.499999,13943.875027
6176.000001,10697.145787
19550.000000,-0.000004
-3619.499998,6269.157899
-769.500000,-1332.813096
-2500.000000,0.000000
5287.999998,-9159.084671
9631.000004,16681.381325
-22172.000000,0.000007
1319.500000,-2285.441041
13771.500005,23852.937694
-45.000000,0.000000
-3728.999998,6458.817463
-4057.499999,-7027.796152
-15875.000000,-0.000000
4745.499998,-8219.447109
-3861.000002,-6687.448167
2455.000000,-0.000001
1685.500000,-2919.371636
4435.500000,7682.511357
-19542.000000,0.000002
10183.999997,-17639.205426
805.500001,1395.166925
-18724.000000,0.000001
-3242.499999,5616.174744
-5969.500002,-10339.477295
301.000000,-0.000000
-1937.500000,3355.848440
6607.000001,11443.659685
-470.000000,0.000000
740.000000,-1281.717598
-487.000000,-843.508743
21525.000000,-0.000002
728.000000,-1260.932988
3808.000002,6595.649474
2025.000000,-0.000001
1157.499999,-2004.848810
9220.499999,15970.374472
2498.000000,-0.000001
-4656.999998,8066.160612
-4971.500003,-8610.890588
132.000000,0.000000
-2718.500000,4708.580120
8239.500001,14271.232628
-19373.000000,0.000002
4072.999997,-7054.642941
-11376.500000,-19704.676012
-18553.000000,0.000001
-510.500000,884.211937
1093.000000,1893.131532
-3013.000000,0.000001
12865.499998,-22283.699666
6065.000001,10504.888147
174.000000,-0.000000
-3588.999998,6216.330349
3137.500000,5434.309409
171.000000,-0.000000
-3365.999999,5830.083019
4508.500002,7808.951065
-3318.000000,0.000001
-1823.500000,3158.394648
6860.500002,11882.734564
817.000000,-0.000000
3804.999998,-6590.453324
-4690.000003,-8123.318286
346.000000,0.000000
4538.000000,-7860.046565
-4322.500001,-7486.789615
18854.000000,-0.000007
-324.500000,562.050487
4114.000000,7125.657022
2847.000000,-0.000000
10094.499997,-17484.186878
-4159.500001,-7204.465333
2146.000000,-0.000000
10257.999998,-17767.377185
-4865.500001,-8427.293204
-19501.000000,0.000004
-75.000000,129.903811
-4650.000001,-8054.036255
18855.000000,-0.000003
-9423.999997,16322.846813
7613.500004,13186.968821
21874.000000,-0.000007
975.000000,-1688.749538
4033.000002,6985.360906
2019.000000,-0.000001
1408.499999,-2439.593563
8505.499999,14731.958144
2022.000000,0.000000
-4167.499998,7218.321742
-1213.000001,-2100.977629
21525.000000,-0.000009
-8894.000000,15404.859882
-1482.000000,-2566.899297
-473.000000,0.000000
-10094.999997,17485.052904
5488.500002,9506.360856
648.000000,-0.000000
-4756.499999,8238.499667
4650.000001,8054.036254
472.000000,-0.000000
13976.999999,-24208.874138
-8250.500002,-14290.285187
-21693.000000,0.000004
302.500000,-523.945369
74.500000,129.037785
-47.000000,0.000000
1618.000000,-2802.458207
3719.500002,6442.362978
-16653.000000,0.000005
-3501.499998,6064.775904
-1373.500000,-2378.971784
18981.000000,-0.000005
-3609.499998,6251.837391
-43.500000,-75.344210
-21995.000000,-0.000001
8219.000000,-14235.725587
5497.500001,9521.949314
467.000000,-0.000000
-13199.499990,22862.204640
-4877.000000,-8447.211788
346.000000,-0.000000
4616.499999,-7996.012554
12595.500004,21816.045944
18550.000000,-0.000005
-7705.499999,13346.317498
7894.000002,13672.809074
21744.000000,-0.000004
8838.999996,-15309.597090
-565.000000,-978.608706
19023.000000,-0.000003
5926.499998,-10264.999112
-1331.500001,-2306.225650
-21178.000000,0.000007
-6522.000001,11296.435366
7081.000002,12264.651767
-2374.000000,0.000001
5391.999997,-9339.217956
-9169.000006,-15881.173851
-21348.000000,-0.000001
463.000000,-801.939524
-20.000000,-34.641016
-2543.000000,0.000001
13360.499990,-23141.064820
-7005.500000,-12133.881932
-19024.000000,0.000002
3986.499999,-6904.820545
-4861.500002,-8420.365000
2971.000000,-0.000000
-7564.999999,13102.964360
-5615.500002,-9726.331309
-168.000000,0.000000
12669.999994,-21945.083735
-8583.500002,-14867.058106
-822.000000,0.000000
-1082.000000,1874.078974
-9188.500004,-15914.948843
2365.000000,-0.000001
-13590.999996,23540.302528
8262.000003,14310.203770
19373.000000,-0.000005
12424.999993,-21520.731288
-4399.000000,-7619.291503
16875.000000,0.000000
-4756.500000,8238.499666
-732.500000,-1268.727216
-2156.000000,0.000001
5346.500000,-9260.409643
9182.500001,15904.556540
-304.000000,0.000000
9276.999997,-16068.235343
444.000000,769.030558
21693.000000,-0.000001
86.000000,-148.956369
-5695.500002,-9864.895373
47.000000,-0.000000
-4347.000000,7529.224861
2965.500001,5136.396669
16007.000000,-0.000003
-4402.499998,7625.353681
-908.500000,-1573.568158
-18505.000000,0.000002
-5351.499998,9269.069898
-12846.000005,-22249.924671
-50.000000,0.000000
5162.999997,-8942.578321
9319.499999,16141.847502
-19325.000000,0.000000
-4505.999998,7804.620940
193.500000,335.151831
19502.000000,0.000001
4770.000000,-8261.882352
-1837.500000,-3182.643359
-2669.000000,0.000000
-2012.999999,3486.618276
8313.000000,14398.538363
-19159.000000,0.000002
-3856.499999,6679.653940
9306.500003,16119.330839
19499.000000,-0.000005
4886.999999,-8464.532297
-948.500000,-1642.850191
-2968.000000,0.000001
-4444.999998,7698.965841
5125.500001,8877.626414
-650.000000,0.000000
2888.999999,-5003.894784
1954.500001,3385.293303
3148.000000,-0.000001
3470.000000,-6010.216302
-13405.000005,-23218.141073
2799.000000,-0.000001
-8470.999995,14672.202394
-5944.500004,-10296.176023
-19198.000000,-0.000000
-326.000000,564.648563
-8889.000002,-15396.199628
-348.000000,0.000000
-74.500000,129.037785
-1070.000000,-1853.294364
-298.000000,0.000000
-8863.499997,15352.032334
3675.500001,6366.152742
18855.000000,-0.000001
-742.500000,1286.047725
399.500000,691.954298
2371.000000,-0.000001
4176.999998,-7234.776224
385.500000,667.705586
124.000000,-0.000000
106.500000,-184.463411
-8770.000004,-15190.085580
-18677.000000,0.000006
-5112.999998,8855.975780
-193.000000,-334.285806
19153.000000,-0.000006
4627.499997,-8015.065114
758.000000,1312.894512
-21995.000000,0.000000
-908.000000,1572.702133
5469.500003,9473.451890
-346.000000,0.000000
-14682.000000,25429.969957
862.500000,1493.893821
2971.000000,-0.000000
3803.999999,-6588.721273
-4002.000002,-6931.667331
-18680.000000,0.000001
227.000000,-393.175533
-4801.000002,-8315.575926
16660.000000,-0.000004
3246.000000,-5622.236922
-9914.500002,-17172.417730
171.000000,-0.000000
-7634.999997,13224.207918
2603.500001,4509.394277
-19162.000000,0.000003
-6941.499998,12023.030682
12108.500005,20972.537200
16354.000000,-0.000005
5052.999997,-8752.052733
4217.000000,7304.058256
19074.000000,-0.000000
7227.499996,-12518.397214
-7826.500005,-13555.895642
21220.000000,0.000001
-604.000000,1046.158688
9406.500001,16292.535921
2844.000000,-0.000000
4854.499998,-8408.240646
-5122.000000,-8871.564236
124.000000,-0.000000
-2954.999999,5118.210137
-207.500000,-359.400543
-19499.000000,0.000005
-6008.999999,10407.893303
314.000000,543.863954
21352.000000,-0.000005
-8604.999996,14904.297201
8088.500001,14009.692956
-168.000000,0.000000
8206.999997,-14214.940979
-6439.000003,-11152.675148
-19032.000000,0.000006
-4638.500001,8034.117671
9004.500000,15596.251497
171.000000,-0.000000
563.000000,-975.144605
4747.000003,8222.045182
17004.000000,0.000000
13957.499999,-24175.099147
-613.500000,-1062.613170
219.000000,-0.000000
162.000000,-280.592231
-10170.500001,-17615.822738
18677.000000,-0.000002
3348.999999,-5800.638155
-8281.000003,-14343.112736
-18854.000000,0.000001
-4220.499999,7310.120434
4824.500001,8356.279120
2495.000000,-0.000001
8432.499996,-14605.518437
-8755.000002,-15164.104819
20705.000000,-0.000004
-752.000000,1302.502207
41.500000,71.880109
2371.000000,-0.000001
-4450.000000,7707.626093
8138.000003,14095.429470
22170.000000,-0.000007
-7056.999996,12223.082552
1676.500000,2903.783179
-475.000000,0.000000
-2224.000000,3852.080996
12255.000003,21226.282645
-475.000000,0.000000
-4392.000000,7607.167147
-1052.500000,-1822.983475
21694.000000,-0.000003
-8894.499997,15405.725910
-1440.500001,-2495.019188
-129.000000,0.000000
-10124.999998,17537.014428
5023.500002,8700.957231
19370.000000,-0.000005
-643.000000,1113.708669
7611.500002,13183.504721
19547.000000,-0.000004
-3262.499999,5650.815761
-1849.500001,-3203.427968
-2501.000000,0.000000
-2790.499999,4833.287779
7274.500003,12599.803598
-21524.000000,0.000007
-7525.999995,13035.414381
-932.500000,-1615.137378
123.000000,-0.000000
-477.000000,826.188235
-13990.000009,-24231.390793
-19325.000000,-0.000000
-9417.999999,16312.454506
4842.000001,8386.590010
19328.000000,-0.000003
7135.499997,-12359.048539
-13649.000001,-23640.761472
-295.000000,0.000000
-4465.499999,7734.472882
4874.000002,8442.015635
-523.000000,0.000000
3460.999999,-5994.627845
-3849.500001,-6667.529583
-16178.000000,0.000004
-12056.999994,20883.336590
7828.000001,13558.493721
21476.000000,-0.000004
1.000000,-1.732051
-3526.500002,-6108.077172
-18978.000000,0.000007
8426.000001,-14594.260104
4831.000000,8367.537451
16007.000000,-0.000005
-3091.999998,5355.501098
13039.000009,22584.210475
-130.000000,-0.000000
4123.000000,-7141.245480
901.500000,1561.443803
515.000000,-0.000000
575.000000,-995.929214
3479.500000,6026.670785
16528.000000,-0.000002
5050.499998,-8747.722605
4726.000002,8185.672115
-2799.000000,0.000000
8607.999998,-14909.493353
6398.000002,11081.661066
168.000000,-0.000000
2768.499999,-4795.182662
-6919.500002,-11984.925562
0.000000,-0.000000
-1729.499999,2995.581872
6476.500003,11217.627053
-168.000000,0.000000
2844.000000,-4925.952497
1590.500001,2754.826809
2799.000000,-0.000001
-4705.499997,8150.165077
-3168.500000,-5488.002984
-16528.000000,0.000000
3598.999999,-6233.650857
1591.000000,2755.692835
-518.000000,0.000000
-586.000000,1014.981773
6152.000001,10655.576568
648.000000,-0.000000
2441.999999,-4229.668073
-11696.000005,-20258.066242
518.000000,-0.000000
12982.499997,-22486.349611
5020.000002,8694.895053
15705.000000,-0.000004
4281.999999,-7416.641558
4886.000001,8462.800245
214.000000,-0.000000
-5272.999998,9133.103910
-877.500000,-1519.874583
19539.000000,0.000002
-2907.999999,5036.803749
11137.000005,19289.849841
16402.000000,-0.000005
4157.999997,-7201.867259
-4878.500000,-8449.809865
18719.000000,-0.000001
-807.000000,1397.765002
-954.500001,-1653.242495
2709.000000,0.000000
-12539.999999,21719.917127
8204.500001,14210.610850
19370.000000,-0.000003
13271.999995,-22987.778321
5188.500000,8986.745615
16224.000000,-0.000002
5345.999998,-9259.543618
12766.500005,22112.226632
-2458.000000,0.000001
-8840.499998,15312.195165
3821.000001,6618.166135
19541.000000,-0.000005
-8988.999995,15569.404712
6721.999999,11642.845529
18899.000000,-0.000003
-2880.999999,4990.038377
11770.000006,20386.238002
-2498.000000,0.000001
-7219.000001,12503.674779
8729.500000,15119.937525
-21057.000000,0.000001
723.500000,-1253.138760
933.500001,1616.869428
-21353.000000,0.000000
88.500000,-153.286496
3878.000001,6716.893031
17001.000000,-0.000003
5481.999998,-9495.102528
-667.500000,-1156.143914
-2450.000000,0.000000
5762.999998,-9981.808805
12339.000005,21371.774912
19026.000000,-0.000001
-118.500000,205.248021
-13825.500005,-23946.468437
2667.000000,-0.000001
-533.500000,924.049106
-3707.500001,-6421.578369
-19499.000000,0.000004
-769.000000,1331.947071
4878.000003,8448.943838
18810.000000,-0.000007
-929.500000,1609.941226
-13797.000001,-23897.104992
-16181.000000,0.000005
-4240.499997,7344.761451
-5719.500000,-9906.464594
2321.000000,-0.000000
-7299.499999,12643.104871
7616.000002,13191.298949
21057.000000,-0.000004
7629.000000,-13213.815611
-8799.500001,-15241.181080
21356.000000,-0.000003
-127.000000,219.970453
-4845.000002,-8391.786161
-16533.000000,0.000002
-2921.999999,5061.052460
3945.000001,6832.940435
-19198.000000,0.000005
-8161.999999,14136.998692
3771.500001,6532.429620
18981.000000,-0.000004
131.000000,-226.898656
-5697.000003,-9867.493449
-18975.000000,-0.000001
-278.500000,482.376150
-3624.500002,-6277.818151
18807.000000,-0.000006
-366.500000,634.796621
4457.500000,7720.616475
-16824.000000,0.000001
-4681.499999,8108.595856
1642.500000,2844.893451
2278.000000,0.000000
-4660.000000,8071.356764
5231.000001,9060.357774
-15877.000000,0.000003
4355.499998,-7543.947293
-13243.500001,-22938.414869
-515.000000,0.000000
-4819.999999,8348.484893
4702.500002,8144.968921
-515.000000,0.000000
-4744.999999,8218.581082
4227.500001,7322.244788
-15880.000000,0.000004
-12102.999994,20963.010928
-5923.999999,-10260.668985
2630.000000,-0.000000
-660.500000,1144.019559
-13393.000007,-23197.356462
1985.000000,-0.000001
8767.500001,-15185.755455
-3480.500000,-6028.402836
-17046.000000,0.000001
5412.499997,-9374.724998
-4129.000003,-7151.637783
-16875.000000,0.000000
-3699.000000,6406.855937
539.500000,934.441411
304.000000,-0.000000
9277.499996,-16069.101370
-238.000000,-412.228092
-1844.000000,0.000000
5231.999998,-9062.089826
-10192.500005,-17653.927854
-2673.000000,0.000000
-3095.499999,5361.563275
8131.500003,14084.171140
-21524.000000,0.000006
472.500000,-818.394007
1189.000000,2059.408410
-174.000000,0.000000
-800.000000,1385.640646
174.500000,302.242866
-645.000000,0.000000
-1318.500000,2283.708990
-3928.000000,-6803.495572
476.000000,-0.000000
-6236.999996,10802.800889
-12878.500000,-22306.216326
2669.000000,-0.000000
-75.000000,129.903811
8150.500002,14117.080106
0.000000,-0.000000
-7069.499999,12244.733184
8109.000001,14045.199998
-2498.000000,0.000000
5612.499998,-9721.135159
14096.000007,24414.988180
-2495.000000,0.000000
1040.500000,-1802.198865
9394.500004,16271.751310
470.000000,-0.000000
9986.499998,-17297.125391
-3796.500001,-6575.730890
-19156.000000,0.000004
-117.000000,202.649945
5633.000003,9756.642197
16010.000000,0.000001
4000.500000,-6929.069256
14001.500007,24251.309378
518.000000,-0.000000
-4701.999997,8144.102899
-3599.500000,-6234.516882
343.000000,-0.000000
4948.999999,-8571.919447
12414.000004,21501.678723
19029.000000,-0.000000
44.000000,-76.210236
-13825.500003,-23946.468438
169.000000,-0.000000
4354.499998,-7542.215243
-35.000000,-60.621778
-21997.000000,0.000003
-9306.999997,16120.196868
3827.000002,6628.558440
18981.000000,-0.000006
-8519.499998,14756.206856
3631.000001,6289.076482
-16007.000000,0.000004
-3112.499998,5391.008140
4538.499999,7860.912591
124.000000,0.000000
6377.499997,-11046.154027
8640.000005,14964.918975
-296.000000,0.000000
100.500000,-174.071106
-756.000000,-1309.430411
18851.000000,-0.000002
-4270.499999,7396.722974
-1160.000001,-2009.178936
-21826.000000,0.000001
-9208.999999,15950.455888
4608.500001,7982.156146
-2678.000000,0.000001
-8881.499996,15383.209250
12771.500002,22120.886888
-1980.000000,0.000000
-7831.499997,13564.555901
12016.000006,20812.322501
17043.000000,-0.000002
-3148.499999,5453.361968
11391.000004,19729.790747
16573.000000,-0.000004
-3150.999998,5457.692096
11393.000003,19733.254849
18896.000000,-0.000004
-7766.499996,13451.972599
8385.500005,14524.112044
-2.000000,0.000000
9419.000000,-16314.186556
491.500000,851.302972
-19203.000000,0.000002
-13092.999991,22677.741229
784.500000,1358.793859
2669.000000,-0.000000
2913.499999,-5046.330028
236.000000,408.763991
19029.000000,-0.000004
5408.500000,-9367.796793
3202.000001,5546.026685
-2968.000000,0.000001
-9144.499996,15838.738612
5176.000003,8965.094978
473.000000,-0.000000
-5708.499998,9887.412036
-4119.500002,-7135.183301
-18725.000000,0.000005
-318.000000,550.792157
-7418.500002,-12849.218915
-18899.000000,0.000004
3887.999998,-6734.213541
-3532.000002,-6117.603451
2669.000000,0.000000
8180.500000,-14169.041631
-8134.000004,-14088.501266
18730.000000,-0.000007
3113.499998,-5392.740191
4958.500000,8588.373929
16357.000000,-0.000001
12028.999997,-20834.839166
-7142.000002,-12370.306866
-19330.000000,0.000000
-5701.999999,9876.153705
1849.000000,3202.561943
2148.000000,-0.000000
2116.999999,-3666.751560
-7524.000001,-13031.950276
2503.000000,-0.000000
-6161.499998,10672.031052
-8993.500004,-15577.198936
132.000000,-0.000000
-1298.000000,2248.201948
-7818.500003,-13542.039237
-18896.000000,0.000005
-5449.499997,9438.810878
-4056.499999,-7026.064101
-16229.000000,-0.000001
-12458.499994,21578.754989
3636.000002,6297.736735
2329.000000,-0.000001
1027.000000,-1778.816179
8760.000000,15172.765074
21358.000000,-0.000002
8403.999998,-14556.154988
-13631.000010,-23609.584552
2498.000000,-0.000000
656.500000,-1137.091355
-4952.500001,-8577.981624
-19026.000000,0.000004
517.500000,-896.336293
-215.500000,-373.256949
-2711.000000,0.000000
-3060.499999,5300.941497
8422.500004,14588.197924
-19370.000000,0.000002
-2962.999999,5132.066543
4449.000002,7705.894042
-16052.000000,0.000004
-2885.499998,4997.832606
-5818.499999,-10077.937624
-211.000000,0.000000
6335.499997,-10973.407893
-1062.000001,-1839.437957
-19541.000000,0.000008
-3123.500000,5410.060697
-5051.000000,-8748.588629
-16700.000000,0.000002
-3923.499997,6795.701345
212.000000,367.194771
-45.000000,0.000000
-278.000000,481.510125
1575.000000,2727.980022
-21175.000000,0.000005
54.500000,-94.396769
12921.500003,22380.694508
16832.000000,-0.000003
-3536.999999,6126.263707
-516.000000,-893.738217
176.000000,-0.000000
9079.999997,-15727.021334
-4553.000002,-7886.027326
-19207.000000,0.000006
1011.500000,-1751.969392
-8878.500003,-15378.013093
-21696.000000,0.000005
-1599.999999,2771.281293
-3361.000002,-5821.422763
18680.000000,0.000001
-768.500000,1331.081046
9389.500001,16263.091057
2543.000000,-0.000001
3123.999998,-5410.926724
-7113.500000,-12320.943420
21871.000000,-0.000002
6608.499998,-11446.257763
-8937.000003,-15479.338065
18854.000000,-0.000000
5054.999999,-8755.516833
-1143.000000,-1979.734073
-18685.000000,0.000004
-4004.999998,6936.863485
-14021.000002,-24285.084372
-2.000000,0.000000
3587.999999,-6214.598298
-5099.000002,-8831.727066
18209.000000,-0.000006
-1674.500000,2900.319078
-9296.500003,-16102.010331
3016.000000,-0.000001
-6032.499997,10448.596499
-13114.499998,-22714.980317
476.000000,0.000000
5012.500000,-8681.904673
8642.500005,14969.249102
-346.000000,0.000000
1899.000000,-3289.164484
4683.500000,8112.059957
-18854.000000,0.000002
10106.499997,-17504.971488
1231.000000,2132.154544
-2844.000000,0.000000
14225.999997,-24640.154790
4575.500001,7924.998469
-2969.000000,0.000001
-637.000000,1103.316365
-3006.000001,-5206.544727
-2199.000000,0.000000
8063.499997,-13966.391689
1845.500001,3196.499765
-18680.000000,0.000002
3363.999999,-5826.618917
-8250.000003,-14289.419161
21349.000000,-0.000006
-8787.499995,15220.396475
6887.499999,11929.499938
-299.000000,0.000000
-8722.999996,15108.679197
4202.000003,7278.077492
-1852.000000,0.000001
-8312.500000,14397.672338
8366.000001,14490.337056
-1678.000000,0.000000
13643.999996,-23632.101221
-8952.000000,-15505.318829
-3146.000000,0.000000
-4767.499999,8257.552226
4917.500002,8517.359845
-479.000000,0.000000
-5090.999999,8817.870662
9121.500002,15798.901440
515.000000,-0.000000
-451.000000,781.154914
-4621.000002,-8003.806780
16871.000000,-0.000002
-4211.999999,7295.398002
11503.000005,19923.780437
16742.000000,-0.000005
5324.000001,-9221.438499
3048.000001,5279.290861
16573.000000,-0.000004
-4404.499998,7628.817783
2990.000002,5178.831914
19192.000000,0.000001
-8204.000000,14209.744825
2603.500000,4509.394277
-18812.000000,0.000007
-7145.499995,12376.369049
12895.500001,22335.661189
16652.000000,-0.000001
4726.499999,-8186.538143
-464.000000,-803.671575
219.000000,-0.000000
-938.500000,1625.529683
-9904.000003,-17154.231197
19021.000000,-0.000004
-4564.999998,7906.811938
-1534.000000,-2656.965939
47.000000,-0.000000
-138.500000,239.889037
-399.500000,-691.954298
18849.000000,-0.000006
6001.499998,-10394.902923
8162.500003,14137.864715
-21997.000000,0.000006
1005.999999,-1742.443113
5445.499999,9431.882673
299.000000,0.000000
-3966.000000,6869.313503
4530.000003,7846.190157
2500.000000,-0.000001
8285.000000,-14350.040941
-8230.000001,-14254.778146
2326.000000,-0.000000
-13038.499996,22583.344457
2133.500001,3695.330397
2977.000000,-0.000000
-7625.499999,13207.753434
-5359.500002,-9282.926302
1980.000000,-0.000000
7838.499996,-13576.680257
-12920.500003,-22378.962458
-17347.000000,0.000003
-13979.999994,24214.070293
755.500000,1308.564385
1980.000000,-0.000000
2695.999999,-4669.608978
1887.500001,3269.245899
2498.000000,-0.000001
-4179.999997,7239.972377
8658.499999,14996.961918
346.000000,-0.000000
-7499.999996,12990.381059
11751.000007,20353.329036
17007.000000,-0.000007
4500.000000,-7794.228634
-9969.000001,-17266.814500
168.000000,-0.000000
-7612.999998,13186.102799
3663.000000,6344.502108
-19156.000000,0.000001
8263.999998,-14313.667875
-3473.500001,-6016.278479
16309.000000,-0.000004
-3567.500000,6179.091256
7093.500002,12286.302403
-18975.000000,0.000004
-12941.499994,22415.335529
-855.500000,-1481.769466
21474.000000,-0.000003
-86.500000,149.822395
-4476.000002,-7752.659414
-16477.000000,0.000005
4595.500001,-7959.639486
844.500000,1462.716907
18807.000000,-0.000005
12929.999993,-22395.416946
-7199.000005,-12469.033761
-19496.000000,-0.000001
3599.000000,-6233.650857
843.500000,1460.984856
2320.000000,-0.000000
-4130.999997,7155.101888
357.500000,619.208164
-169.000000,0.000000
7528.499998,-13039.744506
-2870.500001,-4971.851843
645.000000,-0.000000
-4788.499999,8293.925293
-5976.000002,-10350.735625
346.000000,-0.000000
-3452.499998,5979.905414
3008.000001,5210.008829
18378.000000,-0.000003
-1486.999999,2575.559551
-9104.000004,-15768.590550
-129.000000,0.000000
-1576.000000,2729.712073
-4089.000002,-7082.355751
-2669.000000,0.000001
-9957.999994,17247.761945
4238.000000,7340.431323
301.000000,0.000000
-5881.499999,10187.056825
-11970.500007,-20733.514188
-16531.000000,0.000007
3590.000000,-6218.062399
752.500000,1303.368233
2326.000000,-0.000000
-5466.999998,9469.121766
-9567.500004,-16571.396099
21527.000000,-0.000001
-9142.999998,15836.140535
8075.500003,13987.176295
175.000000,-0.000000
975.999999,-1690.481588
9416.000002,16308.990403
-171.000000,0.000000
1201.999999,-2081.925071
8420.500004,14584.733823
2323.000000,-0.000000
-3230.999999,5596.256160
-5365.000002,-9292.452581
-19198.000000,0.000006
-366.500000,634.796621
-2926.500000,-5068.846688
298.000000,-0.000000
-4905.999997,8497.441263
3624.000002,6276.952125
520.000000,-0.000000
5956.500000,-10316.960635
3959.000001,6857.189147
15882.000000,-0.000002
4026.999999,-6974.968603
4475.000000,7750.927364
-2498.000000,0.000000
-9114.999998,15787.643112
-208.500000,-361.132593
-18207.000000,0.000005
-4283.999999,7420.105660
-4726.000001,-8185.672116
128.000000,-0.000000
5416.499998,-9381.653201
-55.500000,-96.128820
-22040.000000,0.000003
637.500000,-1104.182390
-261.500000,-452.931286
-18722.000000,0.000006
-11624.000002,20133.358586
3587.000000,6212.866247
2627.000000,-0.000001
9926.499994,-17193.202345
-4780.500003,-8280.068884
-19674.000000,-0.000000
-7124.499999,12339.995979
13307.000002,23048.400095
-2672.000000,0.000000
-860.999999,1491.295746
6149.000000,10650.380415
19547.000000,-0.000002
7596.499998,-13157.523961
-626.000000,-1084.263805
19375.000000,-0.000001
-2530.000000,4382.088543
7397.000002,12811.979822
-174.000000,0.000000
1878.999999,-3254.523468
3719.500001,6442.362978
-17178.000000,0.000003
-4398.999998,7619.291504
-8696.000004,-15061.913820
1980.000000,-0.000001
-6756.000001,11701.735256
-7808.000003,-13523.852704
2501.000000,-0.000001
-6473.499996,11212.430905
1719.500000,2978.261364
-171.000000,0.000000
7719.499999,-13370.566210
6346.000001,10991.594424
0.000000,-0.000000
-5317.500000,9210.180169
1674.500000,2900.319077
-2.000000,0.000000
7850.999997,-13598.330892
5661.000002,9805.139620
349.000000,-0.000000
-4298.999999,7446.086422
-1480.500000,-2564.301220
19325.000000,-0.000005
-3525.499998,6106.345123
-1008.000000,-1745.907214
-18981.000000,0.000004
-4762.999998,8249.757998
-963.500001,-1668.830953
19328.000000,-0.000003
-3685.999999,6384.339277
-2041.000001,-3535.115698
-168.000000,0.000000
-8521.999994,14760.536985
-5544.500000,-9603.355703
-17178.000000,0.000000
-5688.499999,9852.771019
-7406.500005,-12828.434303
1979.000000,-0.000001
1666.500000,-2886.462671
-6565.500001,-11371.779577
3149.000000,-0.000000
2443.999999,-4233.132174
-13187.500001,-22841.420024
0.000000,-0.000000
-3539.499999,6130.593834
12836.000005,22232.604163
-2501.000000,0.000001
1165.500000,-2018.705216
9451.000003,16369.612181
-1982.000000,0.000000
13242.499994,-22936.682823
-4095.500002,-7093.614081
16226.000000,-0.000003
2876.499999,-4982.244149
-4009.500002,-6944.657712
19547.000000,-0.000007
7968.000001,-13800.980834
-4298.500000,-7445.220396
-2.000000,0.000000
6804.499996,-11785.739722
8089.000006,14010.558979
-19677.000000,-0.000000
-4790.000000,8296.523368
-7625.000001,-13206.887407
473.000000,-0.000000
-248.000000,429.548600
9363.500001,16218.057736
-2016.000000,0.000000
14896.999996,-25802.360883
-590.500000,-1022.776002
-349.000000,0.000000
625.000000,-1082.531755
-14155.000004,-24517.179179
-16658.000000,0.000004
-14258.999993,24697.312469
-1053.000000,-1823.849500
19328.000000,-0.000003
-3502.499999,6066.507954
6565.000003,11370.913550
-2796.000000,0.000001
-2268.000000,3928.291231
13306.000006,23046.668042
-3151.000000,0.000001
8753.499995,-15161.506747
5734.500000,9932.445356
349.000000,-0.000000
-4459.999999,7724.946602
-1405.000000,-2433.531384
21828.000000,-0.000009
-8251.000000,14291.151213
-6044.000001,-10468.515080
-16525.000000,0.000002
-4993.999998,8649.861734
-13183.000006,-22833.625793
-19245.000000,0.000002
690.500000,-1195.981083
-368.500000,-638.260723
-19539.000000,0.000005
-4959.999997,8590.972007
-8869.500002,-15362.424636
2627.000000,-0.000001
-14224.999994,24638.422741
-5257.500003,-9106.257119
-19024.000000,-0.000002
-8108.499997,14044.333975
12526.500006,21696.534438
-2194.000000,0.000001
-8224.499995,14245.251870
-975.000000,-1688.749537
-2022.000000,0.000000
5438.499999,-9419.758317
-728.000000,-1260.932988
-21522.000000,0.000010
1589.000000,-2752.228733
-1008.000000,-1745.907214
126.000000,-0.000000
1350.999999,-2340.000641
-4767.000000,-8256.686199
-19669.000000,0.000002
1113.500000,-1928.638574
13458.500005,23310.805791
-216.000000,0.000000
-4768.499999,8259.284276
-12250.000003,-21217.622391
-16356.000000,0.000004
3469.499998,-6009.350278
1759.500001,3047.543395
-169.000000,0.000000
7636.499997,-13226.805994
-3611.500002,-6255.301491
19328.000000,-0.000007
-33.000000,57.157677
-5901.000000,-10220.831815
-18984.000000,0.000001
-7246.499996,12551.306180
13116.000009,22717.578387
18854.000000,-0.000000
8491.999999,-14708.575458
488.500000,846.106819
21696.000000,-0.000004
8442.999997,-14623.704970
-13384.500001,-23182.634033
-18981.000000,0.000002
-9289.499997,16089.885979
4801.500002,8316.441951
16483.000000,-0.000001
13155.999997,-22786.860426
89.500000,155.018547
-21347.000000,0.000005
938.500000,-1625.529683
-8846.500002,-15322.587468
-21575.000000,0.000004
-696.000000,1205.507362
-8685.000005,-15042.861261
-18852.000000,0.000007
-14476.500001,25074.033515
75.000000,129.903811
19504.000000,-0.000006
4843.999997,-8390.054114
7764.999999,13449.374521
-2495.000000,0.000000
6832.999999,-11835.103169
-888.000000,-1538.061117
-21527.000000,0.000004
1437.500000,-2489.823036
-1172.000000,-2029.963546
472.000000,-0.000000
-7956.999997,13781.928277
-6594.500003,-11422.009049
0.000000,-0.000000
-3082.499999,5339.046615
7883.000003,13653.756514
-470.000000,0.000000
964.499999,-1670.563004
8996.500002,15582.395089
21350.000000,-0.000004
9763.999995,-16911.744088
-4907.500003,-8500.039337
-19499.000000,-0.000002
-12.000000,20.784610
-3063.500001,-5306.137648
-346.000000,0.000000
-6578.999996,11395.162266
712.500000,1234.086200
304.000000,-0.000000
194.000000,-336.017857
-545.000000,-943.967690
-18378.000000,0.000008
-12552.999999,21742.433788
-5924.000001,-10260.668983
-349.000000,0.000000
-3491.999999,6048.321421
13275.000001,22992.974470
-467.000000,0.000000
2720.499999,-4712.044222
-8219.000003,-14235.725586
21995.000000,-0.000006
-8173.999998,14157.783302
3534.000001,6121.067553
-18981.000000,0.000004
9385.999995,-16257.028883
4809.000003,8329.432332
16827.000000,-0.000003
-2366.499999,4098.898237
6305.500003,10921.446365
-1977.000000,0.000001
5416.500001,-9381.653199
-9916.500000,-17175.881833
-3149.000000,0.000000
-4786.499997,8290.461192
3909.000003,6770.586605
-476.000000,0.000000
-13478.499998,23345.446811
7793.500002,13498.737968
0.000000,-0.000000
-8906.999996,15427.376545
5281.500001,9147.826340
0.000000,-0.000000
-6287.999998,10891.135479
724.000000,1254.004784
2.000000,-0.000000
-1490.500000,2581.621729
-2858.000001,-4950.201207
303.000000,-0.000000
2249.499999,-3896.248292
-12488.000003,-21629.850483
-18553.000000,0.000004
-7401.999997,12820.640080
8727.000005,15115.607395
-21871.000000,0.000008
8119.500000,-14063.386532
-1904.500000,-3298.690763
-2194.000000,0.000001
-1490.999999,2582.487755
1081.000000,1872.346923
819.000000,-0.000000
945.000000,-1636.788013
2999.000001,5194.420371
-130.000000,0.000000
4842.000000,-8386.590010
-4162.000001,-7208.795461
15880.000000,-0.000002
4013.499999,-6951.585917
14293.500007,24757.068214
-2628.000000,0.000000
9135.999998,-15824.016179
5349.000002,9264.739769
-1678.000000,0.000000
0.000000,0.000000
-9516.500003,-16483.061509
-2028.000000,0.000000
5066.999998,-8776.301443
84.000000,145.492268
-21654.000000,-0.000002
813.000000,-1408.157307
14035.000007,24309.333080
16184.000000,-0.000006
5082.499996,-8803.148231
13828.500000,23951.664593
174.000000,-0.000000
-4550.499999,7881.697200
-2890.000001,-5005.626833
-19029.000000,0.000009
8431.999999,-14604.652410
5573.500001,9653.585175
301.000000,-0.000000
-3804.499998,6589.587298
-5070.000001,-8781.497594
174.000000,-0.000000
4649.999999,-8054.036256
4657.500002,8067.026635
-3318.000000,0.000001
-8699.499998,15067.976002
12861.500004,22276.771459
819.000000,-0.000000
-3576.999998,6195.545740
-5722.000004,-9910.794719
168.000000,0.000000
5601.499998,-9702.082600
4626.000002,8012.467034
-2971.000000,0.000001
209.000000,-361.998619
14046.500000,24329.251668
19677.000000,-0.000001
8356.499998,-14473.882575
-13738.500010,-23795.780014
2672.000000,-0.000000
-499.000000,864.293353
-13158.000003,-22790.324524
-19547.000000,0.000004
492.000000,-852.168997
9872.000001,17098.805572
-19373.000000,0.000003
-4723.999998,8182.208016
1576.000001,2729.712072
301.000000,-0.000000
-1112.500000,1926.906524
74.500000,129.037785
349.000000,-0.000000
-8238.999995,14270.366606
7616.000002,13191.298949
19026.000000,-0.000004
4919.499998,-8520.823949
-594.000000,-1028.838180
175.000000,-0.000000
-357.000000,618.342138
-14614.500001,-25313.056527
1847.000000,-0.000000
-9495.499994,16446.688447
-44.500000,-77.076261
2498.000000,-0.000000
-5621.499999,9736.723615
-4549.500001,-7879.965148
-173.000000,0.000000
4939.500000,-8555.464964
5037.500001,8725.205943
-472.000000,0.000000
3539.499999,-6130.593834
996.500000,1725.988629
22176.000000,-0.000002
1015.500000,-1758.897595
3659.000001,6337.573904
2323.000000,-0.000001
9110.499995,-15779.848885
-13082.000004,-22658.688662
-16832.000000,0.000004
-14120.999993,24458.289458
-225.500000,-390.577457
18683.000000,0.000001
2933.000000,-5080.105019
5858.000003,10146.353629
-2669.000000,0.000001
175.500000,-303.974917
9142.000000,15834.408483
-18513.000000,0.000001
-11742.499998,20338.606609
7113.500002,12320.943418
19197.000000,-0.000005
-4020.500000,6963.710272
2887.000001,5000.430681
16877.000000,-0.000003
3613.499998,-6258.765594
-8540.000001,-14791.713896
-2151.000000,0.000000
13620.499996,-23591.398027
-497.000000,-860.829251
-177.000000,0.000000
710.000000,-1229.756073
-14193.500005,-24583.863135
-19674.000000,0.000005
-8413.499996,14572.609472
13780.500009,23868.526149
301.000000,0.000000
4295.499998,-7440.024245
-3653.000002,-6327.181599
651.000000,-0.000000
6570.000000,-11379.573805
7421.000000,12853.549043
-819.000000,0.000000
33.500000,-58.023702
-7969.500006,-13803.578907
2495.000000,-0.000000
3330.500000,-5768.595215
-4790.000001,-8296.523368
2844.000000,-0.000001
-7969.999996,13804.444938
-1898.000000,-3287.432433
18378.000000,-0.000003
3148.499999,-5453.361968
-4682.500002,-8110.327905
-2151.000000,0.000000
-9471.999998,16405.985251
-138.000000,-239.023011
-2498.000000,0.000001
3586.999998,-6212.866248
6226.999999,10785.480379
-175.000000,0.000000
3880.999998,-6722.089185
-4108.000002,-7115.264716
-18207.000000,0.000007
567.500000,-982.938833
-8606.000001,-14906.029250
-2368.000000,0.000000
4019.999997,-6962.844248
-344.500000,-596.691503
176.000000,-0.000000
724.500000,-1254.870810
-6313.500002,-10935.302773
-177.000000,0.000000
-1763.000000,3053.605574
7144.000001,12373.770968
-21998.000000,0.000004
-7293.999997,12633.578592
11975.000006,20741.308417
19499.000000,-0.000002
-8449.999997,14635.829325
-6521.000003,-11294.703315
346.000000,-0.000000
-3039.499998,5264.568431
7880.500002,13649.426388
-304.000000,0.000000
1051.499999,-1821.251424
8961.500006,15521.773309
19198.000000,0.000001
14220.500000,-24630.628509
-757.500000,-1312.028487
-2799.000000,0.000001
-2473.499998,4284.227674
12949.000000,22428.325907
-3148.000000,0.000000
361.500000,-626.136367
13726.000004,23774.129382
174.000000,-0.000000
-12536.499998,21713.854950
8537.000002,14786.517743
298.000000,-0.000000
-194.500000,336.883882
1725.000000,2987.787643
-18677.000000,0.000003
-4679.999998,8105.997780
9331.000004,16161.766083
19150.000000,-0.000006
13069.499997,-22637.038031
-7285.000003,-12617.990132
-21645.000000,0.000006
-53.000000,91.798693
14131.000009,24475.609956
18978.000000,0.000001
8237.000000,-14266.902502
-12974.500007,-22472.493199
-16004.000000,0.000006
-12208.500001,21145.742284
2369.000000,4103.228363
-222.000000,0.000000
6524.999998,-11301.631520
149.500000,258.941596
-19327.000000,0.000001
3270.499999,-5664.672166
-8164.000002,-14140.462792
19026.000000,-0.000004
-4085.499998,7076.293575
11182.500002,19368.658155
19201.000000,-0.000003
22.000000,-38.105118
-14628.000007,-25336.439209
2709.000000,-0.000000
-9340.499997,16178.220570
-1740.000001,-3013.768405
18548.000000,-0.000005
-4983.499997,8631.675201
3301.500000,5718.365741
18900.000000,-0.000004
-1576.499999,2730.578099
-9771.500006,-16924.734463
21866.000000,-0.000009
-1170.000000,2026.499445
-13445.500001,-23288.289132
2369.000000,-0.000000
8181.999998,-14171.639709
545.000000,943.967690
21353.000000,-0.000001
8344.999998,-14453.963990
-13777.000004,-23862.463973
2327.000000,-0.000001
718.000000,-1243.612480
-4744.500001,-8217.715056
-16705.000000,0.000003
4103.999998,-7108.336515
-12873.000007,-22296.690042
2329.000000,-0.000000
-111.000000,192.257640
-771.000000,-1335.411172
21178.000000,-0.000006
8342.999995,-14450.499891
-12020.500004,-20820.116730
-18983.000000,0.000005
7361.999996,-12751.358048
-3382.000002,-5857.795830
16354.000000,0.000001
3870.000000,-6703.036625
3981.500001,6896.160290
19544.000000,-0.000007
-96.500000,167.142903
-5383.000000,-9323.629497
210.000000,-0.000000
-3222.999999,5582.399753
11257.000004,19497.695939
16224.000000,-0.000004
-4212.499999,7296.264027
4043.000001,7002.681414
16875.000000,-0.000003
3504.999998,-6070.838081
-358.500000,-620.940214
512.000000,-0.000000
-7204.999997,12479.426070
2034.000001,3522.991342
-135.000000,0.000000
4973.999999,-8615.220718
-4922.500002,-8526.020099
16052.000000,-0.000004
3832.499998,-6638.084721
3178.000002,5504.457465
19243.000000,0.000000
-8050.499999,13943.875027
7523.500004,13031.084248
19539.000000,-0.000008
5874.500000,-10174.932469
7673.500001,13290.891872
-2627.000000,0.000000
-2374.499999,4112.754643
11469.000004,19864.890710
18376.000000,-0.000001
-7724.999999,13380.092489
7392.500002,12804.185594
2193.000000,-0.000000
-4329.999998,7499.779998
608.500000,1053.952916
2842.000000,-0.000000
-5486.999998,9503.762782
-326.500000,-565.514589
19023.000000,-0.000002
-4862.499999,8422.097053
3880.000002,6720.357132
-2450.000000,0.000001
-559.000000,968.216402
3599.500000,6234.516882
17001.000000,0.000000
-3612.499998,6257.033543
-119.000000,-206.114046
-21527.000000,0.000009
8831.000000,-15295.740682
2191.000000,3794.923319
-18855.000000,0.000002
4390.499999,-7604.569071
684.500000,1185.588778
18986.000000,-0.000001
4571.999999,-7918.936293
670.500000,1161.340066
-19024.000000,0.000005
-5071.999999,8784.961696
-3937.500001,-6819.950054
-18556.000000,0.000003
-7303.499997,12650.033075
7126.500004,12343.460078
-2191.000000,0.000000
5187.999998,-8985.879591
-8961.000004,-15520.907284
-2839.000000,0.000001
4184.999997,-7248.632631
277.500000,480.644099
-19376.000000,0.000005
-4002.499998,6932.533359
-4932.000003,-8542.474581
-16354.000000,-0.000001
-12161.499999,21064.335897
7902.500001,13687.531506
18809.000000,-0.000003
4724.499996,-8183.074042
-129.500000,-224.300580
-18975.000000,0.000002
-13986.999996,24226.194648
280.000000,484.974226
18978.000000,-0.000005
13069.999998,-22637.904056
194.500000,336.883882
-18846.000000,0.000004
-3103.499999,5375.419682
-4679.000001,-8104.265728
2453.000000,-0.000000
9888.999996,-17128.250438
-4962.500002,-8595.302131
-16875.000000,0.000006
-4174.999999,7231.312122
-12531.000005,-21704.328667
-19195.000000,0.000005
-333.500000,577.638944
14228.000010,24643.618884
18815.000000,0.000000
9321.999999,-16146.177629
-4852.000001,-8403.910518
-16351.000000,0.000006
-11258.500000,19500.294017
3664.500000,6347.100184
-19071.000000,0.000002
656.500000,-1137.091355
1653.500001,2863.946010
-21735.000000,0.000001
7935.999998,-13745.555210
-7451.000002,-12905.510566
-19068.000000,0.000004
-5268.999997,9126.175707
-13526.000003,-23427.719222
-16224.000000,0.000003
-13464.999995,23322.064127
-5750.500003,-9960.158167
2154.000000,-0.000000
-950.500000,1646.314293
-9363.000004,-16217.191709
-645.000000,0.000000
-10060.999994,17426.163179
5380.500000,9319.299370
-2669.000000,0.000000
-538.500000,932.709360
13945.500009,24154.314532
171.000000,-0.000000
-4148.000000,7184.546750
624.000000,1080.799704
645.000000,-0.000000
8995.999997,-15581.529067
800.000000,1385.640646
177.000000,-0.000000
-292.500000,506.624861
134.500000,232.960834
21349.000000,-0.000005
-886.500000,1535.463041
-3514.500001,-6087.292563
-18851.000000,0.000004
9036.499996,-15651.677125
224.500000,388.845406
-351.000000,0.000000
-7006.999998,12136.480010
7244.000003,12546.976048
-298.000000,0.000000
512.000000,-886.810014
3900.000000,6754.998150
19029.000000,-0.000005
459.000000,-795.011321
-1277.000001,-2211.828881
-2.000000,-0.000000
42.000000,-72.746134
-8654.500001,-14990.033713
-18685.000000,0.000003
-4993.499996,8648.995710
292.000000,505.758836
19029.000000,-0.000002
13321.999996,-23074.380861
4002.500001,6932.533356
19026.000000,-0.000005
1157.500000,-2004.848810
-4702.000001,-8144.102896
-18810.000000,0.000004
9253.999996,-16028.398176
4388.000001,7600.238943
16480.000000,-0.000003
-3535.999999,6124.531656
-106.000000,-183.597386
-21826.000000,0.000007
8055.500001,-13952.535280
6816.000003,11805.658303
171.000000,-0.000000
-4546.999997,7875.635024
9072.000006,15713.164923
19333.000000,0.000000
6031.999999,-10447.730472
8258.000002,14303.275568
-19026.000000,0.000008
-2713.500000,4699.919866
-4978.000001,-8622.148920
-19204.000000,0.000002
1038.500000,-1798.734764
4209.500002,7291.067873
-2193.000000,0.000000
653.000000,-1131.029177
-162.500000,-281.458256
-2498.000000,0.000001
5439.999997,-9422.356395
14106.500003,24433.174715
-304.000000,0.000000
-4447.499998,7703.295968
9468.000005,16399.057043
21868.000000,-0.000003
469.500000,-813.197854
7630.000003,13215.547660
21567.000000,-0.000007
-7594.499995,13154.059861
6516.000000,11286.043062
19066.000000,-0.000000
-2988.500000,5176.233839
11348.000007,19655.312560
16570.000000,-0.000007
-3106.000000,5379.749808
11350.000002,19658.776665
16872.000000,-0.000002
-2299.499999,3982.850832
6690.500000,11588.285928
-304.000000,0.000000
-94.000000,162.812776
-9182.500003,-15904.556539
2495.000000,-0.000001
-13167.499998,22806.779010
3491.000001,6046.589369
3143.000000,-0.000001
8961.999996,-15522.639340
-13676.000008,-23687.526840
-475.000000,0.000000
-4636.999998,8031.519596
3094.000001,5358.965198
18556.000000,-0.000006
-8981.999994,15557.280357
7896.500000,13677.139202
21525.000000,-0.000006
9362.499995,-16216.325689
-3804.000003,-6588.721271
-17001.000000,-0.000000
-4660.500000,8072.222789
1544.500000,2675.152472
2450.000000,-0.000000
2709.999999,-4693.857689
-12476.500001,-21609.931900
-18378.000000,0.000002
-396.000000,685.892120
-8181.500003,-14170.773680
-2498.000000,0.000001
12862.499998,-22278.503514
5240.500002,9076.812256
15883.000000,-0.000004
12345.999994,-21383.899274
-2428.500000,-4206.285386
346.000000,-0.000000
3423.999999,-5930.541966
-3725.500002,-6452.755283
3143.000000,-0.000001
8718.500001,-15100.884965
-12903.500005,-22349.517592
2326.000000,-0.000001
-588.500000,1019.311900
-4446.500003,-7701.563914
1681.000000,-0.000000
-899.500000,1557.979701
1278.000000,2213.560932
1983.000000,-0.000001
3514.500000,-6087.292563
-2986.000000,-5171.903711
-16226.000000,0.000002
-2825.499999,4893.909557
4021.000002,6964.576296
-18722.000000,0.000001
1943.500000,-3366.240745
-1284.500000,-2224.819262
-2537.000000,0.000001
5058.999997,-8762.445037
-8488.000002,-14701.647254
-21868.000000,0.000004
-531.000000,919.718979
915.000000,1584.826489
-19201.000000,-0.000002
-4756.499998,8238.499667
820.000000,1420.281662
-341.000000,0.000000
404.500000,-700.614552
13564.999999,23495.269205
135.000000,-0.000000
-3628.999999,6285.612381
-5387.500004,-9331.423724
-16055.000000,0.000007
-12400.499999,21478.296040
-5464.000001,-9463.925612
-19542.000000,0.000003
-9391.499997,16266.555161
4320.500000,7483.325514
-213.000000,0.000000
-14149.999996,24508.518929
-5139.000002,-8901.009099
-15877.000000,0.000004
-13364.999998,23148.859044
-5526.000001,-9571.312762
1977.000000,-0.000000
-8.500000,14.722432
429.000000,743.049796
2199.000000,-0.000000
3876.499999,-6714.294956
-204.000000,-353.338365
19029.000000,-0.000006
-2927.999998,5071.444766
12640.500000,21893.988233
-2669.000000,0.000000
8261.999995,-14310.203775
-7657.500005,-13263.179056
-19032.000000,-0.000000
-14252.499999,24686.054136
560.000000,969.948452
2669.000000,-0.000000
-6506.999997,11270.454606
1277.500000,2212.694907
19505.000000,-0.000002
13263.499996,-22973.055888
-653.500000,-1131.895203
346.000000,-0.000000
729.000000,-1262.665039
-13802.000004,-23905.765244
169.000000,-0.000000
12343.999994,-21380.435172
-7856.500002,-13607.857169
-3315.000000,0.000001
3705.999998,-6418.980294
4608.500002,7982.156145
-177.000000,0.000000
-13918.500001,24107.549164
-4150.500000,-7188.876877
-18508.000000,0.000006
-1157.999999,2005.714836
5751.500004,9961.890217
16660.000000,-0.000000
3544.500000,-6139.254088
339.500000,588.031249
174.000000,-0.000000
-177.500000,307.439018
-3308.000000,-5729.624071
-19503.000000,0.000003
8637.999997,-14961.454877
5576.000002,9657.915302
-2714.000000,0.000000
1219.000000,-2111.369935
-562.000000,-973.412554
-18854.000000,0.000005
-4713.499997,8164.021483
-8685.500002,-15043.727288
-2.000000,0.000000
-1943.999999,3367.106770
-4712.500003,-8162.289429
19204.000000,0.000002
-10118.999996,17526.622124
-523.000000,-905.862572
21223.000000,-0.000007
6811.999995,-11798.730104
-8152.500000,-14120.544209
2842.000000,-0.000000
-5879.999999,10184.458749
-13115.500003,-22716.712365
471.000000,-0.000000
5186.000000,-8982.415488
7689.500001,13318.604684
-472.000000,0.000000
-7231.499997,12525.325416
7798.000001,13506.532197
21048.000000,-0.000002
749.000000,-1297.306055
8160.000003,14133.534588
-304.000000,0.000000
-493.500000,854.767074
-2945.000001,-5100.889628
-2325.000000,0.000001
-990.000000,1714.730300
14280.500008,24734.551553
19671.000000,-0.000003
9405.499996,-16290.803873
-5500.500003,-9527.145465
2711.000000,-0.000001
-8313.499994,14399.404392
-714.500000,-1237.550302
18719.000000,-0.000001
4198.499997,-7272.015317
12411.500009,21497.348593
16570.000000,-0.000000
-3921.000000,6791.371217
3048.000001,5279.290861
16745.000000,-0.000003
-4318.499998,7479.861414
12516.500001,21679.213932
16522.000000,-0.000002
5861.499998,-10152.415810
8460.500004,14654.015855
-18812.000000,0.000006
-11652.499997,20182.722037
7317.500002,12674.281783
18848.000000,-0.000005
5094.499997,-8823.932841
4461.000001,7726.678652
-2149.000000,0.000000
-298.500000,517.017166
961.000001,1664.500826
-2329.000000,0.000001
4755.000000,-8235.901590
14075.500000,24379.481142
-2326.000000,0.000001
293.500000,-508.356912
161.000000,278.860180
-2500.000000,0.000000
4842.499999,-8387.456036
3835.500001,6643.280872
-299.000000,0.000000
-13737.999999,23794.913995
-1006.000000,-1742.443112
21997.000000,-0.000003
205.000000,-355.070416
-5871.000003,-10168.870290
-18849.000000,0.000002
347.000000,-601.021630
-8307.000003,-14388.146057
-45.000000,0.000000
356.000000,-616.610088
3441.000001,5959.986828
-19196.000000,0.000004
-6187.499997,10717.064374
8703.000005,15074.038175
-21741.000000,-0.000002
8508.000000,-14736.288271
-6436.000003,-11147.478996
-18722.000000,0.000006
-4315.999997,7475.531287
4619.000000,8000.342680
2802.000000,-0.000000
9014.499998,-15613.572006
-13481.000004,-23349.776935
2326.000000,-0.000001
551.000000,-954.359995
-6345.500001,-10990.728399
2197.000000,-0.000000
-7146.999997,12378.967123
6252.000001,10828.781649
18381.000000,-0.000002
-4210.999999,7293.665951
4690.000002,8123.318286
-2672.000000,0.000001
174.000000,-301.376841
9120.000003,15796.303363
-18510.000000,0.000004
-4786.499998,8290.461192
-8176.500005,-14162.113425
18679.000000,0.000001
3852.499998,-6672.725737
12907.500007,22356.445795
352.000000,-0.000000
-11826.499992,20484.098881
3279.000000,5679.394598
298.000000,-0.000000
5498.499999,-9523.681366
61.500000,106.521125
-19026.000000,0.000000
-4920.499999,8522.555999
-13933.000003,-24132.663900
-346.000000,0.000000
3564.499998,-6173.895104
-3438.000000,-5954.790676
-168.000000,0.000000
2206.499999,-3821.770107
-13025.000006,-22559.961765
3144.000000,-0.000001
-8515.999998,14750.144678
-6480.000002,-11223.689232
2027.000000,-0.000001
-1199.499999,2077.594944
-8800.000002,-15242.047105
21175.000000,-0.000004
-1069.000000,1851.562314
-4788.500003,-8293.925291
-18981.000000,0.000007
-8077.500000,13990.640398
12878.500001,22306.216325
16653.000000,-0.000001
4518.499997,-7826.271576
412.500000,714.470958
45.000000,-0.000000
-1187.000000,2055.944309
736.500000,1275.655420
21223.000000,-0.000004
-594.000000,1028.838180
8536.500001,14785.651718
21353.000000,-0.000003
300.500000,-520.481268
-3717.500002,-6438.898876
-16356.000000,0.000002
3154.499999,-5463.754273
-13040.000005,-22585.942528
2797.000000,-0.000001
-8868.999995,15361.558615
-5467.000002,-9469.121764
-168.000000,0.000000
5510.999997,-9545.332002
8046.000005,13936.080795
-647.000000,-0.000000
1408.500000,-2439.593562
-887.500000,-1537.195091
3.000000,-0.000000
889.499999,-1540.659194
-1375.500000,-2382.435886
127.000000,-0.000000
-7808.999998,13525.584757
-5956.000002,-10316.094609
-16827.000000,0.000004
-14192.999999,24582.997113
342.500000,593.227402
21476.000000,-0.000004
8368.999997,-14495.533210
-4757.500000,-8240.231717
-18981.000000,0.000002
-7956.999998,13781.928277
3642.000001,6308.129040
16354.000000,-0.000005
3744.999999,-6486.530275
4327.000001,7494.583844
18730.000000,-0.000005
252.000000,-436.476804
9112.500006,15783.312981
2667.000000,0.000000
-4344.999998,7525.760760
-4132.000002,-7156.833936
-19200.000000,0.000007
33.000000,-57.157677
5412.000000,9373.858970
-515.000000,0.000000
-5659.999999,9803.407572
527.000000,912.790775
2976.000000,-0.000000
-12637.499998,21888.792082
2948.500001,5106.951806
-18899.000000,0.000004
637.000000,-1103.316365
-8526.500001,-14768.331210
-19200.000000,0.000003
-13231.499995,22917.630263
7450.000003,12903.778514
21699.000000,-0.000007
489.000000,-846.972845
-713.000000,-1234.952226
19375.000000,-0.000005
12901.999993,-22346.919523
-8995.999999,-15581.529066
-2799.000000,0.000001
-3317.499998,5746.078555
12044.500007,20861.685948
-2847.000000,0.000001
1091.500000,-1890.533456
-542.500000,-939.637563
-18378.000000,0.000002
-12813.999991,22194.499053
-4963.000004,-8596.168156
2799.000000,-0.000000
-662.000000,1146.617635
-4029.000001,-6978.432703
2326.000000,-0.000001
9089.499999,-15743.475816
-4049.000001,-7013.073719
2025.000000,-0.000000
8344.499997,-14453.097966
-8904.000004,-15422.180388
21351.000000,-0.000002
19.500000,-33.774991
-5356.500002,-9277.730150
2371.000000,-0.000001
8161.999995,-14136.998694
-9038.500003,-15655.141223
21522.000000,-0.000005
-9307.499995,16121.062894
-6611.000004,-11450.587887
-472.000000,-0.000000
-3483.000000,6032.732963
13100.500001,22690.731604
-2.000000,0.000000
-4763.499997,8250.624024
-4726.000000,-8185.672117
174.000000,-0.000000
-3479.499999,6026.670785
12940.500004,22413.603473
-3016.000000,0.000001
962.500000,-1667.098902
9860.000002,17078.020961
-18378.000000,0.000003
-4144.499998,7178.484573
-3673.500000,-6362.688641
2802.000000,-0.000000
7801.999997,-13513.460402
-12539.000005,-21718.185073
2151.000000,-0.000001
7813.499998,-13533.378986
-11870.000004,-20559.443084
-19499.000000,0.000005
148.500000,-257.209545
13203.500008,22869.132833
18677.000000,0.000001
810.000000,-1402.961154
-1143.000001,-1979.734073
216.000000,-0.000000
-777.499999,1346.669503
-3795.500000,-6573.998840
16874.000000,-0.000001
2843.999999,-4925.952497
5149.500002,8919.195633
16700.000000,-0.000000
12325.499998,-21348.392230
-7945.500002,-13762.009690
-21829.000000,0.000004
72.000000,-124.707658
4192.500001,7261.623010
298.000000,-0.000000
-13289.999995,23018.955235
-4636.500002,-8030.653568
2672.000000,-0.000001
8488.499998,-14702.513281
161.000000,278.860180
-645.000000,0.000000
-428.000000,741.317746
-4455.999999,-7718.018399
-2368.000000,0.000001
-9763.499995,16910.878062
622.500000,1078.201628
-18207.000000,0.000007
-4313.000000,7470.335133
4830.500000,8366.671426
-177.000000,0.000000
6044.999998,-10470.247133
13015.500010,22543.507280
-2971.000000,0.000000
-7574.499999,13119.418843
12043.000003,20859.087874
19373.000000,-0.000004
-806.000000,1396.032951
-10004.000002,-17327.436278
22045.000000,-0.000004
-9455.999996,16378.272439
-6626.000003,-11476.568649
-171.000000,0.000000
-2856.999999,4948.469158
8228.500003,14252.180068
-19547.000000,0.000006
-4204.999997,7283.273647
-2943.000001,-5097.425526
-16874.000000,0.000004
-5760.999997,9978.344704
537.000000,930.111283
2633.000000,0.000000
-14205.000000,24603.781722
-4810.500001,-8332.030409
2628.000000,-0.000001
507.500000,-879.015785
4862.500000,8422.097052
-17001.000000,0.000001
-3542.499999,6135.789986
8259.000003,14305.007618
21178.000000,-0.000005
-7704.499999,13344.585447
7989.500002,13838.219926
-470.000000,0.000000
-524.000000,907.594623
5323.500001,9220.572474
0.000000,-0.000000
-14568.999995,25234.248218
-576.500000,-998.527290
298.000000,-0.000000
-9156.999998,15860.389246
-102.000000,-176.669182
-18848.000000,0.000005
-4862.499997,8422.097053
-1047.500001,-1814.323221
21479.000000,0.000001
-8348.000000,14459.160142
-4918.000003,-8518.225870
-16353.000000,0.000006
3197.999998,-5539.098484
-12746.500001,-22077.585618
2498.000000,-0.000000
-1177.500000,2039.489826
-9143.500003,-15837.006557
18508.000000,-0.000001
3598.499999,-6232.784831
120.000000,207.846097
-18981.000000,0.000004
-12629.999994,21875.801703
7332.500001,12700.262546
19499.000000,-0.000003
4918.499998,-8519.091898
-10151.000005,-17582.047745
-2669.000000,0.000001
3986.999999,-6905.686570
-8034.500003,-13916.162212
-19159.000000,0.000005
-4800.499997,8314.709903
9462.999999,16390.396793
18680.000000,0.000000
12563.999994,-21761.486350
-3728.500002,-6457.951435
-470.000000,0.000000
-14788.000000,25613.567342
485.000000,840.044642
2495.000000,-0.000000
-6627.999998,11480.032754
1769.500001,3064.863903
3146.000000,-0.000000
-4560.499999,7899.017708
4725.500001,8184.806090
0.000000,-0.000000
14402.499998,-24945.861757
4583.000001,7937.988851
-3317.000000,0.000001
-8861.499996,15348.568233
4103.500002,7107.470488
174.000000,-0.000000
-14796.999995,25629.155802
-427.500000,-740.451720
472.000000,-0.000000
-8268.999995,14322.328131
8968.499999,15533.897668
-21525.000000,0.000005
1212.999999,-2100.977630
13845.000009,23980.243426
-2022.000000,-0.000000
1247.000000,-2159.867357
-1201.000000,-2080.193020
-2196.000000,0.000000
5185.999996,-8982.415490
-9440.000000,-16350.559623
-19328.000000,0.000002
-14399.999997,24941.531631
248.500000,430.414626
21826.000000,-0.000006
8077.499999,-13990.640399
-4267.000001,-7390.660795
2030.000000,-0.000000
77.000000,-133.367912
-218.000000,-377.587076
2146.000000,-0.000000
-12908.499995,22358.177852
4226.500002,7320.512737
-18851.000000,0.000006
1199.000000,-2076.728918
12982.500005,22486.349607
19330.000000,-0.000005
-190.000000,329.089654
-13718.000009,-23760.272973
0.000000,0.000000
5500.000000,-9526.279442
8408.000001,14563.083189
-19330.000000,0.000008
-4613.499996,7990.816403
-9213.000001,-15957.384090
18851.000000,-0.000002
-4181.999999,7243.436478
11642.000004,20164.535499
-2799.000000,0.000000
-8882.499998,15384.941299
5455.500002,9449.203180
-2154.000000,0.000000
-1009.000000,1747.639265
14298.000003,24764.862445
19671.000000,-0.000003
1093.000000,-1893.131533
2889.000001,5003.894782
2543.000000,-0.000001
-7080.999998,12264.651770
7719.500003,13370.566207
21348.000000,-0.000006
9168.999994,-15881.173858
-4385.500000,-7595.908817
2374.000000,-0.000000
21.500000,-37.239092
219.000000,379.319127
21004.000000,-0.000009
7157.000000,-12396.287630
-11761.500001,-20371.515572
-17003.000000,0.000002
-4414.999999,7647.004316
8887.500004,15393.601550
2324.000000,-0.000000
-5319.999999,9214.510297
-8203.500003,-14208.878798
21530.000000,-0.000005
7485.999999,-12966.132346
1080.000000,1870.614872
-2.000000,0.000000
9598.499996,-16625.089679
237.500000,411.362067
-21183.000000,0.000003
-8326.999997,14422.787076
4844.000002,8390.054111
16525.000000,-0.000005
12338.999992,-21371.774919
4423.500000,7661.726747
19074.000000,-0.000005
-581.500000,1007.187545
-10214.500007,-17692.032970
21392.000000,0.000001
-10022.000000,17358.613194
-151.500000,-262.405697
-478.000000,0.000000
-1457.999999,2525.330078
5779.000000,10009.521617
341.000000,-0.000000
-5131.499999,8888.018720
-789.000000,-1366.588087
19376.000000,-0.000005
5126.499999,-8879.358465
2921.000001,5059.320408
18852.000000,-0.000004
995.500000,-1724.256579
-4702.000001,-8144.102897
-16483.000000,0.000003
3330.999999,-5769.461241
-8457.500004,-14648.819703
21474.000000,-0.000007
-9169.000001,15881.173854
-5858.000002,-10146.353629
-19152.000000,0.000005
-106.000000,183.597386
5101.000003,8835.191167
18855.000000,0.000000
178.500000,-309.171069
7364.500001,12755.688172
21696.000000,-0.000009
-7902.999994,13688.397536
-6002.000001,-10395.768947
-19158.000000,0.000002
-9221.999997,15972.972549
4148.000002,7184.546749
19026.000000,-0.000001
-536.500000,929.245258
-1693.000001,-2932.362017
19203.000000,-0.000004
4712.999998,-8163.155457
-8682.000002,-15037.665110
-21699.000000,0.000004
-618.000000,1070.407399
2073.500001,3591.407349
-19375.000000,0.000007
3630.999999,-6289.076483
907.000000,1570.970082
2802.000000,-0.000001
-3741.499998,6480.468098
-4874.500000,-8442.881662
2500.000000,-0.000000
9039.499999,-15656.873276
938.000001,1624.663657
0.000000,-0.000000
1245.000000,-2156.403255
8090.000001,14012.291033
-2495.000000,0.000000
5836.999998,-10109.980565
4507.500002,7807.219014
-2673.000000,0.000000
-312.000000,540.399852
1542.500001,2671.688370
-20874.000000,0.000005
537.500000,-930.977309
9558.000002,16554.941617
123.000000,-0.000000
10018.999996,-17353.417044
-3716.500002,-6437.166825
-19325.000000,0.000003
106.500000,-184.463411
4636.500002,8030.653568
19330.000000,-0.000006
-994.499999,1722.524529
-14536.999999,-25178.822590
177.000000,-0.000000
5617.999997,-9730.661439
-1189.000001,-2059.408410
-22046.000000,-0.000001
299.000000,-517.883191
-7625.000001,-13206.887407
-18556.000000,0.000003
-4413.999998,7645.272266
4780.500000,8280.068885
2.000000,-0.000000
14142.499996,-24495.528548
5397.000002,9347.878207
18209.000000,-0.000005
8579.999999,-14860.995930
-89.500000,-155.018547
3013.000000,-0.000001
-11860.499994,20542.988606
2161.500000,3743.827820
343.000000,-0.000000
-2509.999999,4347.447528
12198.000006,21127.555747
15880.000000,-0.000005
4221.500000,-7311.852484
5923.500002,10259.802957
-2625.000000,0.000001
6750.499996,-11692.208979
-3010.000002,-5213.472930
-2202.000000,-0.000000
-9495.499999,16446.688444
712.000000,1233.220175
-18677.000000,0.000008
-4714.999996,8166.619560
8475.500001,14679.996619
21651.000000,-0.000003
358.000000,-620.074189
-14045.000006,-24326.653589
-19325.000000,0.000001
11.000000,-19.052559
4106.000001,7111.800615
-2368.000000,0.000001
-8498.499996,14719.833791
-118.000000,-204.381995
475.000000,-0.000000
7686.999997,-13314.274560
-12846.500007,-22250.790696
-18858.000000,0.000007
-7582.499998,13133.275250
8056.000003,13953.401304
-2669.000000,0.000001
4441.999997,-7693.769689
5353.500000,9272.533999
18550.000000,-0.000000
-462.000000,800.207473
9581.500006,16595.644809
47.000000,-0.000000
8921.000000,-15451.625255
5751.000001,9961.024194
19153.000000,-0.000003
8193.499997,-14191.558293
-13308.000006,-23050.132144
-16658.000000,0.000001
-13927.999997,24124.003650
680.000000,1177.794549
-346.000000,0.000000
7570.499999,-13112.490639
6332.000002,10967.345713
-2193.000000,0.000000
46.500000,-80.540363
461.000000,798.475422
-21527.000000,0.000003
-8226.499997,14248.715970
12848.500006,22254.254798
173.000000,-0.000000
-12675.499992,21954.610016
7056.000000,12221.350498
19502.000000,-0.000001
-2504.999999,4338.787274
8212.000006,14223.601229
-21826.000000,-0.000000
1225.500000,-2122.628265
13886.500002,24052.123538
-2027.000000,0.000000
1288.500000,-2231.747466
-1116.500000,-1933.834727
-2326.000000,0.000000
4574.999999,-7924.132445
-4535.000002,-7854.850411
-2802.000000,0.000001
-9011.499998,15608.375853
12247.000004,21212.426238
19373.000000,-0.000004
275.000000,-476.313972
-1612.000000,-2792.065902
21871.000000,-0.000004
-7187.499997,12449.115181
1774.000001,3072.658132
2022.000000,-0.000001
1082.000000,-1874.078974
256.000000,443.405007
2495.000000,-0.000001
4650.999997,-8055.768308
-4982.500004,-8629.943147
-174.000000,0.000000
4732.499999,-8196.930447
-3405.000001,-5897.632999
-298.000000,0.000000
2825.999998,-4894.775584
-94.500000,-163.678801
19330.000000,-0.000002
4614.999999,-7993.414478
-8499.000004,-14720.699811
-19026.000000,0.000001
-4152.499999,7192.340979
4119.500001,7135.183301
-19376.000000,0.000005
-7938.999996,13750.751364
4213.000001,7297.130052
301.000000,-0.000000
-6136.999997,10629.595808
-12760.000007,-22100.968301
523.000000,-0.000000
4681.999998,-8109.461882
12089.000005,20938.762210
16181.000000,-0.000005
-3437.999998,5954.790678
-87.000000,-150.688420
-21009.000000,0.000001
452.500000,-783.752990
9598.000002,16624.223650
-2329.000000,0.000001
5794.000000,-10035.502379
13247.500002,22945.343072
16705.000000,-0.000002
4723.499998,-8181.341991
177.000000,306.572993
-2327.000000,0.000000
4534.499999,-7853.984388
1254.500000,2172.857738
-21353.000000,0.000006
8103.999999,-14036.539745
-8182.000002,-14171.639706
-2369.000000,0.000001
4199.999998,-7274.613393
-8429.500005,-14600.322280
-21866.000000,0.000003
-427.000000,739.585695
681.500000,1180.392625
-18900.000000,0.000006
-5183.499996,8978.085363
-12368.500000,-21422.870414
-18548.000000,0.000001
-426.000000,737.853644
-147.500000,-255.477494
-2715.000000,-0.000000
4437.000000,-7685.109433
-8019.000002,-13889.315425
-19156.000000,0.000003
2204.499999,-3818.306006
-7103.000001,-12302.756886
19200.000000,-0.000002
3156.499999,-5467.218375
3982.500002,6897.892340
16528.000000,-0.000005
4885.999999,-8462.800246
203.500000,352.472339
-21313.000000,0.000005
982.999999,-1702.605944
12993.000003,22504.536141
16697.000000,-0.000003
-3024.999999,5239.453694
12413.500006,21500.812696
16403.000000,-0.000006
13316.000001,-23063.988553
5854.000000,10139.425427
-2332.000000,0.000001
1210.999999,-2097.513528
8559.500006,14825.488884
-21012.000000,0.000000
-8272.499999,14328.390306
4710.500001,8158.825328
16699.000000,-0.000003
2837.499998,-4914.694168
4279.000001,7411.445405
17049.000000,-0.000002
-3144.499999,5446.433765
6821.500003,11815.184582
-2633.000000,0.000000
5947.999999,-10302.238204
3896.000001,6748.069946
-2631.000000,0.000001
-8035.499996,13917.894267
11824.000003,20479.768747
17176.000000,-0.000003
-2581.999999,4472.155186
6476.000004,11216.761028
346.000000,-0.000000
-7632.500000,13219.877789
-6198.000003,-10735.250904
2664.000000,-0.000001
487.000000,-843.508743
-5189.500000,-8988.477666
-475.000000,0.000000
5633.499999,-9757.508225
13363.000004,23145.394939
18725.000000,-0.000008
-557.500000,965.618325
-666.000000,-1153.545838
18725.000000,-0.000003
-3837.999999,6647.611000
13125.500006,22734.032871
-475.000000,0.000000
3061.499999,-5302.673548
-7497.500003,-12986.050928
3315.000000,-0.000001
-5719.499999,9906.464594
-14140.000004,-24491.198417
-168.000000,0.000000
4614.999998,-7993.414478
4833.000003,8371.001551
-518.000000,-0.000000
4284.499998,-7420.971686
-3018.500001,-5228.195362
-16356.000000,0.000006
-3557.999998,6162.636775
8464.000000,14660.078035
-346.000000,0.000000
-8711.499998,15088.760611
5340.000004,9249.151310
-2664.000000,0.000000
7379.999999,-12782.534960
6492.500001,11245.339867
301.000000,-0.000000
-4842.499998,8387.456037
-4264.000000,-7385.464643
-15708.000000,0.000002
-12121.999996,20995.919892
2562.500001,4438.380194
-518.000000,0.000000
5632.499999,-9755.776174
4766.000002,8254.954148
3.000000,-0.000000
-3789.999998,6564.472562
4499.500001,7793.362608
2.000000,-0.000000
13113.999994,-22714.114294
-3666.000002,-6349.698259
-344.000000,0.000000
-13880.500001,24041.731234
-5308.000000,-9193.725686
-18722.000000,0.000001
-416.000000,720.533136
-8749.500007,-15154.578537
-19246.000000,0.000000
-13668.499998,23674.536464
-3763.000001,-6517.707188
-16351.000000,0.000003
3645.999998,-6315.057245
75.500000,130.769836
18815.000000,-0.000003
4704.499998,-8148.433025
-9580.000004,-16593.046734
-19195.000000,0.000002
-12402.999997,21482.626168
3318.500001,5747.810604
-16877.000000,0.000004
-3611.499998,6255.301493
658.500000,1140.555457
1985.000000,-0.000000
2524.999999,-4373.428290
-6943.500004,-12026.494780
2633.000000,-0.000001
-6053.500000,10484.969564
-3253.500002,-5635.227302
-16226.000000,0.000005
-3982.499997,6897.892343
5027.500000,8707.885435
-18899.000000,0.000001
537.000000,-930.111284
1103.000000,1910.452041
-171.000000,0.000000
-84.000000,145.492268
9138.500002,15828.346304
21226.000000,-0.000004
8857.499997,-15341.640030
-797.500000,-1381.310519
21700.000000,-0.000002
-8045.499998,13935.214774
-6614.000003,-11455.784040
2193.000000,-0.000001
-866.000000,1499.955999
-9083.500003,-15733.083509
0.000000,-0.000000
-86.000000,148.956369
-29.500000,-51.095499
-2368.000000,-0.000000
14602.499994,-25292.271921
1125.000001,1948.557158
-19503.000000,0.000007
3452.499998,-5979.905415
-7701.500000,-13339.389294
298.000000,-0.000000
-8326.499998,14421.921050
7006.500005,12135.613980
349.000000,-0.000000
-8258.499999,14304.141595
-1761.000000,-3050.141472
19026.000000,-0.000004
-4581.499998,7935.390776
-1706.500000,-2955.744703
-473.000000,0.000000
-9395.499997,16273.483364
192.500000,333.419780
2664.000000,-0.000001
-5545.999999,9605.953780
-4584.000002,-7939.720901
349.000000,-0.000000
3880.999998,-6722.089185
-5316.999999,-9209.314144
16007.000000,-0.000003
-4488.499998,7774.310051
-898.500000,-1556.247650
-18809.000000,0.000007
-5805.000000,10054.554938
-9082.000000,-15730.485434
18674.000000,-0.000002
-4173.499997,7228.714047
13050.500010,22604.129058
-123.000000,0.000000
2912.500000,-5044.597977
-7971.000002,-13806.176986
22342.000000,-0.000005
120.500000,-208.712122
-6451.500001,-11174.325784
-470.000000,0.000000
5838.999998,-10113.444667
3458.000002,5989.431692
-523.000000,0.000000
-13143.999996,22766.075817
-5290.000002,-9162.548771
-16181.000000,0.000004
-14140.999992,24492.930475
-976.500000,-1691.347613
21175.000000,-0.000005
-9736.999995,16864.978716
-801.000000,-1387.372697
-123.000000,0.000000
-492.500000,853.035023
3985.500000,6903.088493
19671.000000,-0.000007
1007.999999,-1745.907214
-6465.000000,-11197.708471
517.000000,-0.000000
6325.499999,-10956.087384
-1809.000001,-3133.279911
-2503.000000,0.000001
-1988.000000,3443.317006
6604.000001,11438.463532
-2630.000000,0.000000
-2482.499999,4299.816130
11510.000006,19935.904792
16398.000000,-0.000002
-3105.499999,5378.883783
11392.500005,19732.388823
16398.000000,-0.000005
-2956.999999,5121.674238
11748.000004,20348.132885
-2151.000000,0.000001
-8537.999996,14788.249798
93.000000,161.080725
472.000000,0.000000
755.500000,-1308.564385
3566.000002,6176.493179
-19204.000000,0.000007
786.999999,-1363.123986
-7627.000000,-13210.351509
-21525.000000,0.000002
-473.500000,820.126057
14152.000005,24511.983026
17006.000000,-0.000000
6075.499999,-10523.074682
7497.500002,12986.050929
-2495.000000,0.000000
5585.999998,-9675.235813
-9126.000001,-15806.695669
-19026.000000,0.000003
-4380.499998,7587.248563
-4701.500002,-8143.236871
2453.000000,-0.000001
8643.499998,-14970.981156
-12160.000004,-21061.737818
-17176.000000,0.000005
-5656.499997,9797.345395
1730.500000,2997.313923
-2.000000,0.000000
6884.999997,-11925.169812
-3497.000002,-6056.981673
16708.000000,-0.000006
2982.500000,-5165.841534
-4167.500000,-7218.321740
19200.000000,-0.000002
7315.499998,-12670.817684
-13089.500010,-22671.679040
-18855.000000,0.000001
-277.000000,479.778074
-7644.000002,-13239.796372
-21572.000000,0.000005
8686.999996,-15046.325368
1840.500000,3187.839511
-21217.000000,0.000003
9834.499996,-17033.853669
965.500000,1672.295054
-39.000000,0.000000
8809.999997,-15259.367616
-12962.500005,-22451.708590
-16872.000000,0.000005
-4056.499998,7026.064102
-5289.000002,-9160.816720
-16874.000000,0.000004
-12997.499994,22512.330375
-778.500000,-1348.401553
-515.000000,0.000000
-10029.000000,17370.737549
5620.000001,9734.125538
-168.000000,0.000000
2696.499998,-4670.475004
1780.000000,3083.050437
3143.000000,-0.000000
-4647.999999,8050.572154
-4756.500001,-8238.499665
2676.000000,-0.000001
45.000000,-77.942286
-1760.500000,-3049.275447
21009.000000,-0.000004
-8354.499996,14470.418474
-6056.000003,-10489.299689
-16702.000000,0.000002
-12476.499996,21609.931903
4374.500002,7576.856257
-16699.000000,0.000005
-3952.499999,6845.930817
9286.000003,16083.823797
21313.000000,-0.000005
954.999999,-1654.108522
4379.000003,7584.650485
-16525.000000,-0.000001
-2887.500000,5001.296707
5014.500003,8685.368773
-18899.000000,0.000007
775.999999,-1344.071427
-13.500000,-23.382686
301.000000,-0.000000
-475.500000,823.590159
-14464.000005,-25052.382878
-298.000000,0.000000
-3406.999999,5901.097102
11344.000003,19648.384359
18207.000000,-0.000004
-818.500000,1417.683586
-8173.500001,-14156.917275
2844.000000,-0.000000
-4962.499998,8595.302134
4649.000002,8052.304203
3143.000000,-0.000001
10213.499997,-17690.300925
-4341.000002,-7518.832555
-645.000000,0.000000
13113.499992,-22713.248269
-3923.499999,-6795.701344
-2844.000000,-0.000000
-9216.499996,15963.446270
542.000000,938.771538
-21355.000000,0.000008
7198.000000,-12467.301713
-1408.000000,-2438.727537
-2495.000000,0.000000
7278.999998,-12607.597829
5721.000005,9909.062667
19327.000000,-0.000001
1054.500000,-1826.447577
4576.000001,7925.864495
-16312.000000,0.000004
4766.499998,-8255.820176
1157.000000,2003.982784
18680.000000,-0.000003
13429.499995,-23260.576323
5559.500003,9629.336463
-2669.000000,0.000000
9383.499997,-16252.698754
1685.500001,2919.371636
-18682.000000,0.000005
3362.499998,-5824.020842
-8399.999999,-14549.226784
21178.000000,-0.000005
-9999.999995,17320.508079
-1392.500001,-2411.880749
2673.000000,-0.000001
-14111.000000,24440.968946
-4713.500001,-8164.021481
2842.000000,-0.000000
-1232.499999,2134.752621
521.500000,903.264496
19026.000000,-0.000001
5026.499999,-8706.153385
8634.500003,14955.392696
-2320.000000,0.000001
13617.499998,-23586.201873
-7911.500002,-13703.119963
-177.000000,0.000000
-424.500000,735.255568
-3460.000002,-5992.895793
-19503.000000,0.000003
8485.999997,-14698.183155
5488.500002,9506.360856
-2196.000000,0.000001
-7123.999998,12339.129954
7082.000002,12266.383818
-1849.000000,0.000000
6321.999997,-10950.025207
-1675.500001,-2902.051127
-304.000000,-0.000000
-8518.000000,14753.608779
-345.000000,-597.557529
21397.000000,-0.000008
7788.999994,-13490.943744
-582.500000,-1008.919595
19026.000000,-0.000002
4917.999999,-8518.225872
-9645.000004,-16705.630037
-21183.000000,0.000001
-7765.499999,13450.240547
8571.000002,14845.407470
-2332.000000,0.000000
13980.999993,-24215.802344
4237.000001,7338.699271
16398.000000,-0.000003
-3217.499999,5572.873474
12292.500006,21291.234549
16745.000000,-0.000006
5323.999999,-9221.438500
12605.000005,21832.500427
16223.000000,-0.000005
5270.999997,-9129.639808
3734.500000,6468.343741
512.000000,0.000000
-12009.999994,20801.930202
2246.000001,3890.186113
343.000000,-0.000000
-3471.000000,6011.948353
3231.000000,5596.256159
18375.000000,-0.000002
-610.000000,1056.550993
408.500000,707.542755
45.000000,-0.000000
8738.999998,-15136.392008
4755.000001,8235.901589
19021.000000,-0.000004
370.500000,-641.724824
-269.500000,-466.787693
44.000000,-0.000000
-850.500000,1473.109212
4581.500002,7935.390774
19674.000000,-0.000002
-8311.999997,14396.806314
2739.000001,4744.087161
0.000000,-0.000000
5552.999997,-9618.078136
-55.500000,-96.128820
-19674.000000,0.000005
-13954.499993,24169.902998
903.000001,1564.041879
-44.000000,0.000000
8207.500000,-14215.807003
807.000000,1397.765002
-19195.000000,0.000003
-11731.499991,20319.554054
7676.500000,13296.088024
2154.000000,-0.000000
-5510.499999,9544.465976
-7518.000003,-13021.557970
2804.000000,-0.000001
3558.999999,-6164.368824
-4357.500001,-7547.411393
-18722.000000,0.000004
645.500000,-1118.038796
-8024.000004,-13897.975677
-21570.000000,0.000003
-724.000000,1254.004785
697.500000,1208.105438
-21051.000000,0.000007
-7560.000001,13094.304105
7320.500003,12679.477935
-2495.000000,0.000001
-2560.499999,4434.916094
12715.000009,22023.026013
18380.000000,0.000000
8632.499999,-14951.928597
-89.500000,-155.018547
3013.000000,-0.000001
-12918.499990,22375.498363
-4791.500000,-8299.121444
174.000000,-0.000000
12813.499996,-22193.633025
4301.500002,7450.416548
18680.000000,-0.000001
-6917.499999,11981.461462
2338.500001,4050.400813
-19325.000000,0.000004
1005.000000,-1740.711062
5238.000001,9072.482129
-50.000000,0.000000
-5036.999998,8724.339919
-3318.000002,-5746.944579
-18674.000000,0.000006
-1018.000000,1763.227722
5838.500002,10112.578639
18983.000000,-0.000005
7114.499996,-12322.675473
-11954.999999,-20706.667405
-18852.000000,0.000000
728.000000,-1260.932988
9676.000006,16759.323611
-21223.000000,0.000009
655.500000,-1135.359304
1115.000000,1931.236650
-2543.000000,0.000000
13457.999996,-23309.939771
1392.000001,2411.014724
-19154.000000,0.000001
-3514.499999,6087.292564
8251.000003,14291.151212
18851.000000,-0.000005
5318.499997,-9211.912222
4670.000001,8088.677271
-2149.000000,0.000000
9126.999996,-15808.427723
1122.500001,1944.227031
-1678.000000,0.000000
14700.999995,-25462.878925
-740.000000,-1281.717597
-2842.000000,0.000001
6438.499996,-11151.809127
-149.500000,-258.941596
-19199.000000,0.000000
3792.499998,-6568.802689
-11420.000007,-19780.020218
-18900.000000,0.000008
645.500000,-1118.038796
10032.500001,17376.799726
-21868.000000,0.000003
9482.999997,-16425.037810
5252.500000,9097.596867
-2193.000000,0.000000
-8399.499998,14548.360759
-1320.500000,-2287.173091
176.000000,-0.000000
-9414.499998,16306.392329
-975.500000,-1689.615563
-347.000000,0.000000
-8356.999996,14474.748601
8970.500005,15537.361766
-18375.000000,0.000003
-3047.999999,5279.290862
4594.000002,7957.041409
-47.000000,0.000000
13665.000002,-23668.474284
-8220.000003,-14237.457636
-19328.000000,0.000005
-13114.499992,22714.980320
8217.500006,14233.127508
19198.000000,0.000000
4218.000000,-7305.790307
4196.000001,7267.685188
16708.000000,-0.000003
4889.999996,-8469.728451
-1501.000000,-2599.808262
-5.000000,0.000000
1542.000000,-2670.822346
-4758.000002,-8241.097741
-16832.000000,0.000001
-4873.999999,8442.015637
31.000000,53.693575
21657.000000,-0.000005
-201.500000,349.008238
-5359.500001,-9282.926303
2329.000000,-0.000000
1749.999999,-3031.088914
3276.000002,5674.198445
-17350.000000,0.000006
-13036.499996,22579.880355
676.000000,1170.866346
2799.000000,-0.000001
-4819.499997,8347.618869
3394.000000,5878.580441
650.000000,-0.000000
-2457.500000,4256.514860
-1825.000001,-3160.992723
-3148.000000,0.000001
3538.500000,-6128.861783
-3128.500000,-5418.720951
-2799.000000,0.000000
-773.000000,1338.875274
13005.500006,22526.186775
19029.000000,-0.000001
-8820.999998,15278.420175
-1178.500000,-2041.221876
2672.000000,-0.000001
-12908.499993,22358.177854
4224.500001,7317.048636
-18725.000000,0.000004
10095.499996,-17485.918930
1652.000001,2861.347934
-21570.000000,0.000003
8971.499997,-15539.093822
-7839.000004,-13577.546278
-21046.000000,0.000007
-707.000000,1224.559921
-8430.000000,-14601.188308
-2369.000000,0.000000
4328.999998,-7498.047947
-19.000000,-32.908965
-21348.000000,0.000009
-488.500000,846.106820
-8163.500001,-14139.596767
-2374.000000,0.000000
5099.499998,-8832.593094
9482.000001,16423.305757
-21821.000000,0.000002
1244.000000,-2154.671205
13145.500005,22768.673888
19150.000000,-0.000005
1006.500000,-1743.309138
-4727.000001,-8187.404167
-18978.000000,0.000004
1050.999999,-1820.385399
13144.000008,22766.075810
18508.000000,-0.000003
532.500000,-922.317055
-1046.500001,-1812.591170
2675.000000,-0.000001
-3644.500000,6312.459168
-4444.500000,-7698.099814
-18725.000000,0.000005
8807.499995,-15255.037491
-6812.000005,-11798.730098
-21744.000000,-0.000000
7640.999999,-13234.600221
-6239.000001,-10806.264988
-18852.000000,0.000003
3437.999997,-5954.790678
-148.500000,-257.209545
19327.000000,-0.000002
-3497.499999,6057.847700
-2060.500001,-3568.890689
44.000000,-0.000000
-9342.999998,16182.550696
-213.500000,-369.792847
18894.000000,-0.000005
12532.499993,-21706.926750
5268.500001,9125.309679
16052.000000,-0.000003
12359.499995,-21407.281959
-2551.500001,-4419.327635
45.000000,-0.000000
-6615.499998,11458.382119
-73.500000,-127.305734
21995.000000,-0.000007
-7939.499995,13751.617390
3451.000000,5977.307337
-18854.000000,0.000000
8961.499999,-15521.773313
-8252.000002,-14292.883263
-173.000000,0.000000
-9686.500000,16777.510148
-579.500000,-1003.723443
20882.000000,-0.000003
-593.000000,1027.106129
9589.000004,16608.635191
2495.000000,-0.000000
5051.499999,-8749.454655
-4015.500001,-6955.050017
-18856.000000,0.000005
963.999999,-1669.696979
3618.500001,6267.425847
19026.000000,-0.000004
-8050.499996,13943.875028
6176.000003,10697.145786
19550.000000,-0.000003
-3619.499999,6269.157899
-769.500000,-1332.813096
-2500.000000,0.000001
5287.999996,-9159.084672
9631.000000,16681.381328
-22172.000000,0.000001
1319.499999,-2285.441041
13771.500009,23852.937691
-45.000000,0.000000
-3729.000000,6458.817462
-4057.500001,-7027.796151
-15875.000000,0.000003
4745.499998,-8219.447108
-3861.000000,-6687.448168
2455.000000,-0.000000
1685.500000,-2919.371636
4435.500002,7682.511356
-19542.000000,0.000006
10183.999998,-17639.205425
805.500000,1395.166925
-18724.000000,0.000004
-3242.499998,5616.174744
-5969.500004,-10339.477294
301.000000,-0.000000
-1937.499999,3355.848440
6607.000003,11443.659684
-470.000000,0.000000
740.000000,-1281.717598
-487.000000,-843.508743
21525.000000,-0.000006
728.000000,-1260.932988
3808.000003,6595.649474
2025.000000,-0.000000
1157.500000,-2004.848810
9220.500002,15970.374470
2498.000000,-0.000000
-4656.999996,8066.160613
-4971.500001,-8610.890589
132.000000,-0.000000
-2718.499999,4708.580121
8239.500004,14271.232627
-19373.000000,0.000001
4072.999999,-7054.642940
-11376.500004,-19704.676010
-18553.000000,0.000005
-510.500000,884.211937
1093.000000,1893.131533
-3013.000000,0.000001
12865.499994,-22283.699668
6065.000003,10504.888146
174.000000,-0.000000
-3589.000000,6216.330348
3137.500001,5434.309408
171.000000,-0.000000
-3365.999998,5830.083020
4508.500000,7808.951066
-3318.000000,0.000000
-1823.500000,3158.394648
6860.500002,11882.734564
817.000000,-0.000000
3805.000000,-6590.453323
-4690.000001,-8123.318287
346.000000,-0.000000
4537.999998,-7860.046566
-4322.500002,-7486.789615
18854.000000,-0.000002
-324.500000,562.050487
4114.000002,7125.657021
2847.000000,-0.000001
10094.499994,-17484.186880
-4159.500001,-7204.465333
2146.000000,-0.000000
10257.999995,-17767.377187
-4865.500003,-8427.293203
-19501.000000,-0.000001
-75.000000,129.903811
-4650.000002,-8054.036254
18855.000000,-0.000006
-9423.999994,16322.846814
7613.500000,13186.968824
21874.000000,-0.000001
975.000000,-1688.749537
4033.000003,6985.360905
2019.000000,-0.000001
1408.500000,-2439.593563
8505.500002,14731.958143
2022.000000,-0.000000
-4167.499998,7218.321742
-1213.000000,-2100.977630
21525.000000,-0.000002
-8893.999997,15404.859884
-1482.000001,-2566.899296
-473.000000,0.000000
-10094.999998,17485.052904
5488.500002,9506.360856
648.000000,-0.000000
-4756.499998,8238.499668
4650.000003,8054.036254
472.000000,-0.000000
13976.999994,-24208.874141
-8250.500004,-14290.285185
-21693.000000,0.000008
302.500000,-523.945369
74.500000,129.037785
-47.000000,0.000000
1617.999999,-2802.458207
3719.500003,6442.362977
-16653.000000,0.000000
-3501.500000,6064.775903
-1373.500000,-2378.971784
18981.000000,-0.000004
-3609.499998,6251.837391
-43.500000,-75.344210
-21995.000000,0.000003
8218.999997,-14235.725589
5497.500002,9521.949313
467.000000,-0.000000
-13199.499997,22862.204636
-4877.000002,-8447.211788
346.000000,-0.000000
4616.499997,-7996.012555
12595.500003,21816.045945
18550.000000,-0.000004
-7705.499997,13346.317500
7894.000004,13672.809072
21744.000000,-0.000008
8839.000000,-15309.597088
-565.000000,-978.608706
19023.000000,-0.000006
5926.499996,-10264.999113
-1331.500000,-2306.225650
-21178.000000,0.000001
-6521.999999,11296.435368
7081.000002,12264.651767
-2374.000000,0.000001
5392.000000,-9339.217955
-9169.000002,-15881.173854
-21348.000000,0.000003
463.000000,-801.939524
-20.000000,-34.641016
-2543.000000,0.000000
13360.499996,-23141.064817
-7005.500003,-12133.881931
-19024.000000,0.000005
3986.499998,-6904.820546
-4861.500001,-8420.365000
2971.000000,-0.000001
-7564.999996,13102.964361
-5615.500003,-9726.331308
-168.000000,-0.000000
12669.999995,-21945.083735
-8583.500004,-14867.058104
-822.000000,0.000000
-1081.999999,1874.078974
-9188.500000,-15914.948845
2365.000000,-0.000000
-13590.999997,23540.302527
8262.000006,14310.203769
19373.000000,-0.000009
12424.999999,-21520.731285
-4399.000001,-7619.291502
16875.000000,-0.000003
-4756.499998,8238.499667
-732.500000,-1268.727216
-2156.000000,0.000000
5346.499998,-9260.409644
9182.500004,15904.556538
-304.000000,0.000000
9276.999998,-16068.235343
444.000000,769.030558
21693.000000,-0.000005
86.000000,-148.956369
-5695.500004,-9864.895372
47.000000,-0.000000
-4346.999998,7529.224862
2965.500002,5136.396669
16007.000000,-0.000006
-4402.500000,7625.353680
-908.500000,-1573.568159
-18505.000000,0.000001
-5351.499997,9269.069899
-12846.000010,-22249.924669
-50.000000,0.000000
5162.999999,-8942.578320
9319.500002,16141.847500
-19325.000000,0.000004
-4505.999998,7804.620940
193.500000,335.151831
19502.000000,-0.000003
4769.999998,-8261.882353
-1837.500001,-3182.643358
-2669.000000,0.000000
-2012.999999,3486.618276
8313.000003,14398.538362
-19159.000000,0.000005
-3856.499998,6679.653941
9306.500002,16119.330839
19499.000000,-0.000004
4886.999998,-8464.532298
-948.500001,-1642.850191
-2968.000000,0.000001
-4445.000000,7698.965840
5125.500000,8877.626414
-650.000000,0.000000
2888.999998,-5003.894784
1954.500000,3385.293303
3148.000000,-0.000000
3469.999999,-6010.216303
-13405.000004,-23218.141073
2799.000000,-0.000001
-8470.999999,14672.202391
-5944.500001,-10296.176025
-19198.000000,0.000003
-326.000000,564.648563
-8889.000004,-15396.199626
-348.000000,0.000000
-74.500000,129.037785
-1070.000000,-1853.294364
-298.000000,0.000000
-8863.499995,15352.032336
3675.500001,6366.152743
18855.000000,-0.000004
-742.500000,1286.047725
399.500000,691.954297
2371.000000,0.000000
4177.000000,-7234.776223
385.500000,667.705586
124.000000,-0.000000
106.500000,-184.463411
-8770.000000,-15190.085582
-18677.000000,0.000001
-5112.999999,8855.975780
-193.000000,-334.285806
19153.000000,-0.000009
4627.499999,-8015.065112
758.000000,1312.894512
-21995.000000,0.000004
-908.000000,1572.702133
5469.500001,9473.451892
-346.000000,0.000000
-14681.999995,25429.969960
862.500000,1493.893821
2971.000000,-0.000001
3803.999999,-6588.721273
-4002.000001,-6931.667331
-18680.000000,0.000005
227.000000,-393.175533
-4801.000003,-8315.575925
16660.000000,-0.000003
3245.999999,-5622.236922
-9914.500005,-17172.417728
171.000000,-0.000000
-7635.000000,13224.207916
2603.500000,4509.394277
-19162.000000,0.000002
-6941.499998,12023.030682
12108.500009,20972.537198
16354.000000,-0.000001
5052.999999,-8752.052731
4217.000001,7304.058255
19074.000000,-0.000004
7227.499997,-12518.397214
-7826.500001,-13555.895645
21220.000000,-0.000003
-604.000000,1046.158688
9406.500004,16292.535919
2844.000000,-0.000000
4854.499999,-8408.240646
-5122.000002,-8871.564235
124.000000,-0.000000
-2954.999998,5118.210137
-207.500000,-359.400543
-19499.000000,0.000004
-6008.999997,10407.893304
314.000000,543.863953
21352.000000,-0.000008
-8605.000000,14904.297199
8088.500001,14009.692957
-168.000000,0.000000
8206.999994,-14214.940981
-6439.000000,-11152.675150
-19032.000000,0.000001
-4638.499999,8034.117671
9004.500003,15596.251495
171.000000,-0.000000
563.000000,-975.144605
4747.000001,8222.045183
17004.000000,-0.000003
13957.499994,-24175.099150
-613.500000,-1062.613170
219.000000,-0.000000
162.000000,-280.592231
-10170.500004,-17615.822736
18677.000000,-0.000006
3348.999998,-5800.638156
-8281.000003,-14343.112736
-18854.000000,0.000005
-4220.499998,7310.120435
4824.500003,8356.279119
2495.000000,0.000000
8432.500000,-14605.518435
-8755.000005,-15164.104818
20705.000000,-0.000008
-751.999999,1302.502208
41.500000,71.880109
2371.000000,-0.000000
-4449.999999,7707.626094
8138.000003,14095.429470
22170.000000,-0.000011
-7056.999999,12223.082550
1676.500000,2903.783179
-475.000000,0.000000
-2223.999999,3852.080997
12255.000002,21226.282646
-475.000000,0.000000
-4391.999998,7607.167148
-1052.500000,-1822.983475
21694.000000,-0.000007
-8894.499998,15405.725909
-1440.500001,-2495.019188
-129.000000,0.000000
-10124.999994,17537.014430
5023.500003,8700.957230
19370.000000,0.000000
-643.000000,1113.708669
7611.500004,13183.504719
19547.000000,-0.000008
-3262.500000,5650.815760
-1849.500000,-3203.427969
-2501.000000,0.000000
-2790.499999,4833.287779
7274.500006,12599.803596
-21524.000000,0.000001
-7525.999999,13035.414379
-932.500000,-1615.137378
123.000000,-0.000000
-477.000000,826.188235
-13990.000003,-24231.390796
-19325.000000,0.000003
-9417.999996,16312.454508
4842.000002,8386.590009
19328.000000,-0.000002
7135.499998,-12359.048539
-13649.000005,-23640.761469
-295.000000,0.000000
-4465.499997,7734.472883
4873.999999,8442.015636
-523.000000,0.000000
3460.999998,-5994.627846
-3849.500002,-6667.529582
-16178.000000,0.000007
-12057.000000,20883.336587
7828.000001,13558.493721
21476.000000,-0.000003
1.000000,-1.732051
-3526.500000,-6108.077173
-18978.000000,0.000001
8425.999998,-14594.260106
4831.000002,8367.537450
16007.000000,-0.000004
-3092.000000,5355.501097
13039.000003,22584.210478
-130.000000,0.000000
4122.999998,-7141.245481
901.500000,1561.443803
515.000000,-0.000000
575.000000,-995.929214
3479.500001,6026.670784
16528.000000,-0.000005
5050.499997,-8747.722605
4726.000002,8185.672116
-2799.000000,0.000001
8607.999995,-14909.493354
6398.000004,11081.661064
168.000000,0.000000
2768.500000,-4795.182661
-6919.500001,-11984.925562
0.000000,-0.000000
-1729.499999,2995.581872
6476.500000,11217.627055
-168.000000,0.000000
2843.999999,-4925.952497
1590.500001,2754.826809
2799.000000,-0.000001
-4705.499999,8150.165075
-3168.500001,-5488.002983
-16528.000000,0.000003
3598.999998,-6233.650857
1591.000000,2755.692835
-518.000000,0.000000
-586.000000,1014.981773
6152.000003,10655.576567
648.000000,-0.000000
2441.999999,-4229.668072
-11696.000004,-20258.066243
518.000000,-0.000000
12982.499993,-22486.349614
5020.000003,8694.895052
15705.000000,0.000000
4281.999998,-7416.641559
4886.000003,8462.800244
214.000000,-0.000000
-5273.000000,9133.103908
-877.500000,-1519.874584
19539.000000,-0.000002
-2907.999999,5036.803749
11137.000004,19289.849841
16402.000000,-0.000001
4157.999999,-7201.867258
-4878.500001,-8449.809864
18719.000000,-0.000004
-807.000000,1397.765002
-954.500000,-1653.242496
2709.000000,-0.000000
-12539.999995,21719.917130
8204.500004,14210.610848
19370.000000,-0.000002
13271.999996,-22987.778320
5188.500002,8986.745614
16224.000000,-0.000005
5345.999997,-9259.543619
12766.499999,22112.226636
-2458.000000,0.000001
-8840.499995,15312.195167
3821.000002,6618.166134
19541.000000,-0.000008
-8989.000000,15569.404709
6722.000001,11642.845528
18899.000000,-0.000002
-2880.999998,4990.038378
11770.000000,20386.238005
-2498.000000,0.000000
-7218.999998,12503.674781
8729.500003,15119.937523
-21057.000000,0.000005
723.500000,-1253.138759
933.500000,1616.869429
-21353.000000,0.000004
88.500000,-153.286496
3878.000002,6716.893031
17001.000000,-0.000002
5481.999998,-9495.102528
-667.500000,-1156.143914
-2450.000000,0.000001
5762.999996,-9981.808806
12339.000004,21371.774912
19026.000000,-0.000005
-118.500000,205.248021
-13825.500009,-23946.468435
2667.000000,0.000000
-533.500000,924.049106
-3707.500001,-6421.578369
-19499.000000,0.000007
-768.999999,1331.947071
4878.000000,8448.943839
18810.000000,-0.000002
-929.500000,1609.941226
-13797.000005,-23897.104989
-16181.000000,0.000004
-4240.499999,7344.761450
-5719.500002,-9906.464593
2321.000000,-0.000000
-7299.499997,12643.104872
7616.000001,13191.298950
21057.000000,-0.000003
7628.999997,-13213.815613
-8799.500004,-15241.181079
21356.000000,-0.000007
-127.000000,219.970453
-4845.000002,-8391.786162
-16533.000000,0.000005
-2921.999998,5061.052461
3945.000003,6832.940434
-19198.000000,-0.000000
-8161.999999,14136.998692
3771.500002,6532.429619
18981.000000,-0.000008
131.000000,-226.898656
-5697.000001,-9867.493450
-18975.000000,0.000002
-278.500000,482.376150
-3624.500001,-6277.818151
18807.000000,-0.000001
-366.500000,634.796621
4457.500001,7720.616474
-16824.000000,0.000004
-4681.499998,8108.595857
1642.500000,2844.893451
2278.000000,-0.000000
-4659.999998,8071.356764
5231.000003,9060.357773
-15877.000000,0.000002
4355.499999,-7543.947293
-13243.500006,-22938.414867
-515.000000,0.000000
-4819.999997,8348.484894
4702.500000,8144.968923
-515.000000,0.000000
-4744.999997,8218.581083
4227.500003,7322.244787
-15880.000000,0.000007
-12103.000000,20963.010924
-5924.000001,-10260.668984
2630.000000,-0.000000
-660.500000,1144.019559
-13393.000000,-23197.356465
1985.000000,-0.000000
8767.499998,-15185.755457
-3480.500001,-6028.402835
-17046.000000,0.000004
5412.499999,-9374.724996
-4129.000001,-7151.637784
-16875.000000,0.000003
-3698.999998,6406.855938
539.500000,934.441411
304.000000,-0.000000
9277.499997,-16069.101369
-238.000000,-412.228092
-1844.000000,0.000001
5231.999997,-9062.089827
-10192.500004,-17653.927854
-2673.000000,0.000001
-3095.499998,5361.563276
8131.500005,14084.171139
-21524.000000,-0.000000
472.500000,-818.394007
1189.000000,2059.408410
-174.000000,0.000000
-799.999999,1385.640646
174.500000,302.242866
-645.000000,0.000000
-1318.500000,2283.708990
-3928.000001,-6803.495571
476.000000,-0.000000
-6236.999999,10802.800887
-12878.500004,-22306.216323
2669.000000,-0.000001
-75.000000,129.903811
8150.500002,14117.080106
0.000000,-0.000000
-7069.499997,12244.733186
8109.000004,14045.199996
-2498.000000,0.000001
5612.499998,-9721.135158
14096.000006,24414.988180
-2495.000000,0.000001
1040.499999,-1802.198866
9394.500007,16271.751308
470.000000,-0.000000
9986.499999,-17297.125390
-3796.500002,-6575.730890
-19156.000000,0.000008
-117.000000,202.649944
5633.000001,9756.642199
16010.000000,-0.000002
4000.499999,-6929.069256
14001.500006,24251.309379
518.000000,-0.000000
-4701.999999,8144.102898
-3599.500001,-6234.516881
343.000000,-0.000000
4948.999997,-8571.919448
12414.000003,21501.678724
19029.000000,-0.000004
44.000000,-76.210236
-13825.500007,-23946.468436
169.000000,-0.000000
4354.499999,-7542.215242
-35.000000,-60.621778
-21997.000000,0.000007
-9306.999994,16120.196869
3827.000000,6628.558441
18981.000000,-0.000000
-8519.499995,14756.206858
3631.000002,6289.076481
-16007.000000,0.000007
-3112.500000,5391.008139
4538.500001,7860.912590
124.000000,-0.000000
6377.499998,-11046.154027
8640.000000,14964.918977
-296.000000,0.000000
100.500000,-174.071106
-756.000000,-1309.430410
18851.000000,-0.000005
-4270.499999,7396.722974
-1160.000000,-2009.178937
-21826.000000,0.000005
-9208.999996,15950.455889
4608.500003,7982.156145
-2678.000000,0.000000
-8881.499997,15383.209249
12771.500006,22120.886885
-1980.000000,0.000001
-7831.499995,13564.555903
12016.000000,20812.322504
17043.000000,-0.000005
-3148.499998,5453.361969
11391.000008,19729.790745
16573.000000,0.000000
-3151.000000,5457.692095
11393.000002,19733.254849
18896.000000,-0.000003
-7766.499994,13451.972601
8385.500001,14524.112046
-2.000000,0.000000
9418.999997,-16314.186558
491.500000,851.302972
-19203.000000,0.000006
-13092.999997,22677.741225
784.500000,1358.793858
2669.000000,-0.000001
2913.499999,-5046.330029
236.000000,408.763991
19029.000000,-0.000003
5408.499998,-9367.796794
3202.000002,5546.026685
-2968.000000,0.000001
-9144.500001,15838.738609
5176.000002,8965.094979
473.000000,-0.000000
-5708.499996,9887.412037
-4119.500003,-7135.183300
-18725.000000,0.000000
-318.000000,550.792157
-7418.500002,-12849.218915
-18899.000000,0.000008
3888.000000,-6734.213540
-3532.000000,-6117.603452
2669.000000,-0.000000
8180.499997,-14169.041633
-8134.000004,-14088.501267
18730.000000,-0.000001
3113.499999,-5392.740190
4958.500002,8588.373928
16357.000000,-0.000004
12028.999993,-20834.839168
-7142.000002,-12370.306867
-19330.000000,0.000004
-5701.999997,9876.153706
1849.000001,3202.561943
2148.000000,-0.000000
2116.999999,-3666.751560
-7524.000003,-13031.950274
2503.000000,-0.000001
-6161.499996,10672.031053
-8993.500000,-15577.198938
132.000000,-0.000000
-1298.000000,2248.201948
-7818.500005,-13542.039236
-18896.000000,0.000008
-5449.500000,9438.810876
-4056.500001,-7026.064101
-16229.000000,0.000002
-12458.499995,21578.754989
3636.000000,6297.736736
2329.000000,-0.000000
1027.000000,-1778.816180
8760.000003,15172.765072
21358.000000,-0.000006
8403.999999,-14556.154988
-13631.000004,-23609.584556
2498.000000,-0.000001
656.500000,-1137.091355
-4952.500003,-8577.981623
-19026.000000,0.000003
517.500000,-896.336293
-215.500000,-373.256949
-2711.000000,0.000001
-3060.499998,5300.941498
8422.500000,14588.197927
-19370.000000,0.000006
-2962.999998,5132.066544
4449.000003,7705.894041
-16052.000000,-0.000000
-2885.500000,4997.832605
-5818.500001,-10077.937623
-211.000000,0.000000
6335.499997,-10973.407893
-1062.000000,-1839.437958
-19541.000000,0.000002
-3123.499999,5410.060698
-5051.000002,-8748.588628
-16700.000000,0.000005
-3923.499999,6795.701344
212.000000,367.194771
-45.000000,0.000000
-278.000000,481.510125
1575.000000,2727.980022
-21175.000000,0.000004
54.500000,-94.396769
12921.500007,22380.694506
16832.000000,-0.000006
-3537.000000,6126.263706
-516.000000,-893.738217
176.000000,-0.000000
9079.999994,-15727.021336
-4553.000003,-7886.027325
-19207.000000,0.000000
1011.500000,-1751.969392
-8878.500002,-15378.013094
-21696.000000,0.000009
-1600.000000,2771.281292
-3361.000000,-5821.422764
18680.000000,-0.000003
-768.500000,1331.081046
9389.500004,16263.091055
2543.000000,-0.000000
3123.999999,-5410.926723
-7113.500003,-12320.943418
21871.000000,-0.000006
6608.499996,-11446.257764
-8937.000002,-15479.338066
18854.000000,-0.000004
5054.999998,-8755.516834
-1143.000001,-1979.734073
-18685.000000,-0.000002
-4004.999999,6936.863485
-14021.000007,-24285.084369
-2.000000,0.000000
3587.999998,-6214.598299
-5099.000000,-8831.727068
18209.000000,-0.000001
-1674.500000,2900.319077
-9296.500006,-16102.010329
3016.000000,-0.000001
-6032.500000,10448.596497
-13114.500002,-22714.980315
476.000000,-0.000000
5012.499998,-8681.904674
8642.500001,14969.249104
-346.000000,0.000000
1898.999999,-3289.164484
4683.500002,8112.059956
-18854.000000,0.000005
10106.499998,-17504.971488
1231.000000,2132.154544
-2844.000000,0.000001
14225.999993,-24640.154793
4575.500003,7924.998468
-2969.000000,0.000001
-637.000000,1103.316365
-3006.000002,-5206.544727
-2199.000000,0.000001
8063.499994,-13966.391690
1845.500000,3196.499765
-18680.000000,0.000001
3363.999998,-5826.618918
-8250.000006,-14289.419159
21349.000000,-0.000000
-8787.499999,15220.396472
6887.500001,11929.499936
-299.000000,0.000000
-8722.999996,15108.679197
4202.000001,7278.077493
-1852.000000,0.000000
-8312.499997,14397.672339
8366.000004,14490.337054
-1678.000000,0.000001
13643.999997,-23632.101220
-8952.000003,-15505.318828
-3146.000000,0.000001
-4767.499997,8257.552227
4917.500001,8517.359846
-479.000000,0.000000
-5090.999998,8817.870663
9121.500005,15798.901438
515.000000,-0.000000
-451.000000,781.154914
-4621.000002,-8003.806781
16871.000000,-0.000005
-4211.999997,7295.398003
11503.000009,19923.780434
16742.000000,-0.000000
5323.999999,-9221.438500
3048.000001,5279.290861
16573.000000,-0.000003
-4404.500000,7628.817782
2990.000000,5178.831914
19192.000000,-0.000003
-8203.999997,14209.744827
2603.500001,4509.394277
-18812.000000,0.000002
-7145.499998,12376.369047
12895.500005,22335.661186
16652.000000,-0.000005
4726.499997,-8186.538144
-464.000000,-803.671575
219.000000,-0.000000
-938.500000,1625.529683
-9904.000006,-17154.231195
19021.000000,0.000001
-4564.999998,7906.811938
-1534.000001,-2656.965938
47.000000,-0.000000
-138.500000,239.889037
-399.500000,-691.954298
18849.000000,-0.000001
6001.499999,-10394.902922
8162.500006,14137.864714
-21997.000000,0.000010
1006.000000,-1742.443112
5445.500001,9431.882672
299.000000,-0.000000
-3965.999998,6869.313504
4530.000000,7846.190158
2500.000000,-0.000000
8284.999997,-14350.040942
-8230.000003,-14254.778144
2326.000000,-0.000001
-13038.499997,22583.344456
2133.500001,3695.330398
2977.000000,-0.000001
-7625.499996,13207.753435
-5359.500003,-9282.926301
1980.000000,-0.000000
7838.499997,-13576.680257
-12920.500007,-22378.962455
-17347.000000,0.000006
-13979.999990,24214.070296
755.500000,1308.564385
1980.000000,-0.000000
2695.999998,-4669.608978
1887.500001,3269.245898
2498.000000,-0.000000
-4179.999999,7239.972376
8658.500002,14996.961916
346.000000,-0.000000
-7499.999997,12990.381059
11751.000002,20353.329039
17007.000000,-0.000002
4499.999998,-7794.228635
-9969.000004,-17266.814498
168.000000,-0.000000
-7612.999998,13186.102799
3663.000001,6344.502107
-19156.000000,0.000005
8263.999995,-14313.667876
-3473.500001,-6016.278480
16309.000000,-0.000003
-3567.499998,6179.091257
7093.500004,12286.302401
-18975.000000,0.000007
-12941.500001,22415.335526
-855.500000,-1481.769466
21474.000000,-0.000007
-86.500000,149.822395
-4476.000003,-7752.659413
-16477.000000,0.000001
4595.499999,-7959.639487
844.500000,1462.716907
18807.000000,-0.000004
12929.999999,-22395.416942
-7199.000001,-12469.033763
-19496.000000,0.000003
3598.999999,-6233.650857
843.500000,1460.984856
2320.000000,-0.000000
-4130.999999,7155.101887
357.500000,619.208164
-169.000000,0.000000
7528.499996,-13039.744507
-2870.500001,-4971.851843
645.000000,-0.000000
-4788.499998,8293.925293
-5976.000004,-10350.735624
346.000000,0.000000
-3452.500000,5979.905413
3008.000001,5210.008828
18378.000000,-0.000006
-1486.999999,2575.559551
-9104.000000,-15768.590552
-129.000000,0.000000
-1576.000000,2729.712073
-4089.000001,-7082.355751
-2669.000000,0.000001
-9957.999999,17247.761942
4238.000001,7340.431322
301.000000,-0.000000
-5881.499998,10187.056826
-11970.500001,-20733.514191
-16531.000000,0.000002
3589.999999,-6218.062400
752.500000,1303.368233
2326.000000,-0.000001
-5466.999999,9469.121766
-9567.500003,-16571.396100
21527.000000,-0.000005
-9142.999995,15836.140536
8075.500005,13987.176294
175.000000,-0.000000
976.000000,-1690.481588
9416.000005,16308.990401
-171.000000,0.000000
1201.999999,-2081.925071
8420.500000,14584.733825
2323.000000,-0.000000
-3230.999999,5596.256160
-5365.000004,-9292.452580
-19198.000000,0.000000
-366.500000,634.796621
-2926.500001,-5068.846688
298.000000,-0.000000
-4905.999998,8497.441263
3624.000001,6276.952126
520.000000,-0.000000
5956.499998,-10316.960637
3959.000002,6857.189146
15882.000000,-0.000005
4026.999999,-6974.968603
4475.000002,7750.927363
-2498.000000,0.000001
-9114.999995,15787.643114
-208.500000,-361.132593
-18207.000000,0.000004
-4283.999998,7420.105661
-4726.000003,-8185.672115
128.000000,-0.000000
5416.500000,-9381.653199
-55.500000,-96.128820
-22040.000000,0.000007
637.500000,-1104.182390
-261.500000,-452.931286
-18722.000000,0.000001
-11623.999998,20133.358588
3587.000001,6212.866246
2627.000000,-0.000001
9926.499999,-17193.202342
-4780.500001,-8280.068885
-19674.000000,0.000003
-7124.499997,12339.995980
13307.000007,23048.400093
-2672.000000,0.000000
-861.000000,1491.295745
6149.000002,10650.380414
19547.000000,-0.000006
7596.499995,-13157.523962
-626.000000,-1084.263805
19375.000000,-0.000005
-2529.999999,4382.088544
7397.000005,12811.979821
-174.000000,-0.000000
1879.000000,-3254.523467
3719.500002,6442.362978
-17178.000000,0.000006
-4398.999997,7619.291504
-8696.000000,-15061.913823
1980.000000,-0.000000
-6755.999999,11701.735257
-7808.000003,-13523.852704
2501.000000,-0.000001
-6473.499999,11212.430903
1719.500000,2978.261363
-171.000000,0.000000
7719.499997,-13370.566211
6346.000001,10991.594424
0.000000,-0.000000
-5317.499998,9210.180170
1674.500001,2900.319077
-2.000000,0.000000
7850.999998,-13598.330891
5661.000002,9805.139621
349.000000,-0.000000
-4298.999998,7446.086423
-1480.500001,-2564.301220
19325.000000,0.000001
-3525.499998,6106.345123
-1008.000001,-1745.907214
-18981.000000,0.000007
-4762.999996,8249.757999
-963.500000,-1668.830953
19328.000000,-0.000002
-3685.999999,6384.339277
-2041.000002,-3535.115697
-168.000000,0.000000
-8521.999999,14760.536983
-5544.500001,-9603.355702
-17178.000000,0.000004
-5688.499997,9852.771020
-7406.500001,-12828.434306
1979.000000,-0.000000
1666.499999,-2886.462671
-6565.500003,-11371.779575
3149.000000,-0.000001
2443.999999,-4233.132174
-13187.500005,-22841.420022
0.000000,-0.000000
-3539.499998,6130.593835
12835.999998,22232.604167
-2501.000000,0.000001
1165.499999,-2018.705217
9451.000006,16369.612179
-1982.000000,0.000001
13242.500000,-22936.682819
-4095.500000,-7093.614082
16226.000000,-0.000002
2876.499998,-4982.244149
-4009.500003,-6944.657711
19547.000000,-0.000001
7967.999998,-13800.980836
-4298.500001,-7445.220396
-2.000000,0.000000
6804.499999,-11785.739720
8089.000002,14010.558981
-19677.000000,0.000003
-4789.999998,8296.523369
-7625.000004,-13206.887405
473.000000,-0.000000
-248.000000,429.548600
9363.500004,16218.057734
-2016.000000,0.000001
14896.999991,-25802.360886
-590.500000,-1022.776002
-349.000000,0.000000
625.000000,-1082.531755
-14155.000009,-24517.179176
-16658.000000,-0.000001
-14259.000000,24697.312465
-1053.000000,-1823.849500
19328.000000,-0.000007
-3502.499997,6066.507955
6565.000000,11370.913552
-2796.000000,0.000000
-2267.999999,3928.291232
13306.000004,23046.668043
-3151.000000,0.000001
8753.499999,-15161.506745
5734.500001,9932.445355
349.000000,-0.000000
-4459.999998,7724.946603
-1405.000000,-2433.531385
21828.000000,-0.000003
-8250.999997,14291.151215
-6044.000003,-10468.515079
-16525.000000,0.000005
-4993.999999,8649.861734
-13183.000005,-22833.625793
-19245.000000,0.000005
690.500000,-1195.981083
-368.500000,-638.260722
-19539.000000,-0.000000
-4959.999998,8590.972007
-8869.500005,-15362.424635
2627.000000,-0.000001
-14224.999989,24638.422744
-5257.500000,-9106.257121
-19024.000000,0.000002
-8108.499998,14044.333974
12526.500005,21696.534438
-2194.000000,0.000000
-8224.499999,14245.251868
-975.000000,-1688.749537
-2022.000000,0.000000
5438.499997,-9419.758318
-728.000000,-1260.932988
-21522.000000,0.000004
1588.999999,-2752.228734
-1008.000000,-1745.907214
126.000000,-0.000000
1351.000000,-2340.000641
-4767.000002,-8256.686199
-19669.000000,0.000006
1113.499999,-1928.638575
13458.499999,23310.805795
-216.000000,0.000000
-4768.499998,8259.284277
-12250.000007,-21217.622388
-16356.000000,0.000007
3469.500000,-6009.350277
1759.500000,3047.543396
-169.000000,0.000000
7636.499995,-13226.805995
-3611.500003,-6255.301490
19328.000000,-0.000001
-33.000000,57.157677
-5901.000002,-10220.831814
-18984.000000,0.000005
-7246.499999,12551.306178
13116.000003,22717.578390
18854.000000,-0.000003
8491.999996,-14708.575460
488.500000,846.106819
21696.000000,-0.000003
8442.999997,-14623.704970
-13384.500006,-23182.634031
-18981.000000,0.000006
-9289.499994,16089.885980
4801.500002,8316.441952
16483.000000,-0.000004
13155.999993,-22786.860428
89.500000,155.018547
-21347.000000,-0.000001
938.500000,-1625.529683
-8846.500001,-15322.587468
-21575.000000,0.000008
-695.999999,1205.507362
-8685.000000,-15042.861264
-18852.000000,0.000002
-14476.499996,25074.033518
75.000000,129.903811
19504.000000,-0.000005
4843.999999,-8390.054112
7765.000002,13449.374520
-2495.000000,0.000001
6832.999997,-11835.103170
-888.000000,-1538.061117
-21527.000000,0.000003
1437.499999,-2489.823036
-1172.000001,-2029.963546
472.000000,-0.000000
-7956.999998,13781.928277
-6594.500002,-11422.009049
0.000000,-0.000000
-3082.499998,5339.046615
7883.000005,13653.756513
-470.000000,-0.000000
964.500000,-1670.563004
8996.500005,15582.395087
21350.000000,-0.000008
9763.999992,-16911.744090
-4907.500000,-8500.039338
-19499.000000,0.000002
-12.000000,20.784610
-3063.500001,-5306.137648
-346.000000,0.000000
-6578.999999,11395.162264
712.500000,1234.086200
304.000000,-0.000000
194.000000,-336.017857
-545.000000,-943.967690
-18378.000000,0.000003
-12552.999995,21742.433790
-5924.000003,-10260.668982
-349.000000,0.000000
-3491.999999,6048.321421
13275.000005,22992.974467
-467.000000,0.000000
2720.499998,-4712.044223
-8218.999999,-14235.725588
21995.000000,-0.000000
-8173.999996,14157.783304
3534.000002,6121.067553
-18981.000000,0.000008
9386.000000,-16257.028880
4809.000001,8329.432333
16827.000000,-0.000002
-2366.499999,4098.898237
6305.500005,10921.446364
-1977.000000,0.000000
5416.499999,-9381.653200
-9916.500003,-17175.881831
-3149.000000,0.000001
-4786.499999,8290.461191
3909.000001,6770.586606
-476.000000,0.000000
-13478.499994,23345.446813
7793.500004,13498.737966
0.000000,-0.000000
-8906.999997,15427.376545
5281.500002,9147.826339
0.000000,-0.000000
-6287.999996,10891.135480
724.000000,1254.004785
2.000000,-0.000000
-1490.499999,2581.621729
-2858.000002,-4950.201207
303.000000,0.000000
2249.500000,-3896.248292
-12488.000002,-21629.850484
-18553.000000,0.000003
-7401.999994,12820.640081
8727.000001,15115.607397
-21871.000000,0.000002
8119.499998,-14063.386533
-1904.500001,-3298.690763
-2194.000000,0.000001
-1491.000000,2582.487754
1081.000000,1872.346923
819.000000,-0.000000
945.000000,-1636.788013
2999.000001,5194.420372
-130.000000,0.000000
4841.999998,-8386.590011
-4162.000002,-7208.795460
15880.000000,-0.000005
4013.499999,-6951.585917
14293.500006,24757.068215
-2628.000000,0.000001
9135.999995,-15824.016181
5349.000004,9264.739768
-1678.000000,-0.000000
0.000000,0.000000
-9516.500006,-16483.061507
-2028.000000,0.000001
5066.999996,-8776.301444
84.000000,145.492268
-21654.000000,0.000002
813.000000,-1408.157307
14035.000006,24309.333081
16184.000000,-0.000001
5082.499999,-8803.148230
13828.500004,23951.664590
174.000000,-0.000000
-4550.499998,7881.697201
-2890.000001,-5005.626834
-19029.000000,0.000003
8431.999996,-14604.652411
5573.500003,9653.585174
301.000000,-0.000000
-3804.499999,6589.587298
-5070.000002,-8781.497593
174.000000,-0.000000
4649.999997,-8054.036257
4657.500000,8067.026636
-3318.000000,0.000000
-8699.499995,15067.976003
12861.500008,22276.771457
819.000000,-0.000000
-3577.000000,6195.545739
-5722.000001,-9910.794720
168.000000,-0.000000
5601.499998,-9702.082600
4626.000004,8012.467034
-2971.000000,0.000000
209.000000,-361.998619
14046.500005,24329.251666
19677.000000,-0.000005
8356.499999,-14473.882574
-13738.500003,-23795.780018
2672.000000,-0.000001
-499.000000,864.293353
-13158.000007,-22790.324522
-19547.000000,0.000003
492.000000,-852.168997
9872.000005,17098.805570
-19373.000000,0.000006
-4723.999997,8182.208017
1576.000000,2729.712073
301.000000,-0.000000
-1112.499999,1926.906524
74.500000,129.037785
349.000000,0.000000
-8238.999999,14270.366604
7616.000001,13191.298950
19026.000000,-0.000003
4919.499996,-8520.823950
-594.000000,-1028.838180
175.000000,-0.000000
-357.000000,618.342138
-14614.500006,-25313.056524
1847.000000,-0.000001
-9495.499998,16446.688444
-44.500000,-77.076261
2498.000000,-0.000001
-5621.499997,9736.723616
-4549.500001,-7879.965149
-173.000000,0.000000
4939.499998,-8555.464965
5037.500003,8725.205942
-472.000000,0.000000
3539.500000,-6130.593833
996.500000,1725.988630
22176.000000,-0.000006
1015.499999,-1758.897595
3659.000003,6337.573903
2323.000000,-0.000000
9110.499999,-15779.848883
-13082.000003,-22658.688663
-16832.000000,0.000007
-14120.999988,24458.289460
-225.500000,-390.577457
18683.000000,-0.000002
2932.999999,-5080.105019
5858.000002,10146.353629
-2669.000000,0.000000
175.500000,-303.974917
9142.000003,15834.408481
-18513.000000,0.000005
-11742.499994,20338.606611
7113.500002,12320.943419
19197.000000,-0.000004
-4020.499998,6963.710273
2887.000002,5000.430681
16877.000000,-0.000006
3613.499999,-6258.765594
-8540.000004,-14791.713894
-2151.000000,0.000001
13620.499991,-23591.398030
-497.000000,-860.829251
-177.000000,0.000000
710.000000,-1229.756073
-14193.500009,-24583.863132
-19674.000000,0.000009
-8413.500000,14572.609470
13780.500002,23868.526153
301.000000,-0.000000
4295.499998,-7440.024245
-3653.000002,-6327.181599
651.000000,-0.000000
6569.999998,-11379.573807
7421.000003,12853.549041
-819.000000,0.000000
33.500000,-58.023702
-7969.500002,-13803.578910
2495.000000,-0.000001
3330.499998,-5768.595216
-4790.000003,-8296.523367
2844.000000,-0.000000
-7969.999997,13804.444938
-1898.000001,-3287.432432
18378.000000,-0.000006
3148.499998,-5453.361969
-4682.500000,-8110.327907
-2151.000000,0.000001
-9471.999994,16405.985252
-138.000000,-239.023011
-2498.000000,-0.000000
3587.000000,-6212.866247
6227.000001,10785.480378
-175.000000,0.000000
3880.999998,-6722.089185
-4108.000000,-7115.264717
-18207.000000,0.000002
567.500000,-982.938833
-8606.000003,-14906.029248
-2368.000000,0.000001
4019.999999,-6962.844247
-344.500000,-596.691503
176.000000,-0.000000
724.500000,-1254.870810
-6313.500001,-10935.302773
-177.000000,0.000000
-1762.999999,3053.605574
7144.000004,12373.770967
-21998.000000,0.000008
-7294.000001,12633.578590
11975.000005,20741.308418
19499.000000,-0.000006
-8449.999995,14635.829327
-6521.000005,-11294.703313
346.000000,-0.000000
-3039.500000,5264.568430
7880.500002,13649.426388
-304.000000,0.000000
1051.499999,-1821.251425
8961.500001,15521.773311
19198.000000,-0.000003
14220.499995,-24630.628512
-757.500000,-1312.028487
-2799.000000,0.000000
-2473.499999,4284.227673
12949.000004,22428.325905
-3148.000000,0.000001
361.500000,-626.136367
13726.000003,23774.129383
174.000000,-0.000000
-12536.499994,21713.854952
8537.000005,14786.517742
298.000000,-0.000000
-194.500000,336.883882
1725.000001,2987.787643
-18677.000000,0.000006
-4679.999997,8105.997781
9331.000000,16161.766086
19150.000000,-0.000001
13069.499998,-22637.038031
-7285.000005,-12617.990130
-21645.000000,0.000010
-53.000000,91.798693
14131.000002,24475.609960
18978.000000,-0.000003
8236.999997,-14266.902504
-12974.500006,-22472.493199
-16004.000000,0.000002
-12208.499997,21145.742286
2369.000001,4103.228363
-222.000000,0.000000
6524.999999,-11301.631520
149.500000,258.941596
-19327.000000,0.000004
3270.499998,-5664.672167
-8164.000005,-14140.462790
19026.000000,-0.000003
-4085.499998,7076.293575
11182.500005,19368.658152
19201.000000,-0.000007
22.000000,-38.105118
-14628.000000,-25336.439213
2709.000000,-0.000000
-9340.499994,16178.220571
-1740.000001,-3013.768404
18548.000000,0.000000
-4983.500000,8631.675200
3301.500001,5718.365741
18900.000000,-0.000003
-1576.499999,2730.578099
-9771.500001,-16924.734466
21866.000000,-0.000003
-1170.000000,2026.499445
-13445.500006,-23288.289130
2369.000000,-0.000001
8181.999998,-14171.639709
545.000000,943.967690
21353.000000,-0.000005
8344.999996,-14453.963992
-13777.000003,-23862.463974
2327.000000,-0.000000
718.000000,-1243.612480
-4744.500003,-8217.715055
-16705.000000,0.000006
4104.000000,-7108.336514
-12873.000006,-22296.690043
2329.000000,-0.000001
-111.000000,192.257640
-771.000001,-1335.411172
21178.000000,-0.000000
8342.999999,-14450.499888
-12020.500003,-20820.116731
-18983.000000,0.000004
7361.999994,-12751.358049
-3382.000000,-5857.795831
16354.000000,-0.000002
3869.999999,-6703.036626
3981.500002,6896.160289
19544.000000,-0.000002
-96.500000,167.142903
-5383.000002,-9323.629496
210.000000,-0.000000
-3222.999998,5582.399754
11257.000003,19497.695939
16224.000000,-0.000003
-4212.499998,7296.264028
4043.000002,7002.681414
16875.000000,-0.000006
3504.999999,-6070.838081
-358.500000,-620.940214
512.000000,-0.000000
-7204.999995,12479.426071
2034.000000,3522.991343
-135.000000,0.000000
4973.999999,-8615.220717
-4922.500003,-8526.020098
16052.000000,-0.000007
3832.500000,-6638.084720
3178.000001,5504.457466
19243.000000,-0.000003
-8050.499997,13943.875028
7523.500004,13031.084249
19539.000000,-0.000002
5874.499998,-10174.932470
7673.500003,13290.891870
-2627.000000,0.000001
-2374.500000,4112.754643
11469.000003,19864.890710
18376.000000,-0.000004
-7724.999996,13380.092491
7392.500004,12804.185592
2193.000000,-0.000000
-4329.999998,7499.779998
608.500000,1053.952916
2842.000000,-0.000001
-5486.999996,9503.762783
-326.500000,-565.514589
19023.000000,-0.000001
-4862.499997,8422.097054
3880.000003,6720.357132
-2450.000000,0.000000
-559.000000,968.216401
3599.500001,6234.516881
17001.000000,-0.000003
-3612.499998,6257.033543
-119.000000,-206.114046
-21527.000000,0.000003
8830.999997,-15295.740683
2191.000001,3794.923319
-18855.000000,0.000006
4390.499999,-7604.569071
684.500000,1185.588778
18986.000000,-0.000005
4571.999998,-7918.936294
670.500000,1161.340066
-19024.000000,0.000004
-5071.999998,8784.961697
-3937.500002,-6819.950054
-18556.000000,0.000007
-7303.500000,12650.033073
7126.500000,12343.460080
-2191.000000,0.000001
5187.999997,-8985.879592
-8961.000007,-15520.907283
-2839.000000,0.000000
4184.999999,-7248.632630
277.500000,480.644099
-19376.000000,0.000004
-4002.499997,6932.533359
-4932.000001,-8542.474582
-16354.000000,0.000002
-12161.499996,21064.335899
7902.500004,13687.531505
18809.000000,-0.000002
4724.499999,-8183.074041
-129.500000,-224.300580
-18975.000000,0.000005
-13986.999992,24226.194650
280.000000,484.974226
18978.000000,-0.000004
13069.999994,-22637.904059
194.500000,336.883882
-18846.000000,0.000007
-3103.500000,5375.419681
-4679.000002,-8104.265727
2453.000000,-0.000001
9888.999993,-17128.250440
-4962.500000,-8595.302133
-16875.000000,0.000001
-4174.999999,7231.312122
-12531.000004,-21704.328668
-19195.000000,0.000009
-333.500000,577.638944
14228.000003,24643.618888
18815.000000,-0.000003
9321.999996,-16146.177630
-4852.000002,-8403.910517
-16351.000000,0.000002
-11258.499997,19500.294019
3664.500001,6347.100183
-19071.000000,0.000006
656.500000,-1137.091355
1653.500001,2863.946010
-21735.000000,0.000005
7935.999996,-13745.555211
-7451.000005,-12905.510565
-19068.000000,0.000003
-5268.999998,9126.175706
-13526.000007,-23427.719219
-16224.000000,0.000006
-13464.999990,23322.064130
-5750.500000,-9960.158169
2154.000000,-0.000000
-950.500000,1646.314293
-9363.000007,-16217.191707
-645.000000,0.000000
-10060.999999,17426.163176
5380.500001,9319.299369
-2669.000000,0.000001
-538.500000,932.709360
13945.500002,24154.314536
171.000000,-0.000000
-4147.999999,7184.546751
624.000000,1080.799704
645.000000,-0.000000
8995.999998,-15581.529066
800.000000,1385.640646
177.000000,-0.000000
-292.500000,506.624861
134.500000,232.960834
21349.000000,-0.000004
-886.500000,1535.463041
-3514.500002,-6087.292562
-18851.000000,0.000007
9036.500000,-15651.677122
224.500000,388.845406
-351.000000,0.000000
-7006.999995,12136.480011
7244.000006,12546.976047
-298.000000,0.000000
512.000000,-886.810014
3900.000001,6754.998149
19029.000000,-0.000004
459.000000,-795.011321
-1277.000000,-2211.828881
-2.000000,0.000000
42.000000,-72.746134
-8654.500004,-14990.033712
-18685.000000,0.000002
-4993.499999,8648.995708
292.000000,505.758836
19029.000000,-0.000005
13321.999992,-23074.380863
4002.500001,6932.533357
19026.000000,-0.000004
1157.499999,-2004.848810
-4702.000003,-8144.102896
-18810.000000,0.000008
9254.000000,-16028.398173
4388.000002,7600.238942
16480.000000,-0.000006
-3535.999998,6124.531657
-106.000000,-183.597386
-21826.000000,0.000001
8055.499998,-13952.535281
6816.000002,11805.658303
171.000000,-0.000000
-4547.000000,7875.635022
9072.000002,15713.164925
19333.000000,-0.000003
6031.999997,-10447.730473
8258.000004,14303.275566
-19026.000000,0.000002
-2713.499999,4699.919867
-4978.000002,-8622.148919
-19204.000000,0.000006
1038.500000,-1798.734764
4209.500001,7291.067874
-2193.000000,0.000001
653.000000,-1131.029178
-162.500000,-281.458256
-2498.000000,-0.000000
5439.999998,-9422.356395
14106.500008,24433.174713
-304.000000,0.000000
-4447.499997,7703.295969
9468.000000,16399.057046
21868.000000,-0.000002
469.000000,-812.331829
7631.500006,13218.145735
21484.000000,-0.000001
-7547.499999,13072.653471
6444.000002,11161.335403
20210.000000,-0.000004
-1456.499999,2522.732002
-866.500000,-1500.822025
-65.000000,0.000000
-46.000000,79.674337
57.000000,98.726896
-2.000000,0.000000
0.000000,0.000000
